sample_id,document_type,quality_profile,field_name,expected_value,predicted_value,matched,cer,wer,error_category
"DOC-00DFAED9_clean","student_id","clean","studentName","aryan bhat","aarav agarwal",0,0.9,1,"OCR_ERROR"
"DOC-00DFAED9_clean","student_id","clean","rollNumber","2019CE000744","2018IT000673",0,0.5,1,"PARTIAL_MATCH"
"DOC-00DFAED9_clean","student_id","clean","enrollmentNumber","EN201900744","",0,1,1,"FIELD_MISSING"
"DOC-00DFAED9_clean","student_id","clean","degreeName","Bachelor of Technology in Civil Engineering","",0,1,1,"FIELD_MISSING"
"DOC-00DFAED9_clean","student_id","clean","branchName","civil engineering","information technology",0,1,1,"OCR_ERROR"
"DOC-00DFAED9_clean","student_id","clean","batchYears","2019 - 2023","2018 - 2022",0,0.18181818181818182,0.6666666666666666,"PARTIAL_MATCH"
"DOC-00DFAED9_clean","student_id","clean","fatherName","prashant bhat","",0,1,1,"FIELD_MISSING"
"DOC-00DFAED9_clean","student_id","clean","motherName","meera bhat","",0,1,1,"FIELD_MISSING"
"DOC-00DFAED9_clean","student_id","clean","dateOfBirth","2004-10-04","",0,1,1,"FIELD_MISSING"
"DOC-00DFAED9_clean","student_id","clean","email","aryan.bhat744@vtu.edu.in","",0,1,1,"FIELD_MISSING"
"DOC-00DFAED9_clean","student_id","clean","phone","+91 9862200179","+91 9833977916",0,0.5714285714285714,0.5,"OCR_ERROR"
"DOC-00DFAED9_clean","student_id","clean","bloodGroup","ab+","b+",0,0.3333333333333333,1,"PARTIAL_MATCH"
"DOC-00DFAED9_clean","student_id","clean","universityName","Vivekananda Technical University","Vivekananda Technical University",1,0,0,"NONE"
"DOC-00DFAED9_clean","student_id","clean","universityCode","Vivekananda Technical University","",0,1,1,"FIELD_MISSING"
"DOC-00DFAED9_clean","student_id","clean","universityTagline","Excellence in Engineering and Research","",0,1,1,"FIELD_MISSING"
"DOC-00DFAED9_clean","student_id","clean","cgpa","6.8","0",0,1,1,"FORMAT_ERROR"
"DOC-00DFAED9_clean","student_id","clean","issueDate","2023-07-24","",0,1,1,"FIELD_MISSING"
"DOC-00DFAED9_clean","student_id","clean","subject[0].code","MA101","",0,1,1,"NONE"
"DOC-00DFAED9_clean","student_id","clean","subject[0].grade","B","",0,1,1,"NONE"
"DOC-00DFAED9_clean","student_id","clean","subject[0].credits","4","",0,1,1,"NONE"
"DOC-00DFAED9_clean","student_id","clean","subject[1].code","PH101","",0,1,1,"NONE"
"DOC-00DFAED9_clean","student_id","clean","subject[1].grade","B","",0,1,1,"NONE"
"DOC-00DFAED9_clean","student_id","clean","subject[1].credits","3","",0,1,1,"NONE"
"DOC-00DFAED9_clean","student_id","clean","subject[2].code","CE304","",0,1,1,"NONE"
"DOC-00DFAED9_clean","student_id","clean","subject[2].grade","A","",0,1,1,"NONE"
"DOC-00DFAED9_clean","student_id","clean","subject[2].credits","3","",0,1,1,"NONE"
"DOC-00DFAED9_clean","student_id","clean","subject[3].code","CE303","",0,1,1,"NONE"
"DOC-00DFAED9_clean","student_id","clean","subject[3].grade","A","",0,1,1,"NONE"
"DOC-00DFAED9_clean","student_id","clean","subject[3].credits","3","",0,1,1,"NONE"
"DOC-00DFAED9_clean","student_id","clean","subject[4].code","ES101","",0,1,1,"NONE"
"DOC-00DFAED9_clean","student_id","clean","subject[4].grade","B","",0,1,1,"NONE"
"DOC-00DFAED9_clean","student_id","clean","subject[4].credits","2","",0,1,1,"NONE"
"DOC-00DFAED9_mobile_camera","student_id","mobile_camera","studentName","aryan bhat","aarav agarwal",0,0.9,1,"OCR_ERROR"
"DOC-00DFAED9_mobile_camera","student_id","mobile_camera","rollNumber","2019CE000744","2018T000673",0,0.5,1,"PARTIAL_MATCH"
"DOC-00DFAED9_mobile_camera","student_id","mobile_camera","enrollmentNumber","EN201900744","",0,1,1,"FIELD_MISSING"
"DOC-00DFAED9_mobile_camera","student_id","mobile_camera","degreeName","Bachelor of Technology in Civil Engineering","",0,1,1,"FIELD_MISSING"
"DOC-00DFAED9_mobile_camera","student_id","mobile_camera","branchName","civil engineering","information technology",0,1,1,"OCR_ERROR"
"DOC-00DFAED9_mobile_camera","student_id","mobile_camera","batchYears","2019 - 2023","2018 - 2022",0,0.18181818181818182,0.6666666666666666,"PARTIAL_MATCH"
"DOC-00DFAED9_mobile_camera","student_id","mobile_camera","fatherName","prashant bhat","",0,1,1,"FIELD_MISSING"
"DOC-00DFAED9_mobile_camera","student_id","mobile_camera","motherName","meera bhat","",0,1,1,"FIELD_MISSING"
"DOC-00DFAED9_mobile_camera","student_id","mobile_camera","dateOfBirth","2004-10-04","",0,1,1,"FIELD_MISSING"
"DOC-00DFAED9_mobile_camera","student_id","mobile_camera","email","aryan.bhat744@vtu.edu.in","",0,1,1,"FIELD_MISSING"
"DOC-00DFAED9_mobile_camera","student_id","mobile_camera","phone","+91 9862200179","+91 9833977916",0,0.5714285714285714,0.5,"OCR_ERROR"
"DOC-00DFAED9_mobile_camera","student_id","mobile_camera","bloodGroup","ab+","b+",0,0.3333333333333333,1,"PARTIAL_MATCH"
"DOC-00DFAED9_mobile_camera","student_id","mobile_camera","universityName","Vivekananda Technical University","Vivekananda Technical University",1,0,0,"NONE"
"DOC-00DFAED9_mobile_camera","student_id","mobile_camera","universityCode","Vivekananda Technical University","",0,1,1,"FIELD_MISSING"
"DOC-00DFAED9_mobile_camera","student_id","mobile_camera","universityTagline","Excellence in Engineering and Research","",0,1,1,"FIELD_MISSING"
"DOC-00DFAED9_mobile_camera","student_id","mobile_camera","cgpa","6.8","0",0,1,1,"FORMAT_ERROR"
"DOC-00DFAED9_mobile_camera","student_id","mobile_camera","issueDate","2023-07-24","",0,1,1,"FIELD_MISSING"
"DOC-00DFAED9_mobile_camera","student_id","mobile_camera","subject[0].code","MA101","",0,1,1,"NONE"
"DOC-00DFAED9_mobile_camera","student_id","mobile_camera","subject[0].grade","B","",0,1,1,"NONE"
"DOC-00DFAED9_mobile_camera","student_id","mobile_camera","subject[0].credits","4","",0,1,1,"NONE"
"DOC-00DFAED9_mobile_camera","student_id","mobile_camera","subject[1].code","PH101","",0,1,1,"NONE"
"DOC-00DFAED9_mobile_camera","student_id","mobile_camera","subject[1].grade","B","",0,1,1,"NONE"
"DOC-00DFAED9_mobile_camera","student_id","mobile_camera","subject[1].credits","3","",0,1,1,"NONE"
"DOC-00DFAED9_mobile_camera","student_id","mobile_camera","subject[2].code","CE304","",0,1,1,"NONE"
"DOC-00DFAED9_mobile_camera","student_id","mobile_camera","subject[2].grade","A","",0,1,1,"NONE"
"DOC-00DFAED9_mobile_camera","student_id","mobile_camera","subject[2].credits","3","",0,1,1,"NONE"
"DOC-00DFAED9_mobile_camera","student_id","mobile_camera","subject[3].code","CE303","",0,1,1,"NONE"
"DOC-00DFAED9_mobile_camera","student_id","mobile_camera","subject[3].grade","A","",0,1,1,"NONE"
"DOC-00DFAED9_mobile_camera","student_id","mobile_camera","subject[3].credits","3","",0,1,1,"NONE"
"DOC-00DFAED9_mobile_camera","student_id","mobile_camera","subject[4].code","ES101","",0,1,1,"NONE"
"DOC-00DFAED9_mobile_camera","student_id","mobile_camera","subject[4].grade","B","",0,1,1,"NONE"
"DOC-00DFAED9_mobile_camera","student_id","mobile_camera","subject[4].credits","2","",0,1,1,"NONE"
"DOC-00DFAED9_rotated_90","student_id","rotated_90","studentName","aryan bhat","aarav agarwal",0,0.9,1,"OCR_ERROR"
"DOC-00DFAED9_rotated_90","student_id","rotated_90","rollNumber","2019CE000744","2018I1000673",0,0.5,1,"PARTIAL_MATCH"
"DOC-00DFAED9_rotated_90","student_id","rotated_90","enrollmentNumber","EN201900744","",0,1,1,"FIELD_MISSING"
"DOC-00DFAED9_rotated_90","student_id","rotated_90","degreeName","Bachelor of Technology in Civil Engineering","",0,1,1,"FIELD_MISSING"
"DOC-00DFAED9_rotated_90","student_id","rotated_90","branchName","civil engineering","information technology",0,1,1,"OCR_ERROR"
"DOC-00DFAED9_rotated_90","student_id","rotated_90","batchYears","2019 - 2023","2022",0,0.6363636363636364,1,"OCR_ERROR"
"DOC-00DFAED9_rotated_90","student_id","rotated_90","fatherName","prashant bhat","",0,1,1,"FIELD_MISSING"
"DOC-00DFAED9_rotated_90","student_id","rotated_90","motherName","meera bhat","",0,1,1,"FIELD_MISSING"
"DOC-00DFAED9_rotated_90","student_id","rotated_90","dateOfBirth","2004-10-04","",0,1,1,"FIELD_MISSING"
"DOC-00DFAED9_rotated_90","student_id","rotated_90","email","aryan.bhat744@vtu.edu.in","",0,1,1,"FIELD_MISSING"
"DOC-00DFAED9_rotated_90","student_id","rotated_90","phone","+91 9862200179","+91 9833779716",0,0.5714285714285714,0.5,"OCR_ERROR"
"DOC-00DFAED9_rotated_90","student_id","rotated_90","bloodGroup","ab+","b+",0,0.3333333333333333,1,"PARTIAL_MATCH"
"DOC-00DFAED9_rotated_90","student_id","rotated_90","universityName","Vivekananda Technical University","Vivekananda Technical University",1,0,0,"NONE"
"DOC-00DFAED9_rotated_90","student_id","rotated_90","universityCode","Vivekananda Technical University","",0,1,1,"FIELD_MISSING"
"DOC-00DFAED9_rotated_90","student_id","rotated_90","universityTagline","Excellence in Engineering and Research","",0,1,1,"FIELD_MISSING"
"DOC-00DFAED9_rotated_90","student_id","rotated_90","cgpa","6.8","0",0,1,1,"FORMAT_ERROR"
"DOC-00DFAED9_rotated_90","student_id","rotated_90","issueDate","2023-07-24","2022-04-11",0,0.4,1,"FORMAT_ERROR"
"DOC-00DFAED9_rotated_90","student_id","rotated_90","subject[0].code","MA101","",0,1,1,"NONE"
"DOC-00DFAED9_rotated_90","student_id","rotated_90","subject[0].grade","B","",0,1,1,"NONE"
"DOC-00DFAED9_rotated_90","student_id","rotated_90","subject[0].credits","4","",0,1,1,"NONE"
"DOC-00DFAED9_rotated_90","student_id","rotated_90","subject[1].code","PH101","",0,1,1,"NONE"
"DOC-00DFAED9_rotated_90","student_id","rotated_90","subject[1].grade","B","",0,1,1,"NONE"
"DOC-00DFAED9_rotated_90","student_id","rotated_90","subject[1].credits","3","",0,1,1,"NONE"
"DOC-00DFAED9_rotated_90","student_id","rotated_90","subject[2].code","CE304","",0,1,1,"NONE"
"DOC-00DFAED9_rotated_90","student_id","rotated_90","subject[2].grade","A","",0,1,1,"NONE"
"DOC-00DFAED9_rotated_90","student_id","rotated_90","subject[2].credits","3","",0,1,1,"NONE"
"DOC-00DFAED9_rotated_90","student_id","rotated_90","subject[3].code","CE303","",0,1,1,"NONE"
"DOC-00DFAED9_rotated_90","student_id","rotated_90","subject[3].grade","A","",0,1,1,"NONE"
"DOC-00DFAED9_rotated_90","student_id","rotated_90","subject[3].credits","3","",0,1,1,"NONE"
"DOC-00DFAED9_rotated_90","student_id","rotated_90","subject[4].code","ES101","",0,1,1,"NONE"
"DOC-00DFAED9_rotated_90","student_id","rotated_90","subject[4].grade","B","",0,1,1,"NONE"
"DOC-00DFAED9_rotated_90","student_id","rotated_90","subject[4].credits","2","",0,1,1,"NONE"
"DOC-00DFAED9_scanner_copy","student_id","scanner_copy","studentName","aryan bhat","aarav agarwal",0,0.9,1,"OCR_ERROR"
"DOC-00DFAED9_scanner_copy","student_id","scanner_copy","rollNumber","2019CE000744","2018IT000673",0,0.5,1,"PARTIAL_MATCH"
"DOC-00DFAED9_scanner_copy","student_id","scanner_copy","enrollmentNumber","EN201900744","",0,1,1,"FIELD_MISSING"
"DOC-00DFAED9_scanner_copy","student_id","scanner_copy","degreeName","Bachelor of Technology in Civil Engineering","",0,1,1,"FIELD_MISSING"
"DOC-00DFAED9_scanner_copy","student_id","scanner_copy","branchName","civil engineering","information technology",0,1,1,"OCR_ERROR"
"DOC-00DFAED9_scanner_copy","student_id","scanner_copy","batchYears","2019 - 2023","2018 - 2022",0,0.18181818181818182,0.6666666666666666,"PARTIAL_MATCH"
"DOC-00DFAED9_scanner_copy","student_id","scanner_copy","fatherName","prashant bhat","",0,1,1,"FIELD_MISSING"
"DOC-00DFAED9_scanner_copy","student_id","scanner_copy","motherName","meera bhat","",0,1,1,"FIELD_MISSING"
"DOC-00DFAED9_scanner_copy","student_id","scanner_copy","dateOfBirth","2004-10-04","",0,1,1,"FIELD_MISSING"
"DOC-00DFAED9_scanner_copy","student_id","scanner_copy","email","aryan.bhat744@vtu.edu.in","",0,1,1,"FIELD_MISSING"
"DOC-00DFAED9_scanner_copy","student_id","scanner_copy","phone","+91 9862200179","+91 9833977916",0,0.5714285714285714,0.5,"OCR_ERROR"
"DOC-00DFAED9_scanner_copy","student_id","scanner_copy","bloodGroup","ab+","b+",0,0.3333333333333333,1,"PARTIAL_MATCH"
"DOC-00DFAED9_scanner_copy","student_id","scanner_copy","universityName","Vivekananda Technical University","Vivekananda Technical University",1,0,0,"NONE"
"DOC-00DFAED9_scanner_copy","student_id","scanner_copy","universityCode","Vivekananda Technical University","",0,1,1,"FIELD_MISSING"
"DOC-00DFAED9_scanner_copy","student_id","scanner_copy","universityTagline","Excellence in Engineering and Research","STUDENT IDENTITY CARD",0,0.8947368421052632,1,"OCR_ERROR"
"DOC-00DFAED9_scanner_copy","student_id","scanner_copy","cgpa","6.8","0",0,1,1,"FORMAT_ERROR"
"DOC-00DFAED9_scanner_copy","student_id","scanner_copy","issueDate","2023-07-24","",0,1,1,"FIELD_MISSING"
"DOC-00DFAED9_scanner_copy","student_id","scanner_copy","subject[0].code","MA101","",0,1,1,"NONE"
"DOC-00DFAED9_scanner_copy","student_id","scanner_copy","subject[0].grade","B","",0,1,1,"NONE"
"DOC-00DFAED9_scanner_copy","student_id","scanner_copy","subject[0].credits","4","",0,1,1,"NONE"
"DOC-00DFAED9_scanner_copy","student_id","scanner_copy","subject[1].code","PH101","",0,1,1,"NONE"
"DOC-00DFAED9_scanner_copy","student_id","scanner_copy","subject[1].grade","B","",0,1,1,"NONE"
"DOC-00DFAED9_scanner_copy","student_id","scanner_copy","subject[1].credits","3","",0,1,1,"NONE"
"DOC-00DFAED9_scanner_copy","student_id","scanner_copy","subject[2].code","CE304","",0,1,1,"NONE"
"DOC-00DFAED9_scanner_copy","student_id","scanner_copy","subject[2].grade","A","",0,1,1,"NONE"
"DOC-00DFAED9_scanner_copy","student_id","scanner_copy","subject[2].credits","3","",0,1,1,"NONE"
"DOC-00DFAED9_scanner_copy","student_id","scanner_copy","subject[3].code","CE303","",0,1,1,"NONE"
"DOC-00DFAED9_scanner_copy","student_id","scanner_copy","subject[3].grade","A","",0,1,1,"NONE"
"DOC-00DFAED9_scanner_copy","student_id","scanner_copy","subject[3].credits","3","",0,1,1,"NONE"
"DOC-00DFAED9_scanner_copy","student_id","scanner_copy","subject[4].code","ES101","",0,1,1,"NONE"
"DOC-00DFAED9_scanner_copy","student_id","scanner_copy","subject[4].grade","B","",0,1,1,"NONE"
"DOC-00DFAED9_scanner_copy","student_id","scanner_copy","subject[4].credits","2","",0,1,1,"NONE"
"DOC-0202119F_clean","marksheet","clean","studentName","dev agarwal","nisha gupta",0,0.8181818181818182,1,"OCR_ERROR"
"DOC-0202119F_clean","marksheet","clean","rollNumber","2019CE000884","2019EE000976",0,0.3333333333333333,1,"PARTIAL_MATCH"
"DOC-0202119F_clean","marksheet","clean","enrollmentNumber","EN201900884","EN201900976",0,0.2727272727272727,1,"PARTIAL_MATCH"
"DOC-0202119F_clean","marksheet","clean","degreeName","Bachelor of Technology in Civil Engineering","Electrical Engineering",0,0.6046511627906976,0.8333333333333334,"OCR_ERROR"
"DOC-0202119F_clean","marksheet","clean","branchName","civil engineering","",0,1,1,"FIELD_MISSING"
"DOC-0202119F_clean","marksheet","clean","batchYears","2019 - 2023","2019 - 2023",1,0,0,"NONE"
"DOC-0202119F_clean","marksheet","clean","fatherName","dev agarwal","",0,1,1,"FIELD_MISSING"
"DOC-0202119F_clean","marksheet","clean","motherName","trisha agarwal","",0,1,1,"FIELD_MISSING"
"DOC-0202119F_clean","marksheet","clean","dateOfBirth","2002-04-04","",0,1,1,"FIELD_MISSING"
"DOC-0202119F_clean","marksheet","clean","email","dev.agarwal884@vtu.edu.in","",0,1,1,"FIELD_MISSING"
"DOC-0202119F_clean","marksheet","clean","phone","+91 9865041724","",0,1,1,"FIELD_MISSING"
"DOC-0202119F_clean","marksheet","clean","bloodGroup","o-","",0,1,1,"FIELD_MISSING"
"DOC-0202119F_clean","marksheet","clean","universityName","Vivekananda Technical University","Indira Gandhi College of Engineering",0,0.8125,1,"OCR_ERROR"
"DOC-0202119F_clean","marksheet","clean","universityCode","Vivekananda Technical University","",0,1,1,"FIELD_MISSING"
"DOC-0202119F_clean","marksheet","clean","universityTagline","Excellence in Engineering and Research","Empowering Minds, Shaping Future",0,0.7894736842105263,1,"OCR_ERROR"
"DOC-0202119F_clean","marksheet","clean","cgpa","7.07","6.49",0,1,1,"FORMAT_ERROR"
"DOC-0202119F_clean","marksheet","clean","issueDate","2023-12-06","2023-02-12",0,0.3,1,"FORMAT_ERROR"
"DOC-0202119F_clean","marksheet","clean","subject[0].code","ES101","",0,1,1,"NONE"
"DOC-0202119F_clean","marksheet","clean","subject[0].grade","A+","",0,1,1,"NONE"
"DOC-0202119F_clean","marksheet","clean","subject[0].credits","2","",0,1,1,"NONE"
"DOC-0202119F_clean","marksheet","clean","subject[1].code","MA102","",0,1,1,"NONE"
"DOC-0202119F_clean","marksheet","clean","subject[1].grade","A","",0,1,1,"NONE"
"DOC-0202119F_clean","marksheet","clean","subject[1].credits","4","",0,1,1,"NONE"
"DOC-0202119F_clean","marksheet","clean","subject[2].code","CE302","",0,1,1,"NONE"
"DOC-0202119F_clean","marksheet","clean","subject[2].grade","A","",0,1,1,"NONE"
"DOC-0202119F_clean","marksheet","clean","subject[2].credits","3","",0,1,1,"NONE"
"DOC-0202119F_clean","marksheet","clean","subject[3].code","CE202","",0,1,1,"NONE"
"DOC-0202119F_clean","marksheet","clean","subject[3].grade","A+","",0,1,1,"NONE"
"DOC-0202119F_clean","marksheet","clean","subject[3].credits","3","",0,1,1,"NONE"
"DOC-0202119F_clean","marksheet","clean","subject[4].code","CE204","",0,1,1,"NONE"
"DOC-0202119F_clean","marksheet","clean","subject[4].grade","O","",0,1,1,"NONE"
"DOC-0202119F_clean","marksheet","clean","subject[4].credits","3","",0,1,1,"NONE"
"DOC-0202119F_clean","marksheet","clean","subject[5].code","CE202","",0,1,1,"NONE"
"DOC-0202119F_clean","marksheet","clean","subject[5].grade","C","",0,1,1,"NONE"
"DOC-0202119F_clean","marksheet","clean","subject[5].credits","3","",0,1,1,"NONE"
"DOC-0202119F_clean","marksheet","clean","subject[6].code","CH101","",0,1,1,"NONE"
"DOC-0202119F_clean","marksheet","clean","subject[6].grade","C","",0,1,1,"NONE"
"DOC-0202119F_clean","marksheet","clean","subject[6].credits","3","",0,1,1,"NONE"
"DOC-0202119F_clean","marksheet","clean","subject[7].code","MA102","",0,1,1,"NONE"
"DOC-0202119F_clean","marksheet","clean","subject[7].grade","C","",0,1,1,"NONE"
"DOC-0202119F_clean","marksheet","clean","subject[7].credits","4","",0,1,1,"NONE"
"DOC-0202119F_clean","marksheet","clean","subject[8].code","PH101","",0,1,1,"NONE"
"DOC-0202119F_clean","marksheet","clean","subject[8].grade","C","",0,1,1,"NONE"
"DOC-0202119F_clean","marksheet","clean","subject[8].credits","3","",0,1,1,"NONE"
"DOC-0202119F_clean","marksheet","clean","subject[9].code","CE203","",0,1,1,"NONE"
"DOC-0202119F_clean","marksheet","clean","subject[9].grade","C","",0,1,1,"NONE"
"DOC-0202119F_clean","marksheet","clean","subject[9].credits","3","",0,1,1,"NONE"
"DOC-0202119F_clean","marksheet","clean","subject[10].code","CH101","",0,1,1,"NONE"
"DOC-0202119F_clean","marksheet","clean","subject[10].grade","C","",0,1,1,"NONE"
"DOC-0202119F_clean","marksheet","clean","subject[10].credits","3","",0,1,1,"NONE"
"DOC-0202119F_clean","marksheet","clean","subject[11].code","CE304","",0,1,1,"NONE"
"DOC-0202119F_clean","marksheet","clean","subject[11].grade","B+","",0,1,1,"NONE"
"DOC-0202119F_clean","marksheet","clean","subject[11].credits","3","",0,1,1,"NONE"
"DOC-0202119F_clean","marksheet","clean","subject[12].code","MA102","",0,1,1,"NONE"
"DOC-0202119F_clean","marksheet","clean","subject[12].grade","B","",0,1,1,"NONE"
"DOC-0202119F_clean","marksheet","clean","subject[12].credits","4","",0,1,1,"NONE"
"DOC-0202119F_clean","marksheet","clean","subject[13].code","ES101","",0,1,1,"NONE"
"DOC-0202119F_clean","marksheet","clean","subject[13].grade","B+","",0,1,1,"NONE"
"DOC-0202119F_clean","marksheet","clean","subject[13].credits","2","",0,1,1,"NONE"
"DOC-0202119F_clean","marksheet","clean","subject[14].code","CE202","",0,1,1,"NONE"
"DOC-0202119F_clean","marksheet","clean","subject[14].grade","B","",0,1,1,"NONE"
"DOC-0202119F_clean","marksheet","clean","subject[14].credits","3","",0,1,1,"NONE"
"DOC-0202119F_clean","marksheet","clean","subject[15].code","CH101","",0,1,1,"NONE"
"DOC-0202119F_clean","marksheet","clean","subject[15].grade","A","",0,1,1,"NONE"
"DOC-0202119F_clean","marksheet","clean","subject[15].credits","3","",0,1,1,"NONE"
"DOC-0202119F_clean","marksheet","clean","subject[16].code","ES101","",0,1,1,"NONE"
"DOC-0202119F_clean","marksheet","clean","subject[16].grade","B+","",0,1,1,"NONE"
"DOC-0202119F_clean","marksheet","clean","subject[16].credits","2","",0,1,1,"NONE"
"DOC-0202119F_clean","marksheet","clean","subject[17].code","CE304","",0,1,1,"NONE"
"DOC-0202119F_clean","marksheet","clean","subject[17].grade","B+","",0,1,1,"NONE"
"DOC-0202119F_clean","marksheet","clean","subject[17].credits","3","",0,1,1,"NONE"
"DOC-0202119F_clean","marksheet","clean","subject[18].code","CE203","",0,1,1,"NONE"
"DOC-0202119F_clean","marksheet","clean","subject[18].grade","B+","",0,1,1,"NONE"
"DOC-0202119F_clean","marksheet","clean","subject[18].credits","3","",0,1,1,"NONE"
"DOC-0202119F_clean","marksheet","clean","subject[19].code","CE302","",0,1,1,"NONE"
"DOC-0202119F_clean","marksheet","clean","subject[19].grade","A","",0,1,1,"NONE"
"DOC-0202119F_clean","marksheet","clean","subject[19].credits","3","",0,1,1,"NONE"
"DOC-0202119F_clean","marksheet","clean","subject[20].code","PH101","",0,1,1,"NONE"
"DOC-0202119F_clean","marksheet","clean","subject[20].grade","A+","",0,1,1,"NONE"
"DOC-0202119F_clean","marksheet","clean","subject[20].credits","3","",0,1,1,"NONE"
"DOC-0202119F_clean","marksheet","clean","subject[21].code","CH101","",0,1,1,"NONE"
"DOC-0202119F_clean","marksheet","clean","subject[21].grade","A+","",0,1,1,"NONE"
"DOC-0202119F_clean","marksheet","clean","subject[21].credits","3","",0,1,1,"NONE"
"DOC-0202119F_clean","marksheet","clean","subject[22].code","HS101","",0,1,1,"NONE"
"DOC-0202119F_clean","marksheet","clean","subject[22].grade","A+","",0,1,1,"NONE"
"DOC-0202119F_clean","marksheet","clean","subject[22].credits","2","",0,1,1,"NONE"
"DOC-0202119F_clean","marksheet","clean","subject[23].code","CE304","",0,1,1,"NONE"
"DOC-0202119F_clean","marksheet","clean","subject[23].grade","A+","",0,1,1,"NONE"
"DOC-0202119F_clean","marksheet","clean","subject[23].credits","3","",0,1,1,"NONE"
"DOC-0202119F_clean","marksheet","clean","subject[24].code","CE205","",0,1,1,"NONE"
"DOC-0202119F_clean","marksheet","clean","subject[24].grade","B+","",0,1,1,"NONE"
"DOC-0202119F_clean","marksheet","clean","subject[24].credits","3","",0,1,1,"NONE"
"DOC-0202119F_clean","marksheet","clean","subject[25].code","CE304","",0,1,1,"NONE"
"DOC-0202119F_clean","marksheet","clean","subject[25].grade","B","",0,1,1,"NONE"
"DOC-0202119F_clean","marksheet","clean","subject[25].credits","3","",0,1,1,"NONE"
"DOC-0202119F_clean","marksheet","clean","subject[26].code","MA102","",0,1,1,"NONE"
"DOC-0202119F_clean","marksheet","clean","subject[26].grade","B","",0,1,1,"NONE"
"DOC-0202119F_clean","marksheet","clean","subject[26].credits","4","",0,1,1,"NONE"
"DOC-0202119F_clean","marksheet","clean","subject[27].code","CH101","",0,1,1,"NONE"
"DOC-0202119F_clean","marksheet","clean","subject[27].grade","C","",0,1,1,"NONE"
"DOC-0202119F_clean","marksheet","clean","subject[27].credits","3","",0,1,1,"NONE"
"DOC-0202119F_clean","marksheet","clean","subject[28].code","CE303","",0,1,1,"NONE"
"DOC-0202119F_clean","marksheet","clean","subject[28].grade","B+","",0,1,1,"NONE"
"DOC-0202119F_clean","marksheet","clean","subject[28].credits","3","",0,1,1,"NONE"
"DOC-0202119F_clean","marksheet","clean","subject[29].code","CE202","",0,1,1,"NONE"
"DOC-0202119F_clean","marksheet","clean","subject[29].grade","B","",0,1,1,"NONE"
"DOC-0202119F_clean","marksheet","clean","subject[29].credits","3","",0,1,1,"NONE"
"DOC-0202119F_clean","marksheet","clean","subject[30].code","CE201","",0,1,1,"NONE"
"DOC-0202119F_clean","marksheet","clean","subject[30].grade","B","",0,1,1,"NONE"
"DOC-0202119F_clean","marksheet","clean","subject[30].credits","4","",0,1,1,"NONE"
"DOC-0202119F_clean","marksheet","clean","subject[31].code","CE203","",0,1,1,"NONE"
"DOC-0202119F_clean","marksheet","clean","subject[31].grade","C","",0,1,1,"NONE"
"DOC-0202119F_clean","marksheet","clean","subject[31].credits","3","",0,1,1,"NONE"
"DOC-0202119F_clean","marksheet","clean","subject[32].code","CE205","",0,1,1,"NONE"
"DOC-0202119F_clean","marksheet","clean","subject[32].grade","B","",0,1,1,"NONE"
"DOC-0202119F_clean","marksheet","clean","subject[32].credits","3","",0,1,1,"NONE"
"DOC-0202119F_clean","marksheet","clean","subject[33].code","HS101","",0,1,1,"NONE"
"DOC-0202119F_clean","marksheet","clean","subject[33].grade","B","",0,1,1,"NONE"
"DOC-0202119F_clean","marksheet","clean","subject[33].credits","2","",0,1,1,"NONE"
"DOC-0202119F_clean","marksheet","clean","subject[34].code","PH101","",0,1,1,"NONE"
"DOC-0202119F_clean","marksheet","clean","subject[34].grade","C","",0,1,1,"NONE"
"DOC-0202119F_clean","marksheet","clean","subject[34].credits","3","",0,1,1,"NONE"
"DOC-0202119F_clean","marksheet","clean","subject[35].code","CE304","",0,1,1,"NONE"
"DOC-0202119F_clean","marksheet","clean","subject[35].grade","A+","",0,1,1,"NONE"
"DOC-0202119F_clean","marksheet","clean","subject[35].credits","3","",0,1,1,"NONE"
"DOC-0202119F_clean","marksheet","clean","subject[36].code","CE204","",0,1,1,"NONE"
"DOC-0202119F_clean","marksheet","clean","subject[36].grade","O","",0,1,1,"NONE"
"DOC-0202119F_clean","marksheet","clean","subject[36].credits","3","",0,1,1,"NONE"
"DOC-0202119F_clean","marksheet","clean","subject[37].code","MA102","",0,1,1,"NONE"
"DOC-0202119F_clean","marksheet","clean","subject[37].grade","A","",0,1,1,"NONE"
"DOC-0202119F_clean","marksheet","clean","subject[37].credits","4","",0,1,1,"NONE"
"DOC-0202119F_clean","marksheet","clean","subject[38].code","CE302","",0,1,1,"NONE"
"DOC-0202119F_clean","marksheet","clean","subject[38].grade","O","",0,1,1,"NONE"
"DOC-0202119F_clean","marksheet","clean","subject[38].credits","3","",0,1,1,"NONE"
"DOC-0202119F_clean","marksheet","clean","subject[39].code","CE301","",0,1,1,"NONE"
"DOC-0202119F_clean","marksheet","clean","subject[39].grade","A+","",0,1,1,"NONE"
"DOC-0202119F_clean","marksheet","clean","subject[39].credits","4","",0,1,1,"NONE"
"DOC-0202119F_mobile_camera","marksheet","mobile_camera","studentName","dev agarwal","nisha gupta",0,0.8181818181818182,1,"OCR_ERROR"
"DOC-0202119F_mobile_camera","marksheet","mobile_camera","rollNumber","2019CE000884","2019EE000976",0,0.3333333333333333,1,"PARTIAL_MATCH"
"DOC-0202119F_mobile_camera","marksheet","mobile_camera","enrollmentNumber","EN201900884","EN201900976",0,0.2727272727272727,1,"PARTIAL_MATCH"
"DOC-0202119F_mobile_camera","marksheet","mobile_camera","degreeName","Bachelor of Technology in Civil Engineering","Electrical Engineering",0,0.6046511627906976,0.8333333333333334,"OCR_ERROR"
"DOC-0202119F_mobile_camera","marksheet","mobile_camera","branchName","civil engineering","",0,1,1,"FIELD_MISSING"
"DOC-0202119F_mobile_camera","marksheet","mobile_camera","batchYears","2019 - 2023","2019 - 2023",1,0,0,"NONE"
"DOC-0202119F_mobile_camera","marksheet","mobile_camera","fatherName","dev agarwal","",0,1,1,"FIELD_MISSING"
"DOC-0202119F_mobile_camera","marksheet","mobile_camera","motherName","trisha agarwal","",0,1,1,"FIELD_MISSING"
"DOC-0202119F_mobile_camera","marksheet","mobile_camera","dateOfBirth","2002-04-04","",0,1,1,"FIELD_MISSING"
"DOC-0202119F_mobile_camera","marksheet","mobile_camera","email","dev.agarwal884@vtu.edu.in","",0,1,1,"FIELD_MISSING"
"DOC-0202119F_mobile_camera","marksheet","mobile_camera","phone","+91 9865041724","",0,1,1,"FIELD_MISSING"
"DOC-0202119F_mobile_camera","marksheet","mobile_camera","bloodGroup","o-","",0,1,1,"FIELD_MISSING"
"DOC-0202119F_mobile_camera","marksheet","mobile_camera","universityName","Vivekananda Technical University","Indira Gandhi College of Engineering",0,0.8125,1,"OCR_ERROR"
"DOC-0202119F_mobile_camera","marksheet","mobile_camera","universityCode","Vivekananda Technical University","",0,1,1,"FIELD_MISSING"
"DOC-0202119F_mobile_camera","marksheet","mobile_camera","universityTagline","Excellence in Engineering and Research","Empowering Minds, Shaping Future",0,0.7894736842105263,1,"OCR_ERROR"
"DOC-0202119F_mobile_camera","marksheet","mobile_camera","cgpa","7.07","6.49",0,1,1,"FORMAT_ERROR"
"DOC-0202119F_mobile_camera","marksheet","mobile_camera","issueDate","2023-12-06","2023-02-12",0,0.3,1,"FORMAT_ERROR"
"DOC-0202119F_mobile_camera","marksheet","mobile_camera","subject[0].code","ES101","",0,1,1,"NONE"
"DOC-0202119F_mobile_camera","marksheet","mobile_camera","subject[0].grade","A+","",0,1,1,"NONE"
"DOC-0202119F_mobile_camera","marksheet","mobile_camera","subject[0].credits","2","",0,1,1,"NONE"
"DOC-0202119F_mobile_camera","marksheet","mobile_camera","subject[1].code","MA102","",0,1,1,"NONE"
"DOC-0202119F_mobile_camera","marksheet","mobile_camera","subject[1].grade","A","",0,1,1,"NONE"
"DOC-0202119F_mobile_camera","marksheet","mobile_camera","subject[1].credits","4","",0,1,1,"NONE"
"DOC-0202119F_mobile_camera","marksheet","mobile_camera","subject[2].code","CE302","",0,1,1,"NONE"
"DOC-0202119F_mobile_camera","marksheet","mobile_camera","subject[2].grade","A","",0,1,1,"NONE"
"DOC-0202119F_mobile_camera","marksheet","mobile_camera","subject[2].credits","3","",0,1,1,"NONE"
"DOC-0202119F_mobile_camera","marksheet","mobile_camera","subject[3].code","CE202","",0,1,1,"NONE"
"DOC-0202119F_mobile_camera","marksheet","mobile_camera","subject[3].grade","A+","",0,1,1,"NONE"
"DOC-0202119F_mobile_camera","marksheet","mobile_camera","subject[3].credits","3","",0,1,1,"NONE"
"DOC-0202119F_mobile_camera","marksheet","mobile_camera","subject[4].code","CE204","",0,1,1,"NONE"
"DOC-0202119F_mobile_camera","marksheet","mobile_camera","subject[4].grade","O","",0,1,1,"NONE"
"DOC-0202119F_mobile_camera","marksheet","mobile_camera","subject[4].credits","3","",0,1,1,"NONE"
"DOC-0202119F_mobile_camera","marksheet","mobile_camera","subject[5].code","CE202","",0,1,1,"NONE"
"DOC-0202119F_mobile_camera","marksheet","mobile_camera","subject[5].grade","C","",0,1,1,"NONE"
"DOC-0202119F_mobile_camera","marksheet","mobile_camera","subject[5].credits","3","",0,1,1,"NONE"
"DOC-0202119F_mobile_camera","marksheet","mobile_camera","subject[6].code","CH101","",0,1,1,"NONE"
"DOC-0202119F_mobile_camera","marksheet","mobile_camera","subject[6].grade","C","",0,1,1,"NONE"
"DOC-0202119F_mobile_camera","marksheet","mobile_camera","subject[6].credits","3","",0,1,1,"NONE"
"DOC-0202119F_mobile_camera","marksheet","mobile_camera","subject[7].code","MA102","",0,1,1,"NONE"
"DOC-0202119F_mobile_camera","marksheet","mobile_camera","subject[7].grade","C","",0,1,1,"NONE"
"DOC-0202119F_mobile_camera","marksheet","mobile_camera","subject[7].credits","4","",0,1,1,"NONE"
"DOC-0202119F_mobile_camera","marksheet","mobile_camera","subject[8].code","PH101","",0,1,1,"NONE"
"DOC-0202119F_mobile_camera","marksheet","mobile_camera","subject[8].grade","C","",0,1,1,"NONE"
"DOC-0202119F_mobile_camera","marksheet","mobile_camera","subject[8].credits","3","",0,1,1,"NONE"
"DOC-0202119F_mobile_camera","marksheet","mobile_camera","subject[9].code","CE203","",0,1,1,"NONE"
"DOC-0202119F_mobile_camera","marksheet","mobile_camera","subject[9].grade","C","",0,1,1,"NONE"
"DOC-0202119F_mobile_camera","marksheet","mobile_camera","subject[9].credits","3","",0,1,1,"NONE"
"DOC-0202119F_mobile_camera","marksheet","mobile_camera","subject[10].code","CH101","",0,1,1,"NONE"
"DOC-0202119F_mobile_camera","marksheet","mobile_camera","subject[10].grade","C","",0,1,1,"NONE"
"DOC-0202119F_mobile_camera","marksheet","mobile_camera","subject[10].credits","3","",0,1,1,"NONE"
"DOC-0202119F_mobile_camera","marksheet","mobile_camera","subject[11].code","CE304","",0,1,1,"NONE"
"DOC-0202119F_mobile_camera","marksheet","mobile_camera","subject[11].grade","B+","",0,1,1,"NONE"
"DOC-0202119F_mobile_camera","marksheet","mobile_camera","subject[11].credits","3","",0,1,1,"NONE"
"DOC-0202119F_mobile_camera","marksheet","mobile_camera","subject[12].code","MA102","",0,1,1,"NONE"
"DOC-0202119F_mobile_camera","marksheet","mobile_camera","subject[12].grade","B","",0,1,1,"NONE"
"DOC-0202119F_mobile_camera","marksheet","mobile_camera","subject[12].credits","4","",0,1,1,"NONE"
"DOC-0202119F_mobile_camera","marksheet","mobile_camera","subject[13].code","ES101","",0,1,1,"NONE"
"DOC-0202119F_mobile_camera","marksheet","mobile_camera","subject[13].grade","B+","",0,1,1,"NONE"
"DOC-0202119F_mobile_camera","marksheet","mobile_camera","subject[13].credits","2","",0,1,1,"NONE"
"DOC-0202119F_mobile_camera","marksheet","mobile_camera","subject[14].code","CE202","",0,1,1,"NONE"
"DOC-0202119F_mobile_camera","marksheet","mobile_camera","subject[14].grade","B","",0,1,1,"NONE"
"DOC-0202119F_mobile_camera","marksheet","mobile_camera","subject[14].credits","3","",0,1,1,"NONE"
"DOC-0202119F_mobile_camera","marksheet","mobile_camera","subject[15].code","CH101","",0,1,1,"NONE"
"DOC-0202119F_mobile_camera","marksheet","mobile_camera","subject[15].grade","A","",0,1,1,"NONE"
"DOC-0202119F_mobile_camera","marksheet","mobile_camera","subject[15].credits","3","",0,1,1,"NONE"
"DOC-0202119F_mobile_camera","marksheet","mobile_camera","subject[16].code","ES101","",0,1,1,"NONE"
"DOC-0202119F_mobile_camera","marksheet","mobile_camera","subject[16].grade","B+","",0,1,1,"NONE"
"DOC-0202119F_mobile_camera","marksheet","mobile_camera","subject[16].credits","2","",0,1,1,"NONE"
"DOC-0202119F_mobile_camera","marksheet","mobile_camera","subject[17].code","CE304","",0,1,1,"NONE"
"DOC-0202119F_mobile_camera","marksheet","mobile_camera","subject[17].grade","B+","",0,1,1,"NONE"
"DOC-0202119F_mobile_camera","marksheet","mobile_camera","subject[17].credits","3","",0,1,1,"NONE"
"DOC-0202119F_mobile_camera","marksheet","mobile_camera","subject[18].code","CE203","",0,1,1,"NONE"
"DOC-0202119F_mobile_camera","marksheet","mobile_camera","subject[18].grade","B+","",0,1,1,"NONE"
"DOC-0202119F_mobile_camera","marksheet","mobile_camera","subject[18].credits","3","",0,1,1,"NONE"
"DOC-0202119F_mobile_camera","marksheet","mobile_camera","subject[19].code","CE302","",0,1,1,"NONE"
"DOC-0202119F_mobile_camera","marksheet","mobile_camera","subject[19].grade","A","",0,1,1,"NONE"
"DOC-0202119F_mobile_camera","marksheet","mobile_camera","subject[19].credits","3","",0,1,1,"NONE"
"DOC-0202119F_mobile_camera","marksheet","mobile_camera","subject[20].code","PH101","",0,1,1,"NONE"
"DOC-0202119F_mobile_camera","marksheet","mobile_camera","subject[20].grade","A+","",0,1,1,"NONE"
"DOC-0202119F_mobile_camera","marksheet","mobile_camera","subject[20].credits","3","",0,1,1,"NONE"
"DOC-0202119F_mobile_camera","marksheet","mobile_camera","subject[21].code","CH101","",0,1,1,"NONE"
"DOC-0202119F_mobile_camera","marksheet","mobile_camera","subject[21].grade","A+","",0,1,1,"NONE"
"DOC-0202119F_mobile_camera","marksheet","mobile_camera","subject[21].credits","3","",0,1,1,"NONE"
"DOC-0202119F_mobile_camera","marksheet","mobile_camera","subject[22].code","HS101","",0,1,1,"NONE"
"DOC-0202119F_mobile_camera","marksheet","mobile_camera","subject[22].grade","A+","",0,1,1,"NONE"
"DOC-0202119F_mobile_camera","marksheet","mobile_camera","subject[22].credits","2","",0,1,1,"NONE"
"DOC-0202119F_mobile_camera","marksheet","mobile_camera","subject[23].code","CE304","",0,1,1,"NONE"
"DOC-0202119F_mobile_camera","marksheet","mobile_camera","subject[23].grade","A+","",0,1,1,"NONE"
"DOC-0202119F_mobile_camera","marksheet","mobile_camera","subject[23].credits","3","",0,1,1,"NONE"
"DOC-0202119F_mobile_camera","marksheet","mobile_camera","subject[24].code","CE205","",0,1,1,"NONE"
"DOC-0202119F_mobile_camera","marksheet","mobile_camera","subject[24].grade","B+","",0,1,1,"NONE"
"DOC-0202119F_mobile_camera","marksheet","mobile_camera","subject[24].credits","3","",0,1,1,"NONE"
"DOC-0202119F_mobile_camera","marksheet","mobile_camera","subject[25].code","CE304","",0,1,1,"NONE"
"DOC-0202119F_mobile_camera","marksheet","mobile_camera","subject[25].grade","B","",0,1,1,"NONE"
"DOC-0202119F_mobile_camera","marksheet","mobile_camera","subject[25].credits","3","",0,1,1,"NONE"
"DOC-0202119F_mobile_camera","marksheet","mobile_camera","subject[26].code","MA102","",0,1,1,"NONE"
"DOC-0202119F_mobile_camera","marksheet","mobile_camera","subject[26].grade","B","",0,1,1,"NONE"
"DOC-0202119F_mobile_camera","marksheet","mobile_camera","subject[26].credits","4","",0,1,1,"NONE"
"DOC-0202119F_mobile_camera","marksheet","mobile_camera","subject[27].code","CH101","",0,1,1,"NONE"
"DOC-0202119F_mobile_camera","marksheet","mobile_camera","subject[27].grade","C","",0,1,1,"NONE"
"DOC-0202119F_mobile_camera","marksheet","mobile_camera","subject[27].credits","3","",0,1,1,"NONE"
"DOC-0202119F_mobile_camera","marksheet","mobile_camera","subject[28].code","CE303","",0,1,1,"NONE"
"DOC-0202119F_mobile_camera","marksheet","mobile_camera","subject[28].grade","B+","",0,1,1,"NONE"
"DOC-0202119F_mobile_camera","marksheet","mobile_camera","subject[28].credits","3","",0,1,1,"NONE"
"DOC-0202119F_mobile_camera","marksheet","mobile_camera","subject[29].code","CE202","",0,1,1,"NONE"
"DOC-0202119F_mobile_camera","marksheet","mobile_camera","subject[29].grade","B","",0,1,1,"NONE"
"DOC-0202119F_mobile_camera","marksheet","mobile_camera","subject[29].credits","3","",0,1,1,"NONE"
"DOC-0202119F_mobile_camera","marksheet","mobile_camera","subject[30].code","CE201","",0,1,1,"NONE"
"DOC-0202119F_mobile_camera","marksheet","mobile_camera","subject[30].grade","B","",0,1,1,"NONE"
"DOC-0202119F_mobile_camera","marksheet","mobile_camera","subject[30].credits","4","",0,1,1,"NONE"
"DOC-0202119F_mobile_camera","marksheet","mobile_camera","subject[31].code","CE203","",0,1,1,"NONE"
"DOC-0202119F_mobile_camera","marksheet","mobile_camera","subject[31].grade","C","",0,1,1,"NONE"
"DOC-0202119F_mobile_camera","marksheet","mobile_camera","subject[31].credits","3","",0,1,1,"NONE"
"DOC-0202119F_mobile_camera","marksheet","mobile_camera","subject[32].code","CE205","",0,1,1,"NONE"
"DOC-0202119F_mobile_camera","marksheet","mobile_camera","subject[32].grade","B","",0,1,1,"NONE"
"DOC-0202119F_mobile_camera","marksheet","mobile_camera","subject[32].credits","3","",0,1,1,"NONE"
"DOC-0202119F_mobile_camera","marksheet","mobile_camera","subject[33].code","HS101","",0,1,1,"NONE"
"DOC-0202119F_mobile_camera","marksheet","mobile_camera","subject[33].grade","B","",0,1,1,"NONE"
"DOC-0202119F_mobile_camera","marksheet","mobile_camera","subject[33].credits","2","",0,1,1,"NONE"
"DOC-0202119F_mobile_camera","marksheet","mobile_camera","subject[34].code","PH101","",0,1,1,"NONE"
"DOC-0202119F_mobile_camera","marksheet","mobile_camera","subject[34].grade","C","",0,1,1,"NONE"
"DOC-0202119F_mobile_camera","marksheet","mobile_camera","subject[34].credits","3","",0,1,1,"NONE"
"DOC-0202119F_mobile_camera","marksheet","mobile_camera","subject[35].code","CE304","",0,1,1,"NONE"
"DOC-0202119F_mobile_camera","marksheet","mobile_camera","subject[35].grade","A+","",0,1,1,"NONE"
"DOC-0202119F_mobile_camera","marksheet","mobile_camera","subject[35].credits","3","",0,1,1,"NONE"
"DOC-0202119F_mobile_camera","marksheet","mobile_camera","subject[36].code","CE204","",0,1,1,"NONE"
"DOC-0202119F_mobile_camera","marksheet","mobile_camera","subject[36].grade","O","",0,1,1,"NONE"
"DOC-0202119F_mobile_camera","marksheet","mobile_camera","subject[36].credits","3","",0,1,1,"NONE"
"DOC-0202119F_mobile_camera","marksheet","mobile_camera","subject[37].code","MA102","",0,1,1,"NONE"
"DOC-0202119F_mobile_camera","marksheet","mobile_camera","subject[37].grade","A","",0,1,1,"NONE"
"DOC-0202119F_mobile_camera","marksheet","mobile_camera","subject[37].credits","4","",0,1,1,"NONE"
"DOC-0202119F_mobile_camera","marksheet","mobile_camera","subject[38].code","CE302","",0,1,1,"NONE"
"DOC-0202119F_mobile_camera","marksheet","mobile_camera","subject[38].grade","O","",0,1,1,"NONE"
"DOC-0202119F_mobile_camera","marksheet","mobile_camera","subject[38].credits","3","",0,1,1,"NONE"
"DOC-0202119F_mobile_camera","marksheet","mobile_camera","subject[39].code","CE301","",0,1,1,"NONE"
"DOC-0202119F_mobile_camera","marksheet","mobile_camera","subject[39].grade","A+","",0,1,1,"NONE"
"DOC-0202119F_mobile_camera","marksheet","mobile_camera","subject[39].credits","4","",0,1,1,"NONE"
"DOC-0202119F_rotated_90","marksheet","rotated_90","studentName","dev agarwal","nisha gupta",0,0.8181818181818182,1,"OCR_ERROR"
"DOC-0202119F_rotated_90","marksheet","rotated_90","rollNumber","2019CE000884","EN201900376",0,0.6666666666666666,1,"OCR_ERROR"
"DOC-0202119F_rotated_90","marksheet","rotated_90","enrollmentNumber","EN201900884","2019EE003076",0,0.7272727272727273,1,"OCR_ERROR"
"DOC-0202119F_rotated_90","marksheet","rotated_90","degreeName","Bachelor of Technology in Civil Engineering","Bachelor Degree",0,0.6976744186046512,0.8333333333333334,"OCR_ERROR"
"DOC-0202119F_rotated_90","marksheet","rotated_90","branchName","civil engineering","electrical engineering",0,0.4117647058823529,0.5,"PARTIAL_MATCH"
"DOC-0202119F_rotated_90","marksheet","rotated_90","batchYears","2019 - 2023","2019-2023",0,0.18181818181818182,1,"PARTIAL_MATCH"
"DOC-0202119F_rotated_90","marksheet","rotated_90","fatherName","dev agarwal","",0,1,1,"FIELD_MISSING"
"DOC-0202119F_rotated_90","marksheet","rotated_90","motherName","trisha agarwal","",0,1,1,"FIELD_MISSING"
"DOC-0202119F_rotated_90","marksheet","rotated_90","dateOfBirth","2002-04-04","",0,1,1,"FIELD_MISSING"
"DOC-0202119F_rotated_90","marksheet","rotated_90","email","dev.agarwal884@vtu.edu.in","",0,1,1,"FIELD_MISSING"
"DOC-0202119F_rotated_90","marksheet","rotated_90","phone","+91 9865041724","",0,1,1,"FIELD_MISSING"
"DOC-0202119F_rotated_90","marksheet","rotated_90","bloodGroup","o-","",0,1,1,"FIELD_MISSING"
"DOC-0202119F_rotated_90","marksheet","rotated_90","universityName","Vivekananda Technical University","Indira Gandhi College of Engineering",0,0.8125,1,"OCR_ERROR"
"DOC-0202119F_rotated_90","marksheet","rotated_90","universityCode","Vivekananda Technical University","",0,1,1,"FIELD_MISSING"
"DOC-0202119F_rotated_90","marksheet","rotated_90","universityTagline","Excellence in Engineering and Research","Empowering Minds, Shaping Future",0,0.7894736842105263,1,"OCR_ERROR"
"DOC-0202119F_rotated_90","marksheet","rotated_90","cgpa","7.07","6.49",0,1,1,"FORMAT_ERROR"
"DOC-0202119F_rotated_90","marksheet","rotated_90","issueDate","2023-12-06","2023-04-12",0,0.4,1,"FORMAT_ERROR"
"DOC-0202119F_rotated_90","marksheet","rotated_90","subject[0].code","ES101","",0,1,1,"NONE"
"DOC-0202119F_rotated_90","marksheet","rotated_90","subject[0].grade","A+","",0,1,1,"NONE"
"DOC-0202119F_rotated_90","marksheet","rotated_90","subject[0].credits","2","",0,1,1,"NONE"
"DOC-0202119F_rotated_90","marksheet","rotated_90","subject[1].code","MA102","",0,1,1,"NONE"
"DOC-0202119F_rotated_90","marksheet","rotated_90","subject[1].grade","A","",0,1,1,"NONE"
"DOC-0202119F_rotated_90","marksheet","rotated_90","subject[1].credits","4","",0,1,1,"NONE"
"DOC-0202119F_rotated_90","marksheet","rotated_90","subject[2].code","CE302","",0,1,1,"NONE"
"DOC-0202119F_rotated_90","marksheet","rotated_90","subject[2].grade","A","",0,1,1,"NONE"
"DOC-0202119F_rotated_90","marksheet","rotated_90","subject[2].credits","3","",0,1,1,"NONE"
"DOC-0202119F_rotated_90","marksheet","rotated_90","subject[3].code","CE202","",0,1,1,"NONE"
"DOC-0202119F_rotated_90","marksheet","rotated_90","subject[3].grade","A+","",0,1,1,"NONE"
"DOC-0202119F_rotated_90","marksheet","rotated_90","subject[3].credits","3","",0,1,1,"NONE"
"DOC-0202119F_rotated_90","marksheet","rotated_90","subject[4].code","CE204","",0,1,1,"NONE"
"DOC-0202119F_rotated_90","marksheet","rotated_90","subject[4].grade","O","",0,1,1,"NONE"
"DOC-0202119F_rotated_90","marksheet","rotated_90","subject[4].credits","3","",0,1,1,"NONE"
"DOC-0202119F_rotated_90","marksheet","rotated_90","subject[5].code","CE202","",0,1,1,"NONE"
"DOC-0202119F_rotated_90","marksheet","rotated_90","subject[5].grade","C","",0,1,1,"NONE"
"DOC-0202119F_rotated_90","marksheet","rotated_90","subject[5].credits","3","",0,1,1,"NONE"
"DOC-0202119F_rotated_90","marksheet","rotated_90","subject[6].code","CH101","",0,1,1,"NONE"
"DOC-0202119F_rotated_90","marksheet","rotated_90","subject[6].grade","C","",0,1,1,"NONE"
"DOC-0202119F_rotated_90","marksheet","rotated_90","subject[6].credits","3","",0,1,1,"NONE"
"DOC-0202119F_rotated_90","marksheet","rotated_90","subject[7].code","MA102","",0,1,1,"NONE"
"DOC-0202119F_rotated_90","marksheet","rotated_90","subject[7].grade","C","",0,1,1,"NONE"
"DOC-0202119F_rotated_90","marksheet","rotated_90","subject[7].credits","4","",0,1,1,"NONE"
"DOC-0202119F_rotated_90","marksheet","rotated_90","subject[8].code","PH101","",0,1,1,"NONE"
"DOC-0202119F_rotated_90","marksheet","rotated_90","subject[8].grade","C","",0,1,1,"NONE"
"DOC-0202119F_rotated_90","marksheet","rotated_90","subject[8].credits","3","",0,1,1,"NONE"
"DOC-0202119F_rotated_90","marksheet","rotated_90","subject[9].code","CE203","",0,1,1,"NONE"
"DOC-0202119F_rotated_90","marksheet","rotated_90","subject[9].grade","C","",0,1,1,"NONE"
"DOC-0202119F_rotated_90","marksheet","rotated_90","subject[9].credits","3","",0,1,1,"NONE"
"DOC-0202119F_rotated_90","marksheet","rotated_90","subject[10].code","CH101","",0,1,1,"NONE"
"DOC-0202119F_rotated_90","marksheet","rotated_90","subject[10].grade","C","",0,1,1,"NONE"
"DOC-0202119F_rotated_90","marksheet","rotated_90","subject[10].credits","3","",0,1,1,"NONE"
"DOC-0202119F_rotated_90","marksheet","rotated_90","subject[11].code","CE304","",0,1,1,"NONE"
"DOC-0202119F_rotated_90","marksheet","rotated_90","subject[11].grade","B+","",0,1,1,"NONE"
"DOC-0202119F_rotated_90","marksheet","rotated_90","subject[11].credits","3","",0,1,1,"NONE"
"DOC-0202119F_rotated_90","marksheet","rotated_90","subject[12].code","MA102","",0,1,1,"NONE"
"DOC-0202119F_rotated_90","marksheet","rotated_90","subject[12].grade","B","",0,1,1,"NONE"
"DOC-0202119F_rotated_90","marksheet","rotated_90","subject[12].credits","4","",0,1,1,"NONE"
"DOC-0202119F_rotated_90","marksheet","rotated_90","subject[13].code","ES101","",0,1,1,"NONE"
"DOC-0202119F_rotated_90","marksheet","rotated_90","subject[13].grade","B+","",0,1,1,"NONE"
"DOC-0202119F_rotated_90","marksheet","rotated_90","subject[13].credits","2","",0,1,1,"NONE"
"DOC-0202119F_rotated_90","marksheet","rotated_90","subject[14].code","CE202","",0,1,1,"NONE"
"DOC-0202119F_rotated_90","marksheet","rotated_90","subject[14].grade","B","",0,1,1,"NONE"
"DOC-0202119F_rotated_90","marksheet","rotated_90","subject[14].credits","3","",0,1,1,"NONE"
"DOC-0202119F_rotated_90","marksheet","rotated_90","subject[15].code","CH101","",0,1,1,"NONE"
"DOC-0202119F_rotated_90","marksheet","rotated_90","subject[15].grade","A","",0,1,1,"NONE"
"DOC-0202119F_rotated_90","marksheet","rotated_90","subject[15].credits","3","",0,1,1,"NONE"
"DOC-0202119F_rotated_90","marksheet","rotated_90","subject[16].code","ES101","",0,1,1,"NONE"
"DOC-0202119F_rotated_90","marksheet","rotated_90","subject[16].grade","B+","",0,1,1,"NONE"
"DOC-0202119F_rotated_90","marksheet","rotated_90","subject[16].credits","2","",0,1,1,"NONE"
"DOC-0202119F_rotated_90","marksheet","rotated_90","subject[17].code","CE304","",0,1,1,"NONE"
"DOC-0202119F_rotated_90","marksheet","rotated_90","subject[17].grade","B+","",0,1,1,"NONE"
"DOC-0202119F_rotated_90","marksheet","rotated_90","subject[17].credits","3","",0,1,1,"NONE"
"DOC-0202119F_rotated_90","marksheet","rotated_90","subject[18].code","CE203","",0,1,1,"NONE"
"DOC-0202119F_rotated_90","marksheet","rotated_90","subject[18].grade","B+","",0,1,1,"NONE"
"DOC-0202119F_rotated_90","marksheet","rotated_90","subject[18].credits","3","",0,1,1,"NONE"
"DOC-0202119F_rotated_90","marksheet","rotated_90","subject[19].code","CE302","",0,1,1,"NONE"
"DOC-0202119F_rotated_90","marksheet","rotated_90","subject[19].grade","A","",0,1,1,"NONE"
"DOC-0202119F_rotated_90","marksheet","rotated_90","subject[19].credits","3","",0,1,1,"NONE"
"DOC-0202119F_rotated_90","marksheet","rotated_90","subject[20].code","PH101","",0,1,1,"NONE"
"DOC-0202119F_rotated_90","marksheet","rotated_90","subject[20].grade","A+","",0,1,1,"NONE"
"DOC-0202119F_rotated_90","marksheet","rotated_90","subject[20].credits","3","",0,1,1,"NONE"
"DOC-0202119F_rotated_90","marksheet","rotated_90","subject[21].code","CH101","",0,1,1,"NONE"
"DOC-0202119F_rotated_90","marksheet","rotated_90","subject[21].grade","A+","",0,1,1,"NONE"
"DOC-0202119F_rotated_90","marksheet","rotated_90","subject[21].credits","3","",0,1,1,"NONE"
"DOC-0202119F_rotated_90","marksheet","rotated_90","subject[22].code","HS101","",0,1,1,"NONE"
"DOC-0202119F_rotated_90","marksheet","rotated_90","subject[22].grade","A+","",0,1,1,"NONE"
"DOC-0202119F_rotated_90","marksheet","rotated_90","subject[22].credits","2","",0,1,1,"NONE"
"DOC-0202119F_rotated_90","marksheet","rotated_90","subject[23].code","CE304","",0,1,1,"NONE"
"DOC-0202119F_rotated_90","marksheet","rotated_90","subject[23].grade","A+","",0,1,1,"NONE"
"DOC-0202119F_rotated_90","marksheet","rotated_90","subject[23].credits","3","",0,1,1,"NONE"
"DOC-0202119F_rotated_90","marksheet","rotated_90","subject[24].code","CE205","",0,1,1,"NONE"
"DOC-0202119F_rotated_90","marksheet","rotated_90","subject[24].grade","B+","",0,1,1,"NONE"
"DOC-0202119F_rotated_90","marksheet","rotated_90","subject[24].credits","3","",0,1,1,"NONE"
"DOC-0202119F_rotated_90","marksheet","rotated_90","subject[25].code","CE304","",0,1,1,"NONE"
"DOC-0202119F_rotated_90","marksheet","rotated_90","subject[25].grade","B","",0,1,1,"NONE"
"DOC-0202119F_rotated_90","marksheet","rotated_90","subject[25].credits","3","",0,1,1,"NONE"
"DOC-0202119F_rotated_90","marksheet","rotated_90","subject[26].code","MA102","",0,1,1,"NONE"
"DOC-0202119F_rotated_90","marksheet","rotated_90","subject[26].grade","B","",0,1,1,"NONE"
"DOC-0202119F_rotated_90","marksheet","rotated_90","subject[26].credits","4","",0,1,1,"NONE"
"DOC-0202119F_rotated_90","marksheet","rotated_90","subject[27].code","CH101","",0,1,1,"NONE"
"DOC-0202119F_rotated_90","marksheet","rotated_90","subject[27].grade","C","",0,1,1,"NONE"
"DOC-0202119F_rotated_90","marksheet","rotated_90","subject[27].credits","3","",0,1,1,"NONE"
"DOC-0202119F_rotated_90","marksheet","rotated_90","subject[28].code","CE303","",0,1,1,"NONE"
"DOC-0202119F_rotated_90","marksheet","rotated_90","subject[28].grade","B+","",0,1,1,"NONE"
"DOC-0202119F_rotated_90","marksheet","rotated_90","subject[28].credits","3","",0,1,1,"NONE"
"DOC-0202119F_rotated_90","marksheet","rotated_90","subject[29].code","CE202","",0,1,1,"NONE"
"DOC-0202119F_rotated_90","marksheet","rotated_90","subject[29].grade","B","",0,1,1,"NONE"
"DOC-0202119F_rotated_90","marksheet","rotated_90","subject[29].credits","3","",0,1,1,"NONE"
"DOC-0202119F_rotated_90","marksheet","rotated_90","subject[30].code","CE201","",0,1,1,"NONE"
"DOC-0202119F_rotated_90","marksheet","rotated_90","subject[30].grade","B","",0,1,1,"NONE"
"DOC-0202119F_rotated_90","marksheet","rotated_90","subject[30].credits","4","",0,1,1,"NONE"
"DOC-0202119F_rotated_90","marksheet","rotated_90","subject[31].code","CE203","",0,1,1,"NONE"
"DOC-0202119F_rotated_90","marksheet","rotated_90","subject[31].grade","C","",0,1,1,"NONE"
"DOC-0202119F_rotated_90","marksheet","rotated_90","subject[31].credits","3","",0,1,1,"NONE"
"DOC-0202119F_rotated_90","marksheet","rotated_90","subject[32].code","CE205","",0,1,1,"NONE"
"DOC-0202119F_rotated_90","marksheet","rotated_90","subject[32].grade","B","",0,1,1,"NONE"
"DOC-0202119F_rotated_90","marksheet","rotated_90","subject[32].credits","3","",0,1,1,"NONE"
"DOC-0202119F_rotated_90","marksheet","rotated_90","subject[33].code","HS101","",0,1,1,"NONE"
"DOC-0202119F_rotated_90","marksheet","rotated_90","subject[33].grade","B","",0,1,1,"NONE"
"DOC-0202119F_rotated_90","marksheet","rotated_90","subject[33].credits","2","",0,1,1,"NONE"
"DOC-0202119F_rotated_90","marksheet","rotated_90","subject[34].code","PH101","",0,1,1,"NONE"
"DOC-0202119F_rotated_90","marksheet","rotated_90","subject[34].grade","C","",0,1,1,"NONE"
"DOC-0202119F_rotated_90","marksheet","rotated_90","subject[34].credits","3","",0,1,1,"NONE"
"DOC-0202119F_rotated_90","marksheet","rotated_90","subject[35].code","CE304","",0,1,1,"NONE"
"DOC-0202119F_rotated_90","marksheet","rotated_90","subject[35].grade","A+","",0,1,1,"NONE"
"DOC-0202119F_rotated_90","marksheet","rotated_90","subject[35].credits","3","",0,1,1,"NONE"
"DOC-0202119F_rotated_90","marksheet","rotated_90","subject[36].code","CE204","",0,1,1,"NONE"
"DOC-0202119F_rotated_90","marksheet","rotated_90","subject[36].grade","O","",0,1,1,"NONE"
"DOC-0202119F_rotated_90","marksheet","rotated_90","subject[36].credits","3","",0,1,1,"NONE"
"DOC-0202119F_rotated_90","marksheet","rotated_90","subject[37].code","MA102","",0,1,1,"NONE"
"DOC-0202119F_rotated_90","marksheet","rotated_90","subject[37].grade","A","",0,1,1,"NONE"
"DOC-0202119F_rotated_90","marksheet","rotated_90","subject[37].credits","4","",0,1,1,"NONE"
"DOC-0202119F_rotated_90","marksheet","rotated_90","subject[38].code","CE302","",0,1,1,"NONE"
"DOC-0202119F_rotated_90","marksheet","rotated_90","subject[38].grade","O","",0,1,1,"NONE"
"DOC-0202119F_rotated_90","marksheet","rotated_90","subject[38].credits","3","",0,1,1,"NONE"
"DOC-0202119F_rotated_90","marksheet","rotated_90","subject[39].code","CE301","",0,1,1,"NONE"
"DOC-0202119F_rotated_90","marksheet","rotated_90","subject[39].grade","A+","",0,1,1,"NONE"
"DOC-0202119F_rotated_90","marksheet","rotated_90","subject[39].credits","4","",0,1,1,"NONE"
"DOC-0202119F_scanner_copy","marksheet","scanner_copy","studentName","dev agarwal","nisha gupta",0,0.8181818181818182,1,"OCR_ERROR"
"DOC-0202119F_scanner_copy","marksheet","scanner_copy","rollNumber","2019CE000884","2019EE000976",0,0.3333333333333333,1,"PARTIAL_MATCH"
"DOC-0202119F_scanner_copy","marksheet","scanner_copy","enrollmentNumber","EN201900884","EN201900976",0,0.2727272727272727,1,"PARTIAL_MATCH"
"DOC-0202119F_scanner_copy","marksheet","scanner_copy","degreeName","Bachelor of Technology in Civil Engineering","Electrical Engineering",0,0.6046511627906976,0.8333333333333334,"OCR_ERROR"
"DOC-0202119F_scanner_copy","marksheet","scanner_copy","branchName","civil engineering","",0,1,1,"FIELD_MISSING"
"DOC-0202119F_scanner_copy","marksheet","scanner_copy","batchYears","2019 - 2023","2019 - 2023",1,0,0,"NONE"
"DOC-0202119F_scanner_copy","marksheet","scanner_copy","fatherName","dev agarwal","",0,1,1,"FIELD_MISSING"
"DOC-0202119F_scanner_copy","marksheet","scanner_copy","motherName","trisha agarwal","",0,1,1,"FIELD_MISSING"
"DOC-0202119F_scanner_copy","marksheet","scanner_copy","dateOfBirth","2002-04-04","",0,1,1,"FIELD_MISSING"
"DOC-0202119F_scanner_copy","marksheet","scanner_copy","email","dev.agarwal884@vtu.edu.in","",0,1,1,"FIELD_MISSING"
"DOC-0202119F_scanner_copy","marksheet","scanner_copy","phone","+91 9865041724","",0,1,1,"FIELD_MISSING"
"DOC-0202119F_scanner_copy","marksheet","scanner_copy","bloodGroup","o-","",0,1,1,"FIELD_MISSING"
"DOC-0202119F_scanner_copy","marksheet","scanner_copy","universityName","Vivekananda Technical University","Indira Gandhi College of Engineering",0,0.8125,1,"OCR_ERROR"
"DOC-0202119F_scanner_copy","marksheet","scanner_copy","universityCode","Vivekananda Technical University","",0,1,1,"FIELD_MISSING"
"DOC-0202119F_scanner_copy","marksheet","scanner_copy","universityTagline","Excellence in Engineering and Research","Empowering Minds, Shaping Future",0,0.7894736842105263,1,"OCR_ERROR"
"DOC-0202119F_scanner_copy","marksheet","scanner_copy","cgpa","7.07","6.49",0,1,1,"FORMAT_ERROR"
"DOC-0202119F_scanner_copy","marksheet","scanner_copy","issueDate","2023-12-06","2023-02-12",0,0.3,1,"FORMAT_ERROR"
"DOC-0202119F_scanner_copy","marksheet","scanner_copy","subject[0].code","ES101","",0,1,1,"NONE"
"DOC-0202119F_scanner_copy","marksheet","scanner_copy","subject[0].grade","A+","",0,1,1,"NONE"
"DOC-0202119F_scanner_copy","marksheet","scanner_copy","subject[0].credits","2","",0,1,1,"NONE"
"DOC-0202119F_scanner_copy","marksheet","scanner_copy","subject[1].code","MA102","",0,1,1,"NONE"
"DOC-0202119F_scanner_copy","marksheet","scanner_copy","subject[1].grade","A","",0,1,1,"NONE"
"DOC-0202119F_scanner_copy","marksheet","scanner_copy","subject[1].credits","4","",0,1,1,"NONE"
"DOC-0202119F_scanner_copy","marksheet","scanner_copy","subject[2].code","CE302","",0,1,1,"NONE"
"DOC-0202119F_scanner_copy","marksheet","scanner_copy","subject[2].grade","A","",0,1,1,"NONE"
"DOC-0202119F_scanner_copy","marksheet","scanner_copy","subject[2].credits","3","",0,1,1,"NONE"
"DOC-0202119F_scanner_copy","marksheet","scanner_copy","subject[3].code","CE202","",0,1,1,"NONE"
"DOC-0202119F_scanner_copy","marksheet","scanner_copy","subject[3].grade","A+","",0,1,1,"NONE"
"DOC-0202119F_scanner_copy","marksheet","scanner_copy","subject[3].credits","3","",0,1,1,"NONE"
"DOC-0202119F_scanner_copy","marksheet","scanner_copy","subject[4].code","CE204","",0,1,1,"NONE"
"DOC-0202119F_scanner_copy","marksheet","scanner_copy","subject[4].grade","O","",0,1,1,"NONE"
"DOC-0202119F_scanner_copy","marksheet","scanner_copy","subject[4].credits","3","",0,1,1,"NONE"
"DOC-0202119F_scanner_copy","marksheet","scanner_copy","subject[5].code","CE202","",0,1,1,"NONE"
"DOC-0202119F_scanner_copy","marksheet","scanner_copy","subject[5].grade","C","",0,1,1,"NONE"
"DOC-0202119F_scanner_copy","marksheet","scanner_copy","subject[5].credits","3","",0,1,1,"NONE"
"DOC-0202119F_scanner_copy","marksheet","scanner_copy","subject[6].code","CH101","",0,1,1,"NONE"
"DOC-0202119F_scanner_copy","marksheet","scanner_copy","subject[6].grade","C","",0,1,1,"NONE"
"DOC-0202119F_scanner_copy","marksheet","scanner_copy","subject[6].credits","3","",0,1,1,"NONE"
"DOC-0202119F_scanner_copy","marksheet","scanner_copy","subject[7].code","MA102","",0,1,1,"NONE"
"DOC-0202119F_scanner_copy","marksheet","scanner_copy","subject[7].grade","C","",0,1,1,"NONE"
"DOC-0202119F_scanner_copy","marksheet","scanner_copy","subject[7].credits","4","",0,1,1,"NONE"
"DOC-0202119F_scanner_copy","marksheet","scanner_copy","subject[8].code","PH101","",0,1,1,"NONE"
"DOC-0202119F_scanner_copy","marksheet","scanner_copy","subject[8].grade","C","",0,1,1,"NONE"
"DOC-0202119F_scanner_copy","marksheet","scanner_copy","subject[8].credits","3","",0,1,1,"NONE"
"DOC-0202119F_scanner_copy","marksheet","scanner_copy","subject[9].code","CE203","",0,1,1,"NONE"
"DOC-0202119F_scanner_copy","marksheet","scanner_copy","subject[9].grade","C","",0,1,1,"NONE"
"DOC-0202119F_scanner_copy","marksheet","scanner_copy","subject[9].credits","3","",0,1,1,"NONE"
"DOC-0202119F_scanner_copy","marksheet","scanner_copy","subject[10].code","CH101","",0,1,1,"NONE"
"DOC-0202119F_scanner_copy","marksheet","scanner_copy","subject[10].grade","C","",0,1,1,"NONE"
"DOC-0202119F_scanner_copy","marksheet","scanner_copy","subject[10].credits","3","",0,1,1,"NONE"
"DOC-0202119F_scanner_copy","marksheet","scanner_copy","subject[11].code","CE304","",0,1,1,"NONE"
"DOC-0202119F_scanner_copy","marksheet","scanner_copy","subject[11].grade","B+","",0,1,1,"NONE"
"DOC-0202119F_scanner_copy","marksheet","scanner_copy","subject[11].credits","3","",0,1,1,"NONE"
"DOC-0202119F_scanner_copy","marksheet","scanner_copy","subject[12].code","MA102","",0,1,1,"NONE"
"DOC-0202119F_scanner_copy","marksheet","scanner_copy","subject[12].grade","B","",0,1,1,"NONE"
"DOC-0202119F_scanner_copy","marksheet","scanner_copy","subject[12].credits","4","",0,1,1,"NONE"
"DOC-0202119F_scanner_copy","marksheet","scanner_copy","subject[13].code","ES101","",0,1,1,"NONE"
"DOC-0202119F_scanner_copy","marksheet","scanner_copy","subject[13].grade","B+","",0,1,1,"NONE"
"DOC-0202119F_scanner_copy","marksheet","scanner_copy","subject[13].credits","2","",0,1,1,"NONE"
"DOC-0202119F_scanner_copy","marksheet","scanner_copy","subject[14].code","CE202","",0,1,1,"NONE"
"DOC-0202119F_scanner_copy","marksheet","scanner_copy","subject[14].grade","B","",0,1,1,"NONE"
"DOC-0202119F_scanner_copy","marksheet","scanner_copy","subject[14].credits","3","",0,1,1,"NONE"
"DOC-0202119F_scanner_copy","marksheet","scanner_copy","subject[15].code","CH101","",0,1,1,"NONE"
"DOC-0202119F_scanner_copy","marksheet","scanner_copy","subject[15].grade","A","",0,1,1,"NONE"
"DOC-0202119F_scanner_copy","marksheet","scanner_copy","subject[15].credits","3","",0,1,1,"NONE"
"DOC-0202119F_scanner_copy","marksheet","scanner_copy","subject[16].code","ES101","",0,1,1,"NONE"
"DOC-0202119F_scanner_copy","marksheet","scanner_copy","subject[16].grade","B+","",0,1,1,"NONE"
"DOC-0202119F_scanner_copy","marksheet","scanner_copy","subject[16].credits","2","",0,1,1,"NONE"
"DOC-0202119F_scanner_copy","marksheet","scanner_copy","subject[17].code","CE304","",0,1,1,"NONE"
"DOC-0202119F_scanner_copy","marksheet","scanner_copy","subject[17].grade","B+","",0,1,1,"NONE"
"DOC-0202119F_scanner_copy","marksheet","scanner_copy","subject[17].credits","3","",0,1,1,"NONE"
"DOC-0202119F_scanner_copy","marksheet","scanner_copy","subject[18].code","CE203","",0,1,1,"NONE"
"DOC-0202119F_scanner_copy","marksheet","scanner_copy","subject[18].grade","B+","",0,1,1,"NONE"
"DOC-0202119F_scanner_copy","marksheet","scanner_copy","subject[18].credits","3","",0,1,1,"NONE"
"DOC-0202119F_scanner_copy","marksheet","scanner_copy","subject[19].code","CE302","",0,1,1,"NONE"
"DOC-0202119F_scanner_copy","marksheet","scanner_copy","subject[19].grade","A","",0,1,1,"NONE"
"DOC-0202119F_scanner_copy","marksheet","scanner_copy","subject[19].credits","3","",0,1,1,"NONE"
"DOC-0202119F_scanner_copy","marksheet","scanner_copy","subject[20].code","PH101","",0,1,1,"NONE"
"DOC-0202119F_scanner_copy","marksheet","scanner_copy","subject[20].grade","A+","",0,1,1,"NONE"
"DOC-0202119F_scanner_copy","marksheet","scanner_copy","subject[20].credits","3","",0,1,1,"NONE"
"DOC-0202119F_scanner_copy","marksheet","scanner_copy","subject[21].code","CH101","",0,1,1,"NONE"
"DOC-0202119F_scanner_copy","marksheet","scanner_copy","subject[21].grade","A+","",0,1,1,"NONE"
"DOC-0202119F_scanner_copy","marksheet","scanner_copy","subject[21].credits","3","",0,1,1,"NONE"
"DOC-0202119F_scanner_copy","marksheet","scanner_copy","subject[22].code","HS101","",0,1,1,"NONE"
"DOC-0202119F_scanner_copy","marksheet","scanner_copy","subject[22].grade","A+","",0,1,1,"NONE"
"DOC-0202119F_scanner_copy","marksheet","scanner_copy","subject[22].credits","2","",0,1,1,"NONE"
"DOC-0202119F_scanner_copy","marksheet","scanner_copy","subject[23].code","CE304","",0,1,1,"NONE"
"DOC-0202119F_scanner_copy","marksheet","scanner_copy","subject[23].grade","A+","",0,1,1,"NONE"
"DOC-0202119F_scanner_copy","marksheet","scanner_copy","subject[23].credits","3","",0,1,1,"NONE"
"DOC-0202119F_scanner_copy","marksheet","scanner_copy","subject[24].code","CE205","",0,1,1,"NONE"
"DOC-0202119F_scanner_copy","marksheet","scanner_copy","subject[24].grade","B+","",0,1,1,"NONE"
"DOC-0202119F_scanner_copy","marksheet","scanner_copy","subject[24].credits","3","",0,1,1,"NONE"
"DOC-0202119F_scanner_copy","marksheet","scanner_copy","subject[25].code","CE304","",0,1,1,"NONE"
"DOC-0202119F_scanner_copy","marksheet","scanner_copy","subject[25].grade","B","",0,1,1,"NONE"
"DOC-0202119F_scanner_copy","marksheet","scanner_copy","subject[25].credits","3","",0,1,1,"NONE"
"DOC-0202119F_scanner_copy","marksheet","scanner_copy","subject[26].code","MA102","",0,1,1,"NONE"
"DOC-0202119F_scanner_copy","marksheet","scanner_copy","subject[26].grade","B","",0,1,1,"NONE"
"DOC-0202119F_scanner_copy","marksheet","scanner_copy","subject[26].credits","4","",0,1,1,"NONE"
"DOC-0202119F_scanner_copy","marksheet","scanner_copy","subject[27].code","CH101","",0,1,1,"NONE"
"DOC-0202119F_scanner_copy","marksheet","scanner_copy","subject[27].grade","C","",0,1,1,"NONE"
"DOC-0202119F_scanner_copy","marksheet","scanner_copy","subject[27].credits","3","",0,1,1,"NONE"
"DOC-0202119F_scanner_copy","marksheet","scanner_copy","subject[28].code","CE303","",0,1,1,"NONE"
"DOC-0202119F_scanner_copy","marksheet","scanner_copy","subject[28].grade","B+","",0,1,1,"NONE"
"DOC-0202119F_scanner_copy","marksheet","scanner_copy","subject[28].credits","3","",0,1,1,"NONE"
"DOC-0202119F_scanner_copy","marksheet","scanner_copy","subject[29].code","CE202","",0,1,1,"NONE"
"DOC-0202119F_scanner_copy","marksheet","scanner_copy","subject[29].grade","B","",0,1,1,"NONE"
"DOC-0202119F_scanner_copy","marksheet","scanner_copy","subject[29].credits","3","",0,1,1,"NONE"
"DOC-0202119F_scanner_copy","marksheet","scanner_copy","subject[30].code","CE201","",0,1,1,"NONE"
"DOC-0202119F_scanner_copy","marksheet","scanner_copy","subject[30].grade","B","",0,1,1,"NONE"
"DOC-0202119F_scanner_copy","marksheet","scanner_copy","subject[30].credits","4","",0,1,1,"NONE"
"DOC-0202119F_scanner_copy","marksheet","scanner_copy","subject[31].code","CE203","",0,1,1,"NONE"
"DOC-0202119F_scanner_copy","marksheet","scanner_copy","subject[31].grade","C","",0,1,1,"NONE"
"DOC-0202119F_scanner_copy","marksheet","scanner_copy","subject[31].credits","3","",0,1,1,"NONE"
"DOC-0202119F_scanner_copy","marksheet","scanner_copy","subject[32].code","CE205","",0,1,1,"NONE"
"DOC-0202119F_scanner_copy","marksheet","scanner_copy","subject[32].grade","B","",0,1,1,"NONE"
"DOC-0202119F_scanner_copy","marksheet","scanner_copy","subject[32].credits","3","",0,1,1,"NONE"
"DOC-0202119F_scanner_copy","marksheet","scanner_copy","subject[33].code","HS101","",0,1,1,"NONE"
"DOC-0202119F_scanner_copy","marksheet","scanner_copy","subject[33].grade","B","",0,1,1,"NONE"
"DOC-0202119F_scanner_copy","marksheet","scanner_copy","subject[33].credits","2","",0,1,1,"NONE"
"DOC-0202119F_scanner_copy","marksheet","scanner_copy","subject[34].code","PH101","",0,1,1,"NONE"
"DOC-0202119F_scanner_copy","marksheet","scanner_copy","subject[34].grade","C","",0,1,1,"NONE"
"DOC-0202119F_scanner_copy","marksheet","scanner_copy","subject[34].credits","3","",0,1,1,"NONE"
"DOC-0202119F_scanner_copy","marksheet","scanner_copy","subject[35].code","CE304","",0,1,1,"NONE"
"DOC-0202119F_scanner_copy","marksheet","scanner_copy","subject[35].grade","A+","",0,1,1,"NONE"
"DOC-0202119F_scanner_copy","marksheet","scanner_copy","subject[35].credits","3","",0,1,1,"NONE"
"DOC-0202119F_scanner_copy","marksheet","scanner_copy","subject[36].code","CE204","",0,1,1,"NONE"
"DOC-0202119F_scanner_copy","marksheet","scanner_copy","subject[36].grade","O","",0,1,1,"NONE"
"DOC-0202119F_scanner_copy","marksheet","scanner_copy","subject[36].credits","3","",0,1,1,"NONE"
"DOC-0202119F_scanner_copy","marksheet","scanner_copy","subject[37].code","MA102","",0,1,1,"NONE"
"DOC-0202119F_scanner_copy","marksheet","scanner_copy","subject[37].grade","A","",0,1,1,"NONE"
"DOC-0202119F_scanner_copy","marksheet","scanner_copy","subject[37].credits","4","",0,1,1,"NONE"
"DOC-0202119F_scanner_copy","marksheet","scanner_copy","subject[38].code","CE302","",0,1,1,"NONE"
"DOC-0202119F_scanner_copy","marksheet","scanner_copy","subject[38].grade","O","",0,1,1,"NONE"
"DOC-0202119F_scanner_copy","marksheet","scanner_copy","subject[38].credits","3","",0,1,1,"NONE"
"DOC-0202119F_scanner_copy","marksheet","scanner_copy","subject[39].code","CE301","",0,1,1,"NONE"
"DOC-0202119F_scanner_copy","marksheet","scanner_copy","subject[39].grade","A+","",0,1,1,"NONE"
"DOC-0202119F_scanner_copy","marksheet","scanner_copy","subject[39].credits","4","",0,1,1,"NONE"
"DOC-030D51EE_clean","marksheet","clean","studentName","rohit kumar","vivek nair",0,0.7272727272727273,1,"OCR_ERROR"
"DOC-030D51EE_clean","marksheet","clean","rollNumber","20BTECE0403","2019EE000570",0,0.6363636363636364,1,"OCR_ERROR"
"DOC-030D51EE_clean","marksheet","clean","enrollmentNumber","EN202000403","EN201900570",0,0.45454545454545453,1,"PARTIAL_MATCH"
"DOC-030D51EE_clean","marksheet","clean","degreeName","Bachelor of Technology in Electronics and Communication Engineering","Electrical Engineering",0,0.6865671641791045,0.875,"OCR_ERROR"
"DOC-030D51EE_clean","marksheet","clean","branchName","electronics and communication engineering","",0,1,1,"FIELD_MISSING"
"DOC-030D51EE_clean","marksheet","clean","batchYears","2020 - 2024","2019 - 2023",0,0.2727272727272727,0.6666666666666666,"PARTIAL_MATCH"
"DOC-030D51EE_clean","marksheet","clean","fatherName","sagar kumar","",0,1,1,"FIELD_MISSING"
"DOC-030D51EE_clean","marksheet","clean","motherName","anjali kumar","",0,1,1,"FIELD_MISSING"
"DOC-030D51EE_clean","marksheet","clean","dateOfBirth","2002-09-01","",0,1,1,"FIELD_MISSING"
"DOC-030D51EE_clean","marksheet","clean","email","rohit.kumar403@srit.edu.in","",0,1,1,"FIELD_MISSING"
"DOC-030D51EE_clean","marksheet","clean","phone","+91 9853122855","",0,1,1,"FIELD_MISSING"
"DOC-030D51EE_clean","marksheet","clean","bloodGroup","o-","",0,1,1,"FIELD_MISSING"
"DOC-030D51EE_clean","marksheet","clean","universityName","Sri Ramanujan Institute of Technology","Indira Gandhi College of Engineering",0,0.7837837837837838,0.8,"OCR_ERROR"
"DOC-030D51EE_clean","marksheet","clean","universityCode","SRIT","",0,1,1,"FIELD_MISSING"
"DOC-030D51EE_clean","marksheet","clean","universityTagline","Innovation, Research, Technology","Empowering Minds, Shaping Future",0,0.875,1,"OCR_ERROR"
"DOC-030D51EE_clean","marksheet","clean","cgpa","7.63","7.4",0,1,1,"FORMAT_ERROR"
"DOC-030D51EE_clean","marksheet","clean","issueDate","2024-07-07","2023-02-13",0,0.4,1,"FORMAT_ERROR"
"DOC-030D51EE_clean","marksheet","clean","subject[0].code","ES101","",0,1,1,"NONE"
"DOC-030D51EE_clean","marksheet","clean","subject[0].grade","A","",0,1,1,"NONE"
"DOC-030D51EE_clean","marksheet","clean","subject[0].credits","2","",0,1,1,"NONE"
"DOC-030D51EE_clean","marksheet","clean","subject[1].code","EC206","",0,1,1,"NONE"
"DOC-030D51EE_clean","marksheet","clean","subject[1].grade","A","",0,1,1,"NONE"
"DOC-030D51EE_clean","marksheet","clean","subject[1].credits","3","",0,1,1,"NONE"
"DOC-030D51EE_clean","marksheet","clean","subject[2].code","EC204","",0,1,1,"NONE"
"DOC-030D51EE_clean","marksheet","clean","subject[2].grade","C","",0,1,1,"NONE"
"DOC-030D51EE_clean","marksheet","clean","subject[2].credits","3","",0,1,1,"NONE"
"DOC-030D51EE_clean","marksheet","clean","subject[3].code","EC304","",0,1,1,"NONE"
"DOC-030D51EE_clean","marksheet","clean","subject[3].grade","S","",0,1,1,"NONE"
"DOC-030D51EE_clean","marksheet","clean","subject[3].credits","3","",0,1,1,"NONE"
"DOC-030D51EE_clean","marksheet","clean","subject[4].code","EC202","",0,1,1,"NONE"
"DOC-030D51EE_clean","marksheet","clean","subject[4].grade","A","",0,1,1,"NONE"
"DOC-030D51EE_clean","marksheet","clean","subject[4].credits","4","",0,1,1,"NONE"
"DOC-030D51EE_clean","marksheet","clean","subject[5].code","ME100","",0,1,1,"NONE"
"DOC-030D51EE_clean","marksheet","clean","subject[5].grade","C","",0,1,1,"NONE"
"DOC-030D51EE_clean","marksheet","clean","subject[5].credits","3","",0,1,1,"NONE"
"DOC-030D51EE_clean","marksheet","clean","subject[6].code","EC201","",0,1,1,"NONE"
"DOC-030D51EE_clean","marksheet","clean","subject[6].grade","D","",0,1,1,"NONE"
"DOC-030D51EE_clean","marksheet","clean","subject[6].credits","4","",0,1,1,"NONE"
"DOC-030D51EE_clean","marksheet","clean","subject[7].code","EC305","",0,1,1,"NONE"
"DOC-030D51EE_clean","marksheet","clean","subject[7].grade","C","",0,1,1,"NONE"
"DOC-030D51EE_clean","marksheet","clean","subject[7].credits","3","",0,1,1,"NONE"
"DOC-030D51EE_clean","marksheet","clean","subject[8].code","HS101","",0,1,1,"NONE"
"DOC-030D51EE_clean","marksheet","clean","subject[8].grade","C","",0,1,1,"NONE"
"DOC-030D51EE_clean","marksheet","clean","subject[8].credits","2","",0,1,1,"NONE"
"DOC-030D51EE_clean","marksheet","clean","subject[9].code","EC205","",0,1,1,"NONE"
"DOC-030D51EE_clean","marksheet","clean","subject[9].grade","B","",0,1,1,"NONE"
"DOC-030D51EE_clean","marksheet","clean","subject[9].credits","4","",0,1,1,"NONE"
"DOC-030D51EE_clean","marksheet","clean","subject[10].code","EC203","",0,1,1,"NONE"
"DOC-030D51EE_clean","marksheet","clean","subject[10].grade","A","",0,1,1,"NONE"
"DOC-030D51EE_clean","marksheet","clean","subject[10].credits","3","",0,1,1,"NONE"
"DOC-030D51EE_clean","marksheet","clean","subject[11].code","EC202","",0,1,1,"NONE"
"DOC-030D51EE_clean","marksheet","clean","subject[11].grade","A","",0,1,1,"NONE"
"DOC-030D51EE_clean","marksheet","clean","subject[11].credits","4","",0,1,1,"NONE"
"DOC-030D51EE_clean","marksheet","clean","subject[12].code","EC205","",0,1,1,"NONE"
"DOC-030D51EE_clean","marksheet","clean","subject[12].grade","S","",0,1,1,"NONE"
"DOC-030D51EE_clean","marksheet","clean","subject[12].credits","4","",0,1,1,"NONE"
"DOC-030D51EE_clean","marksheet","clean","subject[13].code","MA102","",0,1,1,"NONE"
"DOC-030D51EE_clean","marksheet","clean","subject[13].grade","A","",0,1,1,"NONE"
"DOC-030D51EE_clean","marksheet","clean","subject[13].credits","4","",0,1,1,"NONE"
"DOC-030D51EE_clean","marksheet","clean","subject[14].code","CH101","",0,1,1,"NONE"
"DOC-030D51EE_clean","marksheet","clean","subject[14].grade","A","",0,1,1,"NONE"
"DOC-030D51EE_clean","marksheet","clean","subject[14].credits","3","",0,1,1,"NONE"
"DOC-030D51EE_clean","marksheet","clean","subject[15].code","EC204","",0,1,1,"NONE"
"DOC-030D51EE_clean","marksheet","clean","subject[15].grade","A","",0,1,1,"NONE"
"DOC-030D51EE_clean","marksheet","clean","subject[15].credits","3","",0,1,1,"NONE"
"DOC-030D51EE_clean","marksheet","clean","subject[16].code","ME100","",0,1,1,"NONE"
"DOC-030D51EE_clean","marksheet","clean","subject[16].grade","C","",0,1,1,"NONE"
"DOC-030D51EE_clean","marksheet","clean","subject[16].credits","3","",0,1,1,"NONE"
"DOC-030D51EE_clean","marksheet","clean","subject[17].code","EC206","",0,1,1,"NONE"
"DOC-030D51EE_clean","marksheet","clean","subject[17].grade","B","",0,1,1,"NONE"
"DOC-030D51EE_clean","marksheet","clean","subject[17].credits","3","",0,1,1,"NONE"
"DOC-030D51EE_clean","marksheet","clean","subject[18].code","EC303","",0,1,1,"NONE"
"DOC-030D51EE_clean","marksheet","clean","subject[18].grade","A","",0,1,1,"NONE"
"DOC-030D51EE_clean","marksheet","clean","subject[18].credits","3","",0,1,1,"NONE"
"DOC-030D51EE_clean","marksheet","clean","subject[19].code","EC205","",0,1,1,"NONE"
"DOC-030D51EE_clean","marksheet","clean","subject[19].grade","C","",0,1,1,"NONE"
"DOC-030D51EE_clean","marksheet","clean","subject[19].credits","4","",0,1,1,"NONE"
"DOC-030D51EE_clean","marksheet","clean","subject[20].code","ES101","",0,1,1,"NONE"
"DOC-030D51EE_clean","marksheet","clean","subject[20].grade","B","",0,1,1,"NONE"
"DOC-030D51EE_clean","marksheet","clean","subject[20].credits","2","",0,1,1,"NONE"
"DOC-030D51EE_clean","marksheet","clean","subject[21].code","EC302","",0,1,1,"NONE"
"DOC-030D51EE_clean","marksheet","clean","subject[21].grade","S","",0,1,1,"NONE"
"DOC-030D51EE_clean","marksheet","clean","subject[21].credits","3","",0,1,1,"NONE"
"DOC-030D51EE_clean","marksheet","clean","subject[22].code","EC202","",0,1,1,"NONE"
"DOC-030D51EE_clean","marksheet","clean","subject[22].grade","A","",0,1,1,"NONE"
"DOC-030D51EE_clean","marksheet","clean","subject[22].credits","4","",0,1,1,"NONE"
"DOC-030D51EE_clean","marksheet","clean","subject[23].code","EC204","",0,1,1,"NONE"
"DOC-030D51EE_clean","marksheet","clean","subject[23].grade","S","",0,1,1,"NONE"
"DOC-030D51EE_clean","marksheet","clean","subject[23].credits","3","",0,1,1,"NONE"
"DOC-030D51EE_clean","marksheet","clean","subject[24].code","ME100","",0,1,1,"NONE"
"DOC-030D51EE_clean","marksheet","clean","subject[24].grade","S","",0,1,1,"NONE"
"DOC-030D51EE_clean","marksheet","clean","subject[24].credits","3","",0,1,1,"NONE"
"DOC-030D51EE_clean","marksheet","clean","subject[25].code","ME100","",0,1,1,"NONE"
"DOC-030D51EE_clean","marksheet","clean","subject[25].grade","E","",0,1,1,"NONE"
"DOC-030D51EE_clean","marksheet","clean","subject[25].credits","3","",0,1,1,"NONE"
"DOC-030D51EE_clean","marksheet","clean","subject[26].code","MA101","",0,1,1,"NONE"
"DOC-030D51EE_clean","marksheet","clean","subject[26].grade","E","",0,1,1,"NONE"
"DOC-030D51EE_clean","marksheet","clean","subject[26].credits","4","",0,1,1,"NONE"
"DOC-030D51EE_clean","marksheet","clean","subject[27].code","EC301","",0,1,1,"NONE"
"DOC-030D51EE_clean","marksheet","clean","subject[27].grade","E","",0,1,1,"NONE"
"DOC-030D51EE_clean","marksheet","clean","subject[27].credits","4","",0,1,1,"NONE"
"DOC-030D51EE_clean","marksheet","clean","subject[28].code","EC202","",0,1,1,"NONE"
"DOC-030D51EE_clean","marksheet","clean","subject[28].grade","E","",0,1,1,"NONE"
"DOC-030D51EE_clean","marksheet","clean","subject[28].credits","4","",0,1,1,"NONE"
"DOC-030D51EE_clean","marksheet","clean","subject[29].code","HS101","",0,1,1,"NONE"
"DOC-030D51EE_clean","marksheet","clean","subject[29].grade","E","",0,1,1,"NONE"
"DOC-030D51EE_clean","marksheet","clean","subject[29].credits","2","",0,1,1,"NONE"
"DOC-030D51EE_clean","marksheet","clean","subject[30].code","MA101","",0,1,1,"NONE"
"DOC-030D51EE_clean","marksheet","clean","subject[30].grade","C","",0,1,1,"NONE"
"DOC-030D51EE_clean","marksheet","clean","subject[30].credits","4","",0,1,1,"NONE"
"DOC-030D51EE_clean","marksheet","clean","subject[31].code","ME100","",0,1,1,"NONE"
"DOC-030D51EE_clean","marksheet","clean","subject[31].grade","B","",0,1,1,"NONE"
"DOC-030D51EE_clean","marksheet","clean","subject[31].credits","3","",0,1,1,"NONE"
"DOC-030D51EE_clean","marksheet","clean","subject[32].code","EC303","",0,1,1,"NONE"
"DOC-030D51EE_clean","marksheet","clean","subject[32].grade","A","",0,1,1,"NONE"
"DOC-030D51EE_clean","marksheet","clean","subject[32].credits","3","",0,1,1,"NONE"
"DOC-030D51EE_clean","marksheet","clean","subject[33].code","EC203","",0,1,1,"NONE"
"DOC-030D51EE_clean","marksheet","clean","subject[33].grade","B","",0,1,1,"NONE"
"DOC-030D51EE_clean","marksheet","clean","subject[33].credits","3","",0,1,1,"NONE"
"DOC-030D51EE_clean","marksheet","clean","subject[34].code","EC204","",0,1,1,"NONE"
"DOC-030D51EE_clean","marksheet","clean","subject[34].grade","C","",0,1,1,"NONE"
"DOC-030D51EE_clean","marksheet","clean","subject[34].credits","3","",0,1,1,"NONE"
"DOC-030D51EE_clean","marksheet","clean","subject[35].code","EC205","",0,1,1,"NONE"
"DOC-030D51EE_clean","marksheet","clean","subject[35].grade","D","",0,1,1,"NONE"
"DOC-030D51EE_clean","marksheet","clean","subject[35].credits","4","",0,1,1,"NONE"
"DOC-030D51EE_clean","marksheet","clean","subject[36].code","EC301","",0,1,1,"NONE"
"DOC-030D51EE_clean","marksheet","clean","subject[36].grade","C","",0,1,1,"NONE"
"DOC-030D51EE_clean","marksheet","clean","subject[36].credits","4","",0,1,1,"NONE"
"DOC-030D51EE_clean","marksheet","clean","subject[37].code","MA102","",0,1,1,"NONE"
"DOC-030D51EE_clean","marksheet","clean","subject[37].grade","D","",0,1,1,"NONE"
"DOC-030D51EE_clean","marksheet","clean","subject[37].credits","4","",0,1,1,"NONE"
"DOC-030D51EE_clean","marksheet","clean","subject[38].code","EC302","",0,1,1,"NONE"
"DOC-030D51EE_clean","marksheet","clean","subject[38].grade","D","",0,1,1,"NONE"
"DOC-030D51EE_clean","marksheet","clean","subject[38].credits","3","",0,1,1,"NONE"
"DOC-030D51EE_clean","marksheet","clean","subject[39].code","EC304","",0,1,1,"NONE"
"DOC-030D51EE_clean","marksheet","clean","subject[39].grade","D","",0,1,1,"NONE"
"DOC-030D51EE_clean","marksheet","clean","subject[39].credits","3","",0,1,1,"NONE"
"DOC-030D51EE_mobile_camera","marksheet","mobile_camera","studentName","rohit kumar","vivek nair",0,0.7272727272727273,1,"OCR_ERROR"
"DOC-030D51EE_mobile_camera","marksheet","mobile_camera","rollNumber","20BTECE0403","2019EE000570",0,0.6363636363636364,1,"OCR_ERROR"
"DOC-030D51EE_mobile_camera","marksheet","mobile_camera","enrollmentNumber","EN202000403","EN201900570",0,0.45454545454545453,1,"PARTIAL_MATCH"
"DOC-030D51EE_mobile_camera","marksheet","mobile_camera","degreeName","Bachelor of Technology in Electronics and Communication Engineering","Electrical Engineering",0,0.6865671641791045,0.875,"OCR_ERROR"
"DOC-030D51EE_mobile_camera","marksheet","mobile_camera","branchName","electronics and communication engineering","electrical engineering",0,0.4878048780487805,0.75,"PARTIAL_MATCH"
"DOC-030D51EE_mobile_camera","marksheet","mobile_camera","batchYears","2020 - 2024","2019 - 2023",0,0.2727272727272727,0.6666666666666666,"PARTIAL_MATCH"
"DOC-030D51EE_mobile_camera","marksheet","mobile_camera","fatherName","sagar kumar","",0,1,1,"FIELD_MISSING"
"DOC-030D51EE_mobile_camera","marksheet","mobile_camera","motherName","anjali kumar","",0,1,1,"FIELD_MISSING"
"DOC-030D51EE_mobile_camera","marksheet","mobile_camera","dateOfBirth","2002-09-01","",0,1,1,"FIELD_MISSING"
"DOC-030D51EE_mobile_camera","marksheet","mobile_camera","email","rohit.kumar403@srit.edu.in","",0,1,1,"FIELD_MISSING"
"DOC-030D51EE_mobile_camera","marksheet","mobile_camera","phone","+91 9853122855","",0,1,1,"FIELD_MISSING"
"DOC-030D51EE_mobile_camera","marksheet","mobile_camera","bloodGroup","o-","",0,1,1,"FIELD_MISSING"
"DOC-030D51EE_mobile_camera","marksheet","mobile_camera","universityName","Sri Ramanujan Institute of Technology","Indira Gandhi College of Engineering",0,0.7837837837837838,0.8,"OCR_ERROR"
"DOC-030D51EE_mobile_camera","marksheet","mobile_camera","universityCode","SRIT","",0,1,1,"FIELD_MISSING"
"DOC-030D51EE_mobile_camera","marksheet","mobile_camera","universityTagline","Innovation, Research, Technology","Empowering Minds, Shaping Future",0,0.875,1,"OCR_ERROR"
"DOC-030D51EE_mobile_camera","marksheet","mobile_camera","cgpa","7.63","7.4",0,1,1,"FORMAT_ERROR"
"DOC-030D51EE_mobile_camera","marksheet","mobile_camera","issueDate","2024-07-07","2023-02-13",0,0.4,1,"FORMAT_ERROR"
"DOC-030D51EE_mobile_camera","marksheet","mobile_camera","subject[0].code","ES101","",0,1,1,"NONE"
"DOC-030D51EE_mobile_camera","marksheet","mobile_camera","subject[0].grade","A","",0,1,1,"NONE"
"DOC-030D51EE_mobile_camera","marksheet","mobile_camera","subject[0].credits","2","",0,1,1,"NONE"
"DOC-030D51EE_mobile_camera","marksheet","mobile_camera","subject[1].code","EC206","",0,1,1,"NONE"
"DOC-030D51EE_mobile_camera","marksheet","mobile_camera","subject[1].grade","A","",0,1,1,"NONE"
"DOC-030D51EE_mobile_camera","marksheet","mobile_camera","subject[1].credits","3","",0,1,1,"NONE"
"DOC-030D51EE_mobile_camera","marksheet","mobile_camera","subject[2].code","EC204","",0,1,1,"NONE"
"DOC-030D51EE_mobile_camera","marksheet","mobile_camera","subject[2].grade","C","",0,1,1,"NONE"
"DOC-030D51EE_mobile_camera","marksheet","mobile_camera","subject[2].credits","3","",0,1,1,"NONE"
"DOC-030D51EE_mobile_camera","marksheet","mobile_camera","subject[3].code","EC304","",0,1,1,"NONE"
"DOC-030D51EE_mobile_camera","marksheet","mobile_camera","subject[3].grade","S","",0,1,1,"NONE"
"DOC-030D51EE_mobile_camera","marksheet","mobile_camera","subject[3].credits","3","",0,1,1,"NONE"
"DOC-030D51EE_mobile_camera","marksheet","mobile_camera","subject[4].code","EC202","",0,1,1,"NONE"
"DOC-030D51EE_mobile_camera","marksheet","mobile_camera","subject[4].grade","A","",0,1,1,"NONE"
"DOC-030D51EE_mobile_camera","marksheet","mobile_camera","subject[4].credits","4","",0,1,1,"NONE"
"DOC-030D51EE_mobile_camera","marksheet","mobile_camera","subject[5].code","ME100","",0,1,1,"NONE"
"DOC-030D51EE_mobile_camera","marksheet","mobile_camera","subject[5].grade","C","",0,1,1,"NONE"
"DOC-030D51EE_mobile_camera","marksheet","mobile_camera","subject[5].credits","3","",0,1,1,"NONE"
"DOC-030D51EE_mobile_camera","marksheet","mobile_camera","subject[6].code","EC201","",0,1,1,"NONE"
"DOC-030D51EE_mobile_camera","marksheet","mobile_camera","subject[6].grade","D","",0,1,1,"NONE"
"DOC-030D51EE_mobile_camera","marksheet","mobile_camera","subject[6].credits","4","",0,1,1,"NONE"
"DOC-030D51EE_mobile_camera","marksheet","mobile_camera","subject[7].code","EC305","",0,1,1,"NONE"
"DOC-030D51EE_mobile_camera","marksheet","mobile_camera","subject[7].grade","C","",0,1,1,"NONE"
"DOC-030D51EE_mobile_camera","marksheet","mobile_camera","subject[7].credits","3","",0,1,1,"NONE"
"DOC-030D51EE_mobile_camera","marksheet","mobile_camera","subject[8].code","HS101","",0,1,1,"NONE"
"DOC-030D51EE_mobile_camera","marksheet","mobile_camera","subject[8].grade","C","",0,1,1,"NONE"
"DOC-030D51EE_mobile_camera","marksheet","mobile_camera","subject[8].credits","2","",0,1,1,"NONE"
"DOC-030D51EE_mobile_camera","marksheet","mobile_camera","subject[9].code","EC205","",0,1,1,"NONE"
"DOC-030D51EE_mobile_camera","marksheet","mobile_camera","subject[9].grade","B","",0,1,1,"NONE"
"DOC-030D51EE_mobile_camera","marksheet","mobile_camera","subject[9].credits","4","",0,1,1,"NONE"
"DOC-030D51EE_mobile_camera","marksheet","mobile_camera","subject[10].code","EC203","",0,1,1,"NONE"
"DOC-030D51EE_mobile_camera","marksheet","mobile_camera","subject[10].grade","A","",0,1,1,"NONE"
"DOC-030D51EE_mobile_camera","marksheet","mobile_camera","subject[10].credits","3","",0,1,1,"NONE"
"DOC-030D51EE_mobile_camera","marksheet","mobile_camera","subject[11].code","EC202","",0,1,1,"NONE"
"DOC-030D51EE_mobile_camera","marksheet","mobile_camera","subject[11].grade","A","",0,1,1,"NONE"
"DOC-030D51EE_mobile_camera","marksheet","mobile_camera","subject[11].credits","4","",0,1,1,"NONE"
"DOC-030D51EE_mobile_camera","marksheet","mobile_camera","subject[12].code","EC205","",0,1,1,"NONE"
"DOC-030D51EE_mobile_camera","marksheet","mobile_camera","subject[12].grade","S","",0,1,1,"NONE"
"DOC-030D51EE_mobile_camera","marksheet","mobile_camera","subject[12].credits","4","",0,1,1,"NONE"
"DOC-030D51EE_mobile_camera","marksheet","mobile_camera","subject[13].code","MA102","",0,1,1,"NONE"
"DOC-030D51EE_mobile_camera","marksheet","mobile_camera","subject[13].grade","A","",0,1,1,"NONE"
"DOC-030D51EE_mobile_camera","marksheet","mobile_camera","subject[13].credits","4","",0,1,1,"NONE"
"DOC-030D51EE_mobile_camera","marksheet","mobile_camera","subject[14].code","CH101","",0,1,1,"NONE"
"DOC-030D51EE_mobile_camera","marksheet","mobile_camera","subject[14].grade","A","",0,1,1,"NONE"
"DOC-030D51EE_mobile_camera","marksheet","mobile_camera","subject[14].credits","3","",0,1,1,"NONE"
"DOC-030D51EE_mobile_camera","marksheet","mobile_camera","subject[15].code","EC204","",0,1,1,"NONE"
"DOC-030D51EE_mobile_camera","marksheet","mobile_camera","subject[15].grade","A","",0,1,1,"NONE"
"DOC-030D51EE_mobile_camera","marksheet","mobile_camera","subject[15].credits","3","",0,1,1,"NONE"
"DOC-030D51EE_mobile_camera","marksheet","mobile_camera","subject[16].code","ME100","",0,1,1,"NONE"
"DOC-030D51EE_mobile_camera","marksheet","mobile_camera","subject[16].grade","C","",0,1,1,"NONE"
"DOC-030D51EE_mobile_camera","marksheet","mobile_camera","subject[16].credits","3","",0,1,1,"NONE"
"DOC-030D51EE_mobile_camera","marksheet","mobile_camera","subject[17].code","EC206","",0,1,1,"NONE"
"DOC-030D51EE_mobile_camera","marksheet","mobile_camera","subject[17].grade","B","",0,1,1,"NONE"
"DOC-030D51EE_mobile_camera","marksheet","mobile_camera","subject[17].credits","3","",0,1,1,"NONE"
"DOC-030D51EE_mobile_camera","marksheet","mobile_camera","subject[18].code","EC303","",0,1,1,"NONE"
"DOC-030D51EE_mobile_camera","marksheet","mobile_camera","subject[18].grade","A","",0,1,1,"NONE"
"DOC-030D51EE_mobile_camera","marksheet","mobile_camera","subject[18].credits","3","",0,1,1,"NONE"
"DOC-030D51EE_mobile_camera","marksheet","mobile_camera","subject[19].code","EC205","",0,1,1,"NONE"
"DOC-030D51EE_mobile_camera","marksheet","mobile_camera","subject[19].grade","C","",0,1,1,"NONE"
"DOC-030D51EE_mobile_camera","marksheet","mobile_camera","subject[19].credits","4","",0,1,1,"NONE"
"DOC-030D51EE_mobile_camera","marksheet","mobile_camera","subject[20].code","ES101","",0,1,1,"NONE"
"DOC-030D51EE_mobile_camera","marksheet","mobile_camera","subject[20].grade","B","",0,1,1,"NONE"
"DOC-030D51EE_mobile_camera","marksheet","mobile_camera","subject[20].credits","2","",0,1,1,"NONE"
"DOC-030D51EE_mobile_camera","marksheet","mobile_camera","subject[21].code","EC302","",0,1,1,"NONE"
"DOC-030D51EE_mobile_camera","marksheet","mobile_camera","subject[21].grade","S","",0,1,1,"NONE"
"DOC-030D51EE_mobile_camera","marksheet","mobile_camera","subject[21].credits","3","",0,1,1,"NONE"
"DOC-030D51EE_mobile_camera","marksheet","mobile_camera","subject[22].code","EC202","",0,1,1,"NONE"
"DOC-030D51EE_mobile_camera","marksheet","mobile_camera","subject[22].grade","A","",0,1,1,"NONE"
"DOC-030D51EE_mobile_camera","marksheet","mobile_camera","subject[22].credits","4","",0,1,1,"NONE"
"DOC-030D51EE_mobile_camera","marksheet","mobile_camera","subject[23].code","EC204","",0,1,1,"NONE"
"DOC-030D51EE_mobile_camera","marksheet","mobile_camera","subject[23].grade","S","",0,1,1,"NONE"
"DOC-030D51EE_mobile_camera","marksheet","mobile_camera","subject[23].credits","3","",0,1,1,"NONE"
"DOC-030D51EE_mobile_camera","marksheet","mobile_camera","subject[24].code","ME100","",0,1,1,"NONE"
"DOC-030D51EE_mobile_camera","marksheet","mobile_camera","subject[24].grade","S","",0,1,1,"NONE"
"DOC-030D51EE_mobile_camera","marksheet","mobile_camera","subject[24].credits","3","",0,1,1,"NONE"
"DOC-030D51EE_mobile_camera","marksheet","mobile_camera","subject[25].code","ME100","",0,1,1,"NONE"
"DOC-030D51EE_mobile_camera","marksheet","mobile_camera","subject[25].grade","E","",0,1,1,"NONE"
"DOC-030D51EE_mobile_camera","marksheet","mobile_camera","subject[25].credits","3","",0,1,1,"NONE"
"DOC-030D51EE_mobile_camera","marksheet","mobile_camera","subject[26].code","MA101","",0,1,1,"NONE"
"DOC-030D51EE_mobile_camera","marksheet","mobile_camera","subject[26].grade","E","",0,1,1,"NONE"
"DOC-030D51EE_mobile_camera","marksheet","mobile_camera","subject[26].credits","4","",0,1,1,"NONE"
"DOC-030D51EE_mobile_camera","marksheet","mobile_camera","subject[27].code","EC301","",0,1,1,"NONE"
"DOC-030D51EE_mobile_camera","marksheet","mobile_camera","subject[27].grade","E","",0,1,1,"NONE"
"DOC-030D51EE_mobile_camera","marksheet","mobile_camera","subject[27].credits","4","",0,1,1,"NONE"
"DOC-030D51EE_mobile_camera","marksheet","mobile_camera","subject[28].code","EC202","",0,1,1,"NONE"
"DOC-030D51EE_mobile_camera","marksheet","mobile_camera","subject[28].grade","E","",0,1,1,"NONE"
"DOC-030D51EE_mobile_camera","marksheet","mobile_camera","subject[28].credits","4","",0,1,1,"NONE"
"DOC-030D51EE_mobile_camera","marksheet","mobile_camera","subject[29].code","HS101","",0,1,1,"NONE"
"DOC-030D51EE_mobile_camera","marksheet","mobile_camera","subject[29].grade","E","",0,1,1,"NONE"
"DOC-030D51EE_mobile_camera","marksheet","mobile_camera","subject[29].credits","2","",0,1,1,"NONE"
"DOC-030D51EE_mobile_camera","marksheet","mobile_camera","subject[30].code","MA101","",0,1,1,"NONE"
"DOC-030D51EE_mobile_camera","marksheet","mobile_camera","subject[30].grade","C","",0,1,1,"NONE"
"DOC-030D51EE_mobile_camera","marksheet","mobile_camera","subject[30].credits","4","",0,1,1,"NONE"
"DOC-030D51EE_mobile_camera","marksheet","mobile_camera","subject[31].code","ME100","",0,1,1,"NONE"
"DOC-030D51EE_mobile_camera","marksheet","mobile_camera","subject[31].grade","B","",0,1,1,"NONE"
"DOC-030D51EE_mobile_camera","marksheet","mobile_camera","subject[31].credits","3","",0,1,1,"NONE"
"DOC-030D51EE_mobile_camera","marksheet","mobile_camera","subject[32].code","EC303","",0,1,1,"NONE"
"DOC-030D51EE_mobile_camera","marksheet","mobile_camera","subject[32].grade","A","",0,1,1,"NONE"
"DOC-030D51EE_mobile_camera","marksheet","mobile_camera","subject[32].credits","3","",0,1,1,"NONE"
"DOC-030D51EE_mobile_camera","marksheet","mobile_camera","subject[33].code","EC203","",0,1,1,"NONE"
"DOC-030D51EE_mobile_camera","marksheet","mobile_camera","subject[33].grade","B","",0,1,1,"NONE"
"DOC-030D51EE_mobile_camera","marksheet","mobile_camera","subject[33].credits","3","",0,1,1,"NONE"
"DOC-030D51EE_mobile_camera","marksheet","mobile_camera","subject[34].code","EC204","",0,1,1,"NONE"
"DOC-030D51EE_mobile_camera","marksheet","mobile_camera","subject[34].grade","C","",0,1,1,"NONE"
"DOC-030D51EE_mobile_camera","marksheet","mobile_camera","subject[34].credits","3","",0,1,1,"NONE"
"DOC-030D51EE_mobile_camera","marksheet","mobile_camera","subject[35].code","EC205","",0,1,1,"NONE"
"DOC-030D51EE_mobile_camera","marksheet","mobile_camera","subject[35].grade","D","",0,1,1,"NONE"
"DOC-030D51EE_mobile_camera","marksheet","mobile_camera","subject[35].credits","4","",0,1,1,"NONE"
"DOC-030D51EE_mobile_camera","marksheet","mobile_camera","subject[36].code","EC301","",0,1,1,"NONE"
"DOC-030D51EE_mobile_camera","marksheet","mobile_camera","subject[36].grade","C","",0,1,1,"NONE"
"DOC-030D51EE_mobile_camera","marksheet","mobile_camera","subject[36].credits","4","",0,1,1,"NONE"
"DOC-030D51EE_mobile_camera","marksheet","mobile_camera","subject[37].code","MA102","",0,1,1,"NONE"
"DOC-030D51EE_mobile_camera","marksheet","mobile_camera","subject[37].grade","D","",0,1,1,"NONE"
"DOC-030D51EE_mobile_camera","marksheet","mobile_camera","subject[37].credits","4","",0,1,1,"NONE"
"DOC-030D51EE_mobile_camera","marksheet","mobile_camera","subject[38].code","EC302","",0,1,1,"NONE"
"DOC-030D51EE_mobile_camera","marksheet","mobile_camera","subject[38].grade","D","",0,1,1,"NONE"
"DOC-030D51EE_mobile_camera","marksheet","mobile_camera","subject[38].credits","3","",0,1,1,"NONE"
"DOC-030D51EE_mobile_camera","marksheet","mobile_camera","subject[39].code","EC304","",0,1,1,"NONE"
"DOC-030D51EE_mobile_camera","marksheet","mobile_camera","subject[39].grade","D","",0,1,1,"NONE"
"DOC-030D51EE_mobile_camera","marksheet","mobile_camera","subject[39].credits","3","",0,1,1,"NONE"
"DOC-030D51EE_rotated_90","marksheet","rotated_90","studentName","rohit kumar","vek nair",0,0.8181818181818182,1,"OCR_ERROR"
"DOC-030D51EE_rotated_90","marksheet","rotated_90","rollNumber","20BTECE0403","EN201900570",0,0.9090909090909091,1,"OCR_ERROR"
"DOC-030D51EE_rotated_90","marksheet","rotated_90","enrollmentNumber","EN202000403","2018EEC00570",0,0.9090909090909091,1,"OCR_ERROR"
"DOC-030D51EE_rotated_90","marksheet","rotated_90","degreeName","Bachelor of Technology in Electronics and Communication Engineering","Bachelor Degree",0,0.7910447761194029,0.875,"OCR_ERROR"
"DOC-030D51EE_rotated_90","marksheet","rotated_90","branchName","electronics and communication engineering","electrical engineering",0,0.4878048780487805,0.75,"PARTIAL_MATCH"
"DOC-030D51EE_rotated_90","marksheet","rotated_90","batchYears","2020 - 2024","2019-2023",0,0.45454545454545453,1,"PARTIAL_MATCH"
"DOC-030D51EE_rotated_90","marksheet","rotated_90","fatherName","sagar kumar","",0,1,1,"FIELD_MISSING"
"DOC-030D51EE_rotated_90","marksheet","rotated_90","motherName","anjali kumar","",0,1,1,"FIELD_MISSING"
"DOC-030D51EE_rotated_90","marksheet","rotated_90","dateOfBirth","2002-09-01","",0,1,1,"FIELD_MISSING"
"DOC-030D51EE_rotated_90","marksheet","rotated_90","email","rohit.kumar403@srit.edu.in","",0,1,1,"FIELD_MISSING"
"DOC-030D51EE_rotated_90","marksheet","rotated_90","phone","+91 9853122855","",0,1,1,"FIELD_MISSING"
"DOC-030D51EE_rotated_90","marksheet","rotated_90","bloodGroup","o-","",0,1,1,"FIELD_MISSING"
"DOC-030D51EE_rotated_90","marksheet","rotated_90","universityName","Sri Ramanujan Institute of Technology","Indira Gandhi College of Engineering",0,0.7837837837837838,0.8,"OCR_ERROR"
"DOC-030D51EE_rotated_90","marksheet","rotated_90","universityCode","SRIT","",0,1,1,"FIELD_MISSING"
"DOC-030D51EE_rotated_90","marksheet","rotated_90","universityTagline","Innovation, Research, Technology","Empowering Minds, Shaping Future",0,0.875,1,"OCR_ERROR"
"DOC-030D51EE_rotated_90","marksheet","rotated_90","cgpa","7.63","7.4",0,1,1,"FORMAT_ERROR"
"DOC-030D51EE_rotated_90","marksheet","rotated_90","issueDate","2024-07-07","2023-02-13",0,0.4,1,"FORMAT_ERROR"
"DOC-030D51EE_rotated_90","marksheet","rotated_90","subject[0].code","ES101","",0,1,1,"NONE"
"DOC-030D51EE_rotated_90","marksheet","rotated_90","subject[0].grade","A","",0,1,1,"NONE"
"DOC-030D51EE_rotated_90","marksheet","rotated_90","subject[0].credits","2","",0,1,1,"NONE"
"DOC-030D51EE_rotated_90","marksheet","rotated_90","subject[1].code","EC206","",0,1,1,"NONE"
"DOC-030D51EE_rotated_90","marksheet","rotated_90","subject[1].grade","A","",0,1,1,"NONE"
"DOC-030D51EE_rotated_90","marksheet","rotated_90","subject[1].credits","3","",0,1,1,"NONE"
"DOC-030D51EE_rotated_90","marksheet","rotated_90","subject[2].code","EC204","",0,1,1,"NONE"
"DOC-030D51EE_rotated_90","marksheet","rotated_90","subject[2].grade","C","",0,1,1,"NONE"
"DOC-030D51EE_rotated_90","marksheet","rotated_90","subject[2].credits","3","",0,1,1,"NONE"
"DOC-030D51EE_rotated_90","marksheet","rotated_90","subject[3].code","EC304","",0,1,1,"NONE"
"DOC-030D51EE_rotated_90","marksheet","rotated_90","subject[3].grade","S","",0,1,1,"NONE"
"DOC-030D51EE_rotated_90","marksheet","rotated_90","subject[3].credits","3","",0,1,1,"NONE"
"DOC-030D51EE_rotated_90","marksheet","rotated_90","subject[4].code","EC202","",0,1,1,"NONE"
"DOC-030D51EE_rotated_90","marksheet","rotated_90","subject[4].grade","A","",0,1,1,"NONE"
"DOC-030D51EE_rotated_90","marksheet","rotated_90","subject[4].credits","4","",0,1,1,"NONE"
"DOC-030D51EE_rotated_90","marksheet","rotated_90","subject[5].code","ME100","",0,1,1,"NONE"
"DOC-030D51EE_rotated_90","marksheet","rotated_90","subject[5].grade","C","",0,1,1,"NONE"
"DOC-030D51EE_rotated_90","marksheet","rotated_90","subject[5].credits","3","",0,1,1,"NONE"
"DOC-030D51EE_rotated_90","marksheet","rotated_90","subject[6].code","EC201","",0,1,1,"NONE"
"DOC-030D51EE_rotated_90","marksheet","rotated_90","subject[6].grade","D","",0,1,1,"NONE"
"DOC-030D51EE_rotated_90","marksheet","rotated_90","subject[6].credits","4","",0,1,1,"NONE"
"DOC-030D51EE_rotated_90","marksheet","rotated_90","subject[7].code","EC305","",0,1,1,"NONE"
"DOC-030D51EE_rotated_90","marksheet","rotated_90","subject[7].grade","C","",0,1,1,"NONE"
"DOC-030D51EE_rotated_90","marksheet","rotated_90","subject[7].credits","3","",0,1,1,"NONE"
"DOC-030D51EE_rotated_90","marksheet","rotated_90","subject[8].code","HS101","",0,1,1,"NONE"
"DOC-030D51EE_rotated_90","marksheet","rotated_90","subject[8].grade","C","",0,1,1,"NONE"
"DOC-030D51EE_rotated_90","marksheet","rotated_90","subject[8].credits","2","",0,1,1,"NONE"
"DOC-030D51EE_rotated_90","marksheet","rotated_90","subject[9].code","EC205","",0,1,1,"NONE"
"DOC-030D51EE_rotated_90","marksheet","rotated_90","subject[9].grade","B","",0,1,1,"NONE"
"DOC-030D51EE_rotated_90","marksheet","rotated_90","subject[9].credits","4","",0,1,1,"NONE"
"DOC-030D51EE_rotated_90","marksheet","rotated_90","subject[10].code","EC203","",0,1,1,"NONE"
"DOC-030D51EE_rotated_90","marksheet","rotated_90","subject[10].grade","A","",0,1,1,"NONE"
"DOC-030D51EE_rotated_90","marksheet","rotated_90","subject[10].credits","3","",0,1,1,"NONE"
"DOC-030D51EE_rotated_90","marksheet","rotated_90","subject[11].code","EC202","",0,1,1,"NONE"
"DOC-030D51EE_rotated_90","marksheet","rotated_90","subject[11].grade","A","",0,1,1,"NONE"
"DOC-030D51EE_rotated_90","marksheet","rotated_90","subject[11].credits","4","",0,1,1,"NONE"
"DOC-030D51EE_rotated_90","marksheet","rotated_90","subject[12].code","EC205","",0,1,1,"NONE"
"DOC-030D51EE_rotated_90","marksheet","rotated_90","subject[12].grade","S","",0,1,1,"NONE"
"DOC-030D51EE_rotated_90","marksheet","rotated_90","subject[12].credits","4","",0,1,1,"NONE"
"DOC-030D51EE_rotated_90","marksheet","rotated_90","subject[13].code","MA102","",0,1,1,"NONE"
"DOC-030D51EE_rotated_90","marksheet","rotated_90","subject[13].grade","A","",0,1,1,"NONE"
"DOC-030D51EE_rotated_90","marksheet","rotated_90","subject[13].credits","4","",0,1,1,"NONE"
"DOC-030D51EE_rotated_90","marksheet","rotated_90","subject[14].code","CH101","",0,1,1,"NONE"
"DOC-030D51EE_rotated_90","marksheet","rotated_90","subject[14].grade","A","",0,1,1,"NONE"
"DOC-030D51EE_rotated_90","marksheet","rotated_90","subject[14].credits","3","",0,1,1,"NONE"
"DOC-030D51EE_rotated_90","marksheet","rotated_90","subject[15].code","EC204","",0,1,1,"NONE"
"DOC-030D51EE_rotated_90","marksheet","rotated_90","subject[15].grade","A","",0,1,1,"NONE"
"DOC-030D51EE_rotated_90","marksheet","rotated_90","subject[15].credits","3","",0,1,1,"NONE"
"DOC-030D51EE_rotated_90","marksheet","rotated_90","subject[16].code","ME100","",0,1,1,"NONE"
"DOC-030D51EE_rotated_90","marksheet","rotated_90","subject[16].grade","C","",0,1,1,"NONE"
"DOC-030D51EE_rotated_90","marksheet","rotated_90","subject[16].credits","3","",0,1,1,"NONE"
"DOC-030D51EE_rotated_90","marksheet","rotated_90","subject[17].code","EC206","",0,1,1,"NONE"
"DOC-030D51EE_rotated_90","marksheet","rotated_90","subject[17].grade","B","",0,1,1,"NONE"
"DOC-030D51EE_rotated_90","marksheet","rotated_90","subject[17].credits","3","",0,1,1,"NONE"
"DOC-030D51EE_rotated_90","marksheet","rotated_90","subject[18].code","EC303","",0,1,1,"NONE"
"DOC-030D51EE_rotated_90","marksheet","rotated_90","subject[18].grade","A","",0,1,1,"NONE"
"DOC-030D51EE_rotated_90","marksheet","rotated_90","subject[18].credits","3","",0,1,1,"NONE"
"DOC-030D51EE_rotated_90","marksheet","rotated_90","subject[19].code","EC205","",0,1,1,"NONE"
"DOC-030D51EE_rotated_90","marksheet","rotated_90","subject[19].grade","C","",0,1,1,"NONE"
"DOC-030D51EE_rotated_90","marksheet","rotated_90","subject[19].credits","4","",0,1,1,"NONE"
"DOC-030D51EE_rotated_90","marksheet","rotated_90","subject[20].code","ES101","",0,1,1,"NONE"
"DOC-030D51EE_rotated_90","marksheet","rotated_90","subject[20].grade","B","",0,1,1,"NONE"
"DOC-030D51EE_rotated_90","marksheet","rotated_90","subject[20].credits","2","",0,1,1,"NONE"
"DOC-030D51EE_rotated_90","marksheet","rotated_90","subject[21].code","EC302","",0,1,1,"NONE"
"DOC-030D51EE_rotated_90","marksheet","rotated_90","subject[21].grade","S","",0,1,1,"NONE"
"DOC-030D51EE_rotated_90","marksheet","rotated_90","subject[21].credits","3","",0,1,1,"NONE"
"DOC-030D51EE_rotated_90","marksheet","rotated_90","subject[22].code","EC202","",0,1,1,"NONE"
"DOC-030D51EE_rotated_90","marksheet","rotated_90","subject[22].grade","A","",0,1,1,"NONE"
"DOC-030D51EE_rotated_90","marksheet","rotated_90","subject[22].credits","4","",0,1,1,"NONE"
"DOC-030D51EE_rotated_90","marksheet","rotated_90","subject[23].code","EC204","",0,1,1,"NONE"
"DOC-030D51EE_rotated_90","marksheet","rotated_90","subject[23].grade","S","",0,1,1,"NONE"
"DOC-030D51EE_rotated_90","marksheet","rotated_90","subject[23].credits","3","",0,1,1,"NONE"
"DOC-030D51EE_rotated_90","marksheet","rotated_90","subject[24].code","ME100","",0,1,1,"NONE"
"DOC-030D51EE_rotated_90","marksheet","rotated_90","subject[24].grade","S","",0,1,1,"NONE"
"DOC-030D51EE_rotated_90","marksheet","rotated_90","subject[24].credits","3","",0,1,1,"NONE"
"DOC-030D51EE_rotated_90","marksheet","rotated_90","subject[25].code","ME100","",0,1,1,"NONE"
"DOC-030D51EE_rotated_90","marksheet","rotated_90","subject[25].grade","E","",0,1,1,"NONE"
"DOC-030D51EE_rotated_90","marksheet","rotated_90","subject[25].credits","3","",0,1,1,"NONE"
"DOC-030D51EE_rotated_90","marksheet","rotated_90","subject[26].code","MA101","",0,1,1,"NONE"
"DOC-030D51EE_rotated_90","marksheet","rotated_90","subject[26].grade","E","",0,1,1,"NONE"
"DOC-030D51EE_rotated_90","marksheet","rotated_90","subject[26].credits","4","",0,1,1,"NONE"
"DOC-030D51EE_rotated_90","marksheet","rotated_90","subject[27].code","EC301","",0,1,1,"NONE"
"DOC-030D51EE_rotated_90","marksheet","rotated_90","subject[27].grade","E","",0,1,1,"NONE"
"DOC-030D51EE_rotated_90","marksheet","rotated_90","subject[27].credits","4","",0,1,1,"NONE"
"DOC-030D51EE_rotated_90","marksheet","rotated_90","subject[28].code","EC202","",0,1,1,"NONE"
"DOC-030D51EE_rotated_90","marksheet","rotated_90","subject[28].grade","E","",0,1,1,"NONE"
"DOC-030D51EE_rotated_90","marksheet","rotated_90","subject[28].credits","4","",0,1,1,"NONE"
"DOC-030D51EE_rotated_90","marksheet","rotated_90","subject[29].code","HS101","",0,1,1,"NONE"
"DOC-030D51EE_rotated_90","marksheet","rotated_90","subject[29].grade","E","",0,1,1,"NONE"
"DOC-030D51EE_rotated_90","marksheet","rotated_90","subject[29].credits","2","",0,1,1,"NONE"
"DOC-030D51EE_rotated_90","marksheet","rotated_90","subject[30].code","MA101","",0,1,1,"NONE"
"DOC-030D51EE_rotated_90","marksheet","rotated_90","subject[30].grade","C","",0,1,1,"NONE"
"DOC-030D51EE_rotated_90","marksheet","rotated_90","subject[30].credits","4","",0,1,1,"NONE"
"DOC-030D51EE_rotated_90","marksheet","rotated_90","subject[31].code","ME100","",0,1,1,"NONE"
"DOC-030D51EE_rotated_90","marksheet","rotated_90","subject[31].grade","B","",0,1,1,"NONE"
"DOC-030D51EE_rotated_90","marksheet","rotated_90","subject[31].credits","3","",0,1,1,"NONE"
"DOC-030D51EE_rotated_90","marksheet","rotated_90","subject[32].code","EC303","",0,1,1,"NONE"
"DOC-030D51EE_rotated_90","marksheet","rotated_90","subject[32].grade","A","",0,1,1,"NONE"
"DOC-030D51EE_rotated_90","marksheet","rotated_90","subject[32].credits","3","",0,1,1,"NONE"
"DOC-030D51EE_rotated_90","marksheet","rotated_90","subject[33].code","EC203","",0,1,1,"NONE"
"DOC-030D51EE_rotated_90","marksheet","rotated_90","subject[33].grade","B","",0,1,1,"NONE"
"DOC-030D51EE_rotated_90","marksheet","rotated_90","subject[33].credits","3","",0,1,1,"NONE"
"DOC-030D51EE_rotated_90","marksheet","rotated_90","subject[34].code","EC204","",0,1,1,"NONE"
"DOC-030D51EE_rotated_90","marksheet","rotated_90","subject[34].grade","C","",0,1,1,"NONE"
"DOC-030D51EE_rotated_90","marksheet","rotated_90","subject[34].credits","3","",0,1,1,"NONE"
"DOC-030D51EE_rotated_90","marksheet","rotated_90","subject[35].code","EC205","",0,1,1,"NONE"
"DOC-030D51EE_rotated_90","marksheet","rotated_90","subject[35].grade","D","",0,1,1,"NONE"
"DOC-030D51EE_rotated_90","marksheet","rotated_90","subject[35].credits","4","",0,1,1,"NONE"
"DOC-030D51EE_rotated_90","marksheet","rotated_90","subject[36].code","EC301","",0,1,1,"NONE"
"DOC-030D51EE_rotated_90","marksheet","rotated_90","subject[36].grade","C","",0,1,1,"NONE"
"DOC-030D51EE_rotated_90","marksheet","rotated_90","subject[36].credits","4","",0,1,1,"NONE"
"DOC-030D51EE_rotated_90","marksheet","rotated_90","subject[37].code","MA102","",0,1,1,"NONE"
"DOC-030D51EE_rotated_90","marksheet","rotated_90","subject[37].grade","D","",0,1,1,"NONE"
"DOC-030D51EE_rotated_90","marksheet","rotated_90","subject[37].credits","4","",0,1,1,"NONE"
"DOC-030D51EE_rotated_90","marksheet","rotated_90","subject[38].code","EC302","",0,1,1,"NONE"
"DOC-030D51EE_rotated_90","marksheet","rotated_90","subject[38].grade","D","",0,1,1,"NONE"
"DOC-030D51EE_rotated_90","marksheet","rotated_90","subject[38].credits","3","",0,1,1,"NONE"
"DOC-030D51EE_rotated_90","marksheet","rotated_90","subject[39].code","EC304","",0,1,1,"NONE"
"DOC-030D51EE_rotated_90","marksheet","rotated_90","subject[39].grade","D","",0,1,1,"NONE"
"DOC-030D51EE_rotated_90","marksheet","rotated_90","subject[39].credits","3","",0,1,1,"NONE"
"DOC-030D51EE_scanner_copy","marksheet","scanner_copy","studentName","rohit kumar","vivek nair",0,0.7272727272727273,1,"OCR_ERROR"
"DOC-030D51EE_scanner_copy","marksheet","scanner_copy","rollNumber","20BTECE0403","2019EE000570",0,0.6363636363636364,1,"OCR_ERROR"
"DOC-030D51EE_scanner_copy","marksheet","scanner_copy","enrollmentNumber","EN202000403","EN201900570",0,0.45454545454545453,1,"PARTIAL_MATCH"
"DOC-030D51EE_scanner_copy","marksheet","scanner_copy","degreeName","Bachelor of Technology in Electronics and Communication Engineering","Electrical Engineering",0,0.6865671641791045,0.875,"OCR_ERROR"
"DOC-030D51EE_scanner_copy","marksheet","scanner_copy","branchName","electronics and communication engineering","electrical engineering",0,0.4878048780487805,0.75,"PARTIAL_MATCH"
"DOC-030D51EE_scanner_copy","marksheet","scanner_copy","batchYears","2020 - 2024","2019 - 2023",0,0.2727272727272727,0.6666666666666666,"PARTIAL_MATCH"
"DOC-030D51EE_scanner_copy","marksheet","scanner_copy","fatherName","sagar kumar","",0,1,1,"FIELD_MISSING"
"DOC-030D51EE_scanner_copy","marksheet","scanner_copy","motherName","anjali kumar","",0,1,1,"FIELD_MISSING"
"DOC-030D51EE_scanner_copy","marksheet","scanner_copy","dateOfBirth","2002-09-01","",0,1,1,"FIELD_MISSING"
"DOC-030D51EE_scanner_copy","marksheet","scanner_copy","email","rohit.kumar403@srit.edu.in","",0,1,1,"FIELD_MISSING"
"DOC-030D51EE_scanner_copy","marksheet","scanner_copy","phone","+91 9853122855","",0,1,1,"FIELD_MISSING"
"DOC-030D51EE_scanner_copy","marksheet","scanner_copy","bloodGroup","o-","",0,1,1,"FIELD_MISSING"
"DOC-030D51EE_scanner_copy","marksheet","scanner_copy","universityName","Sri Ramanujan Institute of Technology","Indira Gandhi College of Engineering",0,0.7837837837837838,0.8,"OCR_ERROR"
"DOC-030D51EE_scanner_copy","marksheet","scanner_copy","universityCode","SRIT","",0,1,1,"FIELD_MISSING"
"DOC-030D51EE_scanner_copy","marksheet","scanner_copy","universityTagline","Innovation, Research, Technology","Empowering Minds, Shaping Future",0,0.875,1,"OCR_ERROR"
"DOC-030D51EE_scanner_copy","marksheet","scanner_copy","cgpa","7.63","7.4",0,1,1,"FORMAT_ERROR"
"DOC-030D51EE_scanner_copy","marksheet","scanner_copy","issueDate","2024-07-07","2023-02-13",0,0.4,1,"FORMAT_ERROR"
"DOC-030D51EE_scanner_copy","marksheet","scanner_copy","subject[0].code","ES101","",0,1,1,"NONE"
"DOC-030D51EE_scanner_copy","marksheet","scanner_copy","subject[0].grade","A","",0,1,1,"NONE"
"DOC-030D51EE_scanner_copy","marksheet","scanner_copy","subject[0].credits","2","",0,1,1,"NONE"
"DOC-030D51EE_scanner_copy","marksheet","scanner_copy","subject[1].code","EC206","",0,1,1,"NONE"
"DOC-030D51EE_scanner_copy","marksheet","scanner_copy","subject[1].grade","A","",0,1,1,"NONE"
"DOC-030D51EE_scanner_copy","marksheet","scanner_copy","subject[1].credits","3","",0,1,1,"NONE"
"DOC-030D51EE_scanner_copy","marksheet","scanner_copy","subject[2].code","EC204","",0,1,1,"NONE"
"DOC-030D51EE_scanner_copy","marksheet","scanner_copy","subject[2].grade","C","",0,1,1,"NONE"
"DOC-030D51EE_scanner_copy","marksheet","scanner_copy","subject[2].credits","3","",0,1,1,"NONE"
"DOC-030D51EE_scanner_copy","marksheet","scanner_copy","subject[3].code","EC304","",0,1,1,"NONE"
"DOC-030D51EE_scanner_copy","marksheet","scanner_copy","subject[3].grade","S","",0,1,1,"NONE"
"DOC-030D51EE_scanner_copy","marksheet","scanner_copy","subject[3].credits","3","",0,1,1,"NONE"
"DOC-030D51EE_scanner_copy","marksheet","scanner_copy","subject[4].code","EC202","",0,1,1,"NONE"
"DOC-030D51EE_scanner_copy","marksheet","scanner_copy","subject[4].grade","A","",0,1,1,"NONE"
"DOC-030D51EE_scanner_copy","marksheet","scanner_copy","subject[4].credits","4","",0,1,1,"NONE"
"DOC-030D51EE_scanner_copy","marksheet","scanner_copy","subject[5].code","ME100","",0,1,1,"NONE"
"DOC-030D51EE_scanner_copy","marksheet","scanner_copy","subject[5].grade","C","",0,1,1,"NONE"
"DOC-030D51EE_scanner_copy","marksheet","scanner_copy","subject[5].credits","3","",0,1,1,"NONE"
"DOC-030D51EE_scanner_copy","marksheet","scanner_copy","subject[6].code","EC201","",0,1,1,"NONE"
"DOC-030D51EE_scanner_copy","marksheet","scanner_copy","subject[6].grade","D","",0,1,1,"NONE"
"DOC-030D51EE_scanner_copy","marksheet","scanner_copy","subject[6].credits","4","",0,1,1,"NONE"
"DOC-030D51EE_scanner_copy","marksheet","scanner_copy","subject[7].code","EC305","",0,1,1,"NONE"
"DOC-030D51EE_scanner_copy","marksheet","scanner_copy","subject[7].grade","C","",0,1,1,"NONE"
"DOC-030D51EE_scanner_copy","marksheet","scanner_copy","subject[7].credits","3","",0,1,1,"NONE"
"DOC-030D51EE_scanner_copy","marksheet","scanner_copy","subject[8].code","HS101","",0,1,1,"NONE"
"DOC-030D51EE_scanner_copy","marksheet","scanner_copy","subject[8].grade","C","",0,1,1,"NONE"
"DOC-030D51EE_scanner_copy","marksheet","scanner_copy","subject[8].credits","2","",0,1,1,"NONE"
"DOC-030D51EE_scanner_copy","marksheet","scanner_copy","subject[9].code","EC205","",0,1,1,"NONE"
"DOC-030D51EE_scanner_copy","marksheet","scanner_copy","subject[9].grade","B","",0,1,1,"NONE"
"DOC-030D51EE_scanner_copy","marksheet","scanner_copy","subject[9].credits","4","",0,1,1,"NONE"
"DOC-030D51EE_scanner_copy","marksheet","scanner_copy","subject[10].code","EC203","",0,1,1,"NONE"
"DOC-030D51EE_scanner_copy","marksheet","scanner_copy","subject[10].grade","A","",0,1,1,"NONE"
"DOC-030D51EE_scanner_copy","marksheet","scanner_copy","subject[10].credits","3","",0,1,1,"NONE"
"DOC-030D51EE_scanner_copy","marksheet","scanner_copy","subject[11].code","EC202","",0,1,1,"NONE"
"DOC-030D51EE_scanner_copy","marksheet","scanner_copy","subject[11].grade","A","",0,1,1,"NONE"
"DOC-030D51EE_scanner_copy","marksheet","scanner_copy","subject[11].credits","4","",0,1,1,"NONE"
"DOC-030D51EE_scanner_copy","marksheet","scanner_copy","subject[12].code","EC205","",0,1,1,"NONE"
"DOC-030D51EE_scanner_copy","marksheet","scanner_copy","subject[12].grade","S","",0,1,1,"NONE"
"DOC-030D51EE_scanner_copy","marksheet","scanner_copy","subject[12].credits","4","",0,1,1,"NONE"
"DOC-030D51EE_scanner_copy","marksheet","scanner_copy","subject[13].code","MA102","",0,1,1,"NONE"
"DOC-030D51EE_scanner_copy","marksheet","scanner_copy","subject[13].grade","A","",0,1,1,"NONE"
"DOC-030D51EE_scanner_copy","marksheet","scanner_copy","subject[13].credits","4","",0,1,1,"NONE"
"DOC-030D51EE_scanner_copy","marksheet","scanner_copy","subject[14].code","CH101","",0,1,1,"NONE"
"DOC-030D51EE_scanner_copy","marksheet","scanner_copy","subject[14].grade","A","",0,1,1,"NONE"
"DOC-030D51EE_scanner_copy","marksheet","scanner_copy","subject[14].credits","3","",0,1,1,"NONE"
"DOC-030D51EE_scanner_copy","marksheet","scanner_copy","subject[15].code","EC204","",0,1,1,"NONE"
"DOC-030D51EE_scanner_copy","marksheet","scanner_copy","subject[15].grade","A","",0,1,1,"NONE"
"DOC-030D51EE_scanner_copy","marksheet","scanner_copy","subject[15].credits","3","",0,1,1,"NONE"
"DOC-030D51EE_scanner_copy","marksheet","scanner_copy","subject[16].code","ME100","",0,1,1,"NONE"
"DOC-030D51EE_scanner_copy","marksheet","scanner_copy","subject[16].grade","C","",0,1,1,"NONE"
"DOC-030D51EE_scanner_copy","marksheet","scanner_copy","subject[16].credits","3","",0,1,1,"NONE"
"DOC-030D51EE_scanner_copy","marksheet","scanner_copy","subject[17].code","EC206","",0,1,1,"NONE"
"DOC-030D51EE_scanner_copy","marksheet","scanner_copy","subject[17].grade","B","",0,1,1,"NONE"
"DOC-030D51EE_scanner_copy","marksheet","scanner_copy","subject[17].credits","3","",0,1,1,"NONE"
"DOC-030D51EE_scanner_copy","marksheet","scanner_copy","subject[18].code","EC303","",0,1,1,"NONE"
"DOC-030D51EE_scanner_copy","marksheet","scanner_copy","subject[18].grade","A","",0,1,1,"NONE"
"DOC-030D51EE_scanner_copy","marksheet","scanner_copy","subject[18].credits","3","",0,1,1,"NONE"
"DOC-030D51EE_scanner_copy","marksheet","scanner_copy","subject[19].code","EC205","",0,1,1,"NONE"
"DOC-030D51EE_scanner_copy","marksheet","scanner_copy","subject[19].grade","C","",0,1,1,"NONE"
"DOC-030D51EE_scanner_copy","marksheet","scanner_copy","subject[19].credits","4","",0,1,1,"NONE"
"DOC-030D51EE_scanner_copy","marksheet","scanner_copy","subject[20].code","ES101","",0,1,1,"NONE"
"DOC-030D51EE_scanner_copy","marksheet","scanner_copy","subject[20].grade","B","",0,1,1,"NONE"
"DOC-030D51EE_scanner_copy","marksheet","scanner_copy","subject[20].credits","2","",0,1,1,"NONE"
"DOC-030D51EE_scanner_copy","marksheet","scanner_copy","subject[21].code","EC302","",0,1,1,"NONE"
"DOC-030D51EE_scanner_copy","marksheet","scanner_copy","subject[21].grade","S","",0,1,1,"NONE"
"DOC-030D51EE_scanner_copy","marksheet","scanner_copy","subject[21].credits","3","",0,1,1,"NONE"
"DOC-030D51EE_scanner_copy","marksheet","scanner_copy","subject[22].code","EC202","",0,1,1,"NONE"
"DOC-030D51EE_scanner_copy","marksheet","scanner_copy","subject[22].grade","A","",0,1,1,"NONE"
"DOC-030D51EE_scanner_copy","marksheet","scanner_copy","subject[22].credits","4","",0,1,1,"NONE"
"DOC-030D51EE_scanner_copy","marksheet","scanner_copy","subject[23].code","EC204","",0,1,1,"NONE"
"DOC-030D51EE_scanner_copy","marksheet","scanner_copy","subject[23].grade","S","",0,1,1,"NONE"
"DOC-030D51EE_scanner_copy","marksheet","scanner_copy","subject[23].credits","3","",0,1,1,"NONE"
"DOC-030D51EE_scanner_copy","marksheet","scanner_copy","subject[24].code","ME100","",0,1,1,"NONE"
"DOC-030D51EE_scanner_copy","marksheet","scanner_copy","subject[24].grade","S","",0,1,1,"NONE"
"DOC-030D51EE_scanner_copy","marksheet","scanner_copy","subject[24].credits","3","",0,1,1,"NONE"
"DOC-030D51EE_scanner_copy","marksheet","scanner_copy","subject[25].code","ME100","",0,1,1,"NONE"
"DOC-030D51EE_scanner_copy","marksheet","scanner_copy","subject[25].grade","E","",0,1,1,"NONE"
"DOC-030D51EE_scanner_copy","marksheet","scanner_copy","subject[25].credits","3","",0,1,1,"NONE"
"DOC-030D51EE_scanner_copy","marksheet","scanner_copy","subject[26].code","MA101","",0,1,1,"NONE"
"DOC-030D51EE_scanner_copy","marksheet","scanner_copy","subject[26].grade","E","",0,1,1,"NONE"
"DOC-030D51EE_scanner_copy","marksheet","scanner_copy","subject[26].credits","4","",0,1,1,"NONE"
"DOC-030D51EE_scanner_copy","marksheet","scanner_copy","subject[27].code","EC301","",0,1,1,"NONE"
"DOC-030D51EE_scanner_copy","marksheet","scanner_copy","subject[27].grade","E","",0,1,1,"NONE"
"DOC-030D51EE_scanner_copy","marksheet","scanner_copy","subject[27].credits","4","",0,1,1,"NONE"
"DOC-030D51EE_scanner_copy","marksheet","scanner_copy","subject[28].code","EC202","",0,1,1,"NONE"
"DOC-030D51EE_scanner_copy","marksheet","scanner_copy","subject[28].grade","E","",0,1,1,"NONE"
"DOC-030D51EE_scanner_copy","marksheet","scanner_copy","subject[28].credits","4","",0,1,1,"NONE"
"DOC-030D51EE_scanner_copy","marksheet","scanner_copy","subject[29].code","HS101","",0,1,1,"NONE"
"DOC-030D51EE_scanner_copy","marksheet","scanner_copy","subject[29].grade","E","",0,1,1,"NONE"
"DOC-030D51EE_scanner_copy","marksheet","scanner_copy","subject[29].credits","2","",0,1,1,"NONE"
"DOC-030D51EE_scanner_copy","marksheet","scanner_copy","subject[30].code","MA101","",0,1,1,"NONE"
"DOC-030D51EE_scanner_copy","marksheet","scanner_copy","subject[30].grade","C","",0,1,1,"NONE"
"DOC-030D51EE_scanner_copy","marksheet","scanner_copy","subject[30].credits","4","",0,1,1,"NONE"
"DOC-030D51EE_scanner_copy","marksheet","scanner_copy","subject[31].code","ME100","",0,1,1,"NONE"
"DOC-030D51EE_scanner_copy","marksheet","scanner_copy","subject[31].grade","B","",0,1,1,"NONE"
"DOC-030D51EE_scanner_copy","marksheet","scanner_copy","subject[31].credits","3","",0,1,1,"NONE"
"DOC-030D51EE_scanner_copy","marksheet","scanner_copy","subject[32].code","EC303","",0,1,1,"NONE"
"DOC-030D51EE_scanner_copy","marksheet","scanner_copy","subject[32].grade","A","",0,1,1,"NONE"
"DOC-030D51EE_scanner_copy","marksheet","scanner_copy","subject[32].credits","3","",0,1,1,"NONE"
"DOC-030D51EE_scanner_copy","marksheet","scanner_copy","subject[33].code","EC203","",0,1,1,"NONE"
"DOC-030D51EE_scanner_copy","marksheet","scanner_copy","subject[33].grade","B","",0,1,1,"NONE"
"DOC-030D51EE_scanner_copy","marksheet","scanner_copy","subject[33].credits","3","",0,1,1,"NONE"
"DOC-030D51EE_scanner_copy","marksheet","scanner_copy","subject[34].code","EC204","",0,1,1,"NONE"
"DOC-030D51EE_scanner_copy","marksheet","scanner_copy","subject[34].grade","C","",0,1,1,"NONE"
"DOC-030D51EE_scanner_copy","marksheet","scanner_copy","subject[34].credits","3","",0,1,1,"NONE"
"DOC-030D51EE_scanner_copy","marksheet","scanner_copy","subject[35].code","EC205","",0,1,1,"NONE"
"DOC-030D51EE_scanner_copy","marksheet","scanner_copy","subject[35].grade","D","",0,1,1,"NONE"
"DOC-030D51EE_scanner_copy","marksheet","scanner_copy","subject[35].credits","4","",0,1,1,"NONE"
"DOC-030D51EE_scanner_copy","marksheet","scanner_copy","subject[36].code","EC301","",0,1,1,"NONE"
"DOC-030D51EE_scanner_copy","marksheet","scanner_copy","subject[36].grade","C","",0,1,1,"NONE"
"DOC-030D51EE_scanner_copy","marksheet","scanner_copy","subject[36].credits","4","",0,1,1,"NONE"
"DOC-030D51EE_scanner_copy","marksheet","scanner_copy","subject[37].code","MA102","",0,1,1,"NONE"
"DOC-030D51EE_scanner_copy","marksheet","scanner_copy","subject[37].grade","D","",0,1,1,"NONE"
"DOC-030D51EE_scanner_copy","marksheet","scanner_copy","subject[37].credits","4","",0,1,1,"NONE"
"DOC-030D51EE_scanner_copy","marksheet","scanner_copy","subject[38].code","EC302","",0,1,1,"NONE"
"DOC-030D51EE_scanner_copy","marksheet","scanner_copy","subject[38].grade","D","",0,1,1,"NONE"
"DOC-030D51EE_scanner_copy","marksheet","scanner_copy","subject[38].credits","3","",0,1,1,"NONE"
"DOC-030D51EE_scanner_copy","marksheet","scanner_copy","subject[39].code","EC304","",0,1,1,"NONE"
"DOC-030D51EE_scanner_copy","marksheet","scanner_copy","subject[39].grade","D","",0,1,1,"NONE"
"DOC-030D51EE_scanner_copy","marksheet","scanner_copy","subject[39].credits","3","",0,1,1,"NONE"
"DOC-05582167_clean","certificate","clean","studentName","vidya sharma","trisha das",0,0.75,1,"OCR_ERROR"
"DOC-05582167_clean","certificate","clean","rollNumber","2018IT000846","2021IT000150",0,0.4166666666666667,1,"PARTIAL_MATCH"
"DOC-05582167_clean","certificate","clean","enrollmentNumber","EN201800846","",0,1,1,"FIELD_MISSING"
"DOC-05582167_clean","certificate","clean","degreeName","Bachelor of Technology in Information Technology","Bachelor of Technology",0,0.5416666666666666,0.5,"OCR_ERROR"
"DOC-05582167_clean","certificate","clean","branchName","information technology","information technology",1,0,0,"NONE"
"DOC-05582167_clean","certificate","clean","batchYears","2018 - 2022","2021 - 2025",0,0.2727272727272727,0.6666666666666666,"PARTIAL_MATCH"
"DOC-05582167_clean","certificate","clean","fatherName","ravi sharma","",0,1,1,"FIELD_MISSING"
"DOC-05582167_clean","certificate","clean","motherName","divya sharma","",0,1,1,"FIELD_MISSING"
"DOC-05582167_clean","certificate","clean","dateOfBirth","2001-12-11","",0,1,1,"FIELD_MISSING"
"DOC-05582167_clean","certificate","clean","email","vidya.sharma846@vtu.edu.in","",0,1,1,"FIELD_MISSING"
"DOC-05582167_clean","certificate","clean","phone","+91 9854280061","",0,1,1,"FIELD_MISSING"
"DOC-05582167_clean","certificate","clean","bloodGroup","a-","",0,1,1,"FIELD_MISSING"
"DOC-05582167_clean","certificate","clean","universityName","Vivekananda Technical University","Vivekananda Technical University",1,0,0,"NONE"
"DOC-05582167_clean","certificate","clean","universityCode","Vivekananda Technical University","",0,1,1,"FIELD_MISSING"
"DOC-05582167_clean","certificate","clean","universityTagline","Excellence in Engineering and Research","Excellence in Engineering and Research",1,0,0,"NONE"
"DOC-05582167_clean","certificate","clean","cgpa","5.12","4.93",0,1,1,"FORMAT_ERROR"
"DOC-05582167_clean","certificate","clean","issueDate","2022-11-13","2025-07-14",0,0.4,1,"FORMAT_ERROR"
"DOC-05582167_clean","certificate","clean","subject[0].code","IT202","",0,1,1,"NONE"
"DOC-05582167_clean","certificate","clean","subject[0].grade","B","",0,1,1,"NONE"
"DOC-05582167_clean","certificate","clean","subject[0].credits","3","",0,1,1,"NONE"
"DOC-05582167_clean","certificate","clean","subject[1].code","ME100","",0,1,1,"NONE"
"DOC-05582167_clean","certificate","clean","subject[1].grade","B","",0,1,1,"NONE"
"DOC-05582167_clean","certificate","clean","subject[1].credits","3","",0,1,1,"NONE"
"DOC-05582167_clean","certificate","clean","subject[2].code","IT302","",0,1,1,"NONE"
"DOC-05582167_clean","certificate","clean","subject[2].grade","F","",0,1,1,"NONE"
"DOC-05582167_clean","certificate","clean","subject[2].credits","3","",0,1,1,"NONE"
"DOC-05582167_clean","certificate","clean","subject[3].code","IT301","",0,1,1,"NONE"
"DOC-05582167_clean","certificate","clean","subject[3].grade","B","",0,1,1,"NONE"
"DOC-05582167_clean","certificate","clean","subject[3].credits","3","",0,1,1,"NONE"
"DOC-05582167_clean","certificate","clean","subject[4].code","IT201","",0,1,1,"NONE"
"DOC-05582167_clean","certificate","clean","subject[4].grade","B+","",0,1,1,"NONE"
"DOC-05582167_clean","certificate","clean","subject[4].credits","4","",0,1,1,"NONE"
"DOC-05582167_mobile_camera","certificate","mobile_camera","studentName","vidya sharma","trisha das",0,0.75,1,"OCR_ERROR"
"DOC-05582167_mobile_camera","certificate","mobile_camera","rollNumber","2018IT000846","20211T000150",0,0.5,1,"PARTIAL_MATCH"
"DOC-05582167_mobile_camera","certificate","mobile_camera","enrollmentNumber","EN201800846","",0,1,1,"FIELD_MISSING"
"DOC-05582167_mobile_camera","certificate","mobile_camera","degreeName","Bachelor of Technology in Information Technology","Bachelor of Technology",0,0.5416666666666666,0.5,"OCR_ERROR"
"DOC-05582167_mobile_camera","certificate","mobile_camera","branchName","information technology","information technology",1,0,0,"NONE"
"DOC-05582167_mobile_camera","certificate","mobile_camera","batchYears","2018 - 2022","2021 - 2025",0,0.2727272727272727,0.6666666666666666,"PARTIAL_MATCH"
"DOC-05582167_mobile_camera","certificate","mobile_camera","fatherName","ravi sharma","",0,1,1,"FIELD_MISSING"
"DOC-05582167_mobile_camera","certificate","mobile_camera","motherName","divya sharma","",0,1,1,"FIELD_MISSING"
"DOC-05582167_mobile_camera","certificate","mobile_camera","dateOfBirth","2001-12-11","",0,1,1,"FIELD_MISSING"
"DOC-05582167_mobile_camera","certificate","mobile_camera","email","vidya.sharma846@vtu.edu.in","",0,1,1,"FIELD_MISSING"
"DOC-05582167_mobile_camera","certificate","mobile_camera","phone","+91 9854280061","",0,1,1,"FIELD_MISSING"
"DOC-05582167_mobile_camera","certificate","mobile_camera","bloodGroup","a-","",0,1,1,"FIELD_MISSING"
"DOC-05582167_mobile_camera","certificate","mobile_camera","universityName","Vivekananda Technical University","Vivekananda Technical University",1,0,0,"NONE"
"DOC-05582167_mobile_camera","certificate","mobile_camera","universityCode","Vivekananda Technical University","",0,1,1,"FIELD_MISSING"
"DOC-05582167_mobile_camera","certificate","mobile_camera","universityTagline","Excellence in Engineering and Research","Excellence in Engineering and Research",1,0,0,"NONE"
"DOC-05582167_mobile_camera","certificate","mobile_camera","cgpa","5.12","4.93",0,1,1,"FORMAT_ERROR"
"DOC-05582167_mobile_camera","certificate","mobile_camera","issueDate","2022-11-13","2025-07-14",0,0.4,1,"FORMAT_ERROR"
"DOC-05582167_mobile_camera","certificate","mobile_camera","subject[0].code","IT202","",0,1,1,"NONE"
"DOC-05582167_mobile_camera","certificate","mobile_camera","subject[0].grade","B","",0,1,1,"NONE"
"DOC-05582167_mobile_camera","certificate","mobile_camera","subject[0].credits","3","",0,1,1,"NONE"
"DOC-05582167_mobile_camera","certificate","mobile_camera","subject[1].code","ME100","",0,1,1,"NONE"
"DOC-05582167_mobile_camera","certificate","mobile_camera","subject[1].grade","B","",0,1,1,"NONE"
"DOC-05582167_mobile_camera","certificate","mobile_camera","subject[1].credits","3","",0,1,1,"NONE"
"DOC-05582167_mobile_camera","certificate","mobile_camera","subject[2].code","IT302","",0,1,1,"NONE"
"DOC-05582167_mobile_camera","certificate","mobile_camera","subject[2].grade","F","",0,1,1,"NONE"
"DOC-05582167_mobile_camera","certificate","mobile_camera","subject[2].credits","3","",0,1,1,"NONE"
"DOC-05582167_mobile_camera","certificate","mobile_camera","subject[3].code","IT301","",0,1,1,"NONE"
"DOC-05582167_mobile_camera","certificate","mobile_camera","subject[3].grade","B","",0,1,1,"NONE"
"DOC-05582167_mobile_camera","certificate","mobile_camera","subject[3].credits","3","",0,1,1,"NONE"
"DOC-05582167_mobile_camera","certificate","mobile_camera","subject[4].code","IT201","",0,1,1,"NONE"
"DOC-05582167_mobile_camera","certificate","mobile_camera","subject[4].grade","B+","",0,1,1,"NONE"
"DOC-05582167_mobile_camera","certificate","mobile_camera","subject[4].credits","4","",0,1,1,"NONE"
"DOC-05582167_rotated_90","certificate","rotated_90","studentName","vidya sharma","trisha das",0,0.75,1,"OCR_ERROR"
"DOC-05582167_rotated_90","certificate","rotated_90","rollNumber","2018IT000846","202171000150",0,0.5833333333333334,1,"OCR_ERROR"
"DOC-05582167_rotated_90","certificate","rotated_90","enrollmentNumber","EN201800846","",0,1,1,"FIELD_MISSING"
"DOC-05582167_rotated_90","certificate","rotated_90","degreeName","Bachelor of Technology in Information Technology","Bachelor of Technology",0,0.5416666666666666,0.5,"OCR_ERROR"
"DOC-05582167_rotated_90","certificate","rotated_90","branchName","information technology","information technology",1,0,0,"NONE"
"DOC-05582167_rotated_90","certificate","rotated_90","batchYears","2018 - 2022","2021 - 2025",0,0.2727272727272727,0.6666666666666666,"PARTIAL_MATCH"
"DOC-05582167_rotated_90","certificate","rotated_90","fatherName","ravi sharma","",0,1,1,"FIELD_MISSING"
"DOC-05582167_rotated_90","certificate","rotated_90","motherName","divya sharma","",0,1,1,"FIELD_MISSING"
"DOC-05582167_rotated_90","certificate","rotated_90","dateOfBirth","2001-12-11","",0,1,1,"FIELD_MISSING"
"DOC-05582167_rotated_90","certificate","rotated_90","email","vidya.sharma846@vtu.edu.in","",0,1,1,"FIELD_MISSING"
"DOC-05582167_rotated_90","certificate","rotated_90","phone","+91 9854280061","",0,1,1,"FIELD_MISSING"
"DOC-05582167_rotated_90","certificate","rotated_90","bloodGroup","a-","",0,1,1,"FIELD_MISSING"
"DOC-05582167_rotated_90","certificate","rotated_90","universityName","Vivekananda Technical University","Vivekananda Technical University",1,0,0,"NONE"
"DOC-05582167_rotated_90","certificate","rotated_90","universityCode","Vivekananda Technical University","",0,1,1,"FIELD_MISSING"
"DOC-05582167_rotated_90","certificate","rotated_90","universityTagline","Excellence in Engineering and Research","Excellence in Engineering and Research",1,0,0,"NONE"
"DOC-05582167_rotated_90","certificate","rotated_90","cgpa","5.12","4.93",0,1,1,"FORMAT_ERROR"
"DOC-05582167_rotated_90","certificate","rotated_90","issueDate","2022-11-13","2025-07-14",0,0.4,1,"FORMAT_ERROR"
"DOC-05582167_rotated_90","certificate","rotated_90","subject[0].code","IT202","",0,1,1,"NONE"
"DOC-05582167_rotated_90","certificate","rotated_90","subject[0].grade","B","",0,1,1,"NONE"
"DOC-05582167_rotated_90","certificate","rotated_90","subject[0].credits","3","",0,1,1,"NONE"
"DOC-05582167_rotated_90","certificate","rotated_90","subject[1].code","ME100","",0,1,1,"NONE"
"DOC-05582167_rotated_90","certificate","rotated_90","subject[1].grade","B","",0,1,1,"NONE"
"DOC-05582167_rotated_90","certificate","rotated_90","subject[1].credits","3","",0,1,1,"NONE"
"DOC-05582167_rotated_90","certificate","rotated_90","subject[2].code","IT302","",0,1,1,"NONE"
"DOC-05582167_rotated_90","certificate","rotated_90","subject[2].grade","F","",0,1,1,"NONE"
"DOC-05582167_rotated_90","certificate","rotated_90","subject[2].credits","3","",0,1,1,"NONE"
"DOC-05582167_rotated_90","certificate","rotated_90","subject[3].code","IT301","",0,1,1,"NONE"
"DOC-05582167_rotated_90","certificate","rotated_90","subject[3].grade","B","",0,1,1,"NONE"
"DOC-05582167_rotated_90","certificate","rotated_90","subject[3].credits","3","",0,1,1,"NONE"
"DOC-05582167_rotated_90","certificate","rotated_90","subject[4].code","IT201","",0,1,1,"NONE"
"DOC-05582167_rotated_90","certificate","rotated_90","subject[4].grade","B+","",0,1,1,"NONE"
"DOC-05582167_rotated_90","certificate","rotated_90","subject[4].credits","4","",0,1,1,"NONE"
"DOC-05582167_scanner_copy","certificate","scanner_copy","studentName","vidya sharma","trisha das",0,0.75,1,"OCR_ERROR"
"DOC-05582167_scanner_copy","certificate","scanner_copy","rollNumber","2018IT000846","2021T000150",0,0.5,1,"PARTIAL_MATCH"
"DOC-05582167_scanner_copy","certificate","scanner_copy","enrollmentNumber","EN201800846","",0,1,1,"FIELD_MISSING"
"DOC-05582167_scanner_copy","certificate","scanner_copy","degreeName","Bachelor of Technology in Information Technology","Bachelor of Technology",0,0.5416666666666666,0.5,"OCR_ERROR"
"DOC-05582167_scanner_copy","certificate","scanner_copy","branchName","information technology","information technology",1,0,0,"NONE"
"DOC-05582167_scanner_copy","certificate","scanner_copy","batchYears","2018 - 2022","2021 - 2025",0,0.2727272727272727,0.6666666666666666,"PARTIAL_MATCH"
"DOC-05582167_scanner_copy","certificate","scanner_copy","fatherName","ravi sharma","",0,1,1,"FIELD_MISSING"
"DOC-05582167_scanner_copy","certificate","scanner_copy","motherName","divya sharma","",0,1,1,"FIELD_MISSING"
"DOC-05582167_scanner_copy","certificate","scanner_copy","dateOfBirth","2001-12-11","",0,1,1,"FIELD_MISSING"
"DOC-05582167_scanner_copy","certificate","scanner_copy","email","vidya.sharma846@vtu.edu.in","",0,1,1,"FIELD_MISSING"
"DOC-05582167_scanner_copy","certificate","scanner_copy","phone","+91 9854280061","",0,1,1,"FIELD_MISSING"
"DOC-05582167_scanner_copy","certificate","scanner_copy","bloodGroup","a-","",0,1,1,"FIELD_MISSING"
"DOC-05582167_scanner_copy","certificate","scanner_copy","universityName","Vivekananda Technical University","Vivekananda Technical University",1,0,0,"NONE"
"DOC-05582167_scanner_copy","certificate","scanner_copy","universityCode","Vivekananda Technical University","",0,1,1,"FIELD_MISSING"
"DOC-05582167_scanner_copy","certificate","scanner_copy","universityTagline","Excellence in Engineering and Research","Excellence in Engineering and Research",1,0,0,"NONE"
"DOC-05582167_scanner_copy","certificate","scanner_copy","cgpa","5.12","4.93",0,1,1,"FORMAT_ERROR"
"DOC-05582167_scanner_copy","certificate","scanner_copy","issueDate","2022-11-13","2025-07-14",0,0.4,1,"FORMAT_ERROR"
"DOC-05582167_scanner_copy","certificate","scanner_copy","subject[0].code","IT202","",0,1,1,"NONE"
"DOC-05582167_scanner_copy","certificate","scanner_copy","subject[0].grade","B","",0,1,1,"NONE"
"DOC-05582167_scanner_copy","certificate","scanner_copy","subject[0].credits","3","",0,1,1,"NONE"
"DOC-05582167_scanner_copy","certificate","scanner_copy","subject[1].code","ME100","",0,1,1,"NONE"
"DOC-05582167_scanner_copy","certificate","scanner_copy","subject[1].grade","B","",0,1,1,"NONE"
"DOC-05582167_scanner_copy","certificate","scanner_copy","subject[1].credits","3","",0,1,1,"NONE"
"DOC-05582167_scanner_copy","certificate","scanner_copy","subject[2].code","IT302","",0,1,1,"NONE"
"DOC-05582167_scanner_copy","certificate","scanner_copy","subject[2].grade","F","",0,1,1,"NONE"
"DOC-05582167_scanner_copy","certificate","scanner_copy","subject[2].credits","3","",0,1,1,"NONE"
"DOC-05582167_scanner_copy","certificate","scanner_copy","subject[3].code","IT301","",0,1,1,"NONE"
"DOC-05582167_scanner_copy","certificate","scanner_copy","subject[3].grade","B","",0,1,1,"NONE"
"DOC-05582167_scanner_copy","certificate","scanner_copy","subject[3].credits","3","",0,1,1,"NONE"
"DOC-05582167_scanner_copy","certificate","scanner_copy","subject[4].code","IT201","",0,1,1,"NONE"
"DOC-05582167_scanner_copy","certificate","scanner_copy","subject[4].grade","B+","",0,1,1,"NONE"
"DOC-05582167_scanner_copy","certificate","scanner_copy","subject[4].credits","4","",0,1,1,"NONE"
"DOC-05C60FF7_clean","student_id","clean","studentName","esha mehta","ishita iyer",0,0.8,1,"OCR_ERROR"
"DOC-05C60FF7_clean","student_id","clean","rollNumber","2020CE000414","NIES21CE0177",0,0.8333333333333334,1,"OCR_ERROR"
"DOC-05C60FF7_clean","student_id","clean","enrollmentNumber","EN202000414","",0,1,1,"FIELD_MISSING"
"DOC-05C60FF7_clean","student_id","clean","degreeName","Bachelor of Technology in Civil Engineering","",0,1,1,"FIELD_MISSING"
"DOC-05C60FF7_clean","student_id","clean","branchName","civil engineering","civil engineering",1,0,0,"NONE"
"DOC-05C60FF7_clean","student_id","clean","batchYears","2020 - 2024","2021 - 2025",0,0.18181818181818182,0.6666666666666666,"PARTIAL_MATCH"
"DOC-05C60FF7_clean","student_id","clean","fatherName","prashant mehta","",0,1,1,"FIELD_MISSING"
"DOC-05C60FF7_clean","student_id","clean","motherName","kriti mehta","",0,1,1,"FIELD_MISSING"
"DOC-05C60FF7_clean","student_id","clean","dateOfBirth","2001-08-24","",0,1,1,"FIELD_MISSING"
"DOC-05C60FF7_clean","student_id","clean","email","esha.mehta414@igce.edu.in","",0,1,1,"FIELD_MISSING"
"DOC-05C60FF7_clean","student_id","clean","phone","+91 9864069062","+91 9821159191",0,0.5,0.5,"PARTIAL_MATCH"
"DOC-05C60FF7_clean","student_id","clean","bloodGroup","a-","b+",0,1,1,"OCR_ERROR"
"DOC-05C60FF7_clean","student_id","clean","universityName","Indira Gandhi College of Engineering","National Institute of Engineering and Sciences",0,0.8333333333333334,1,"OCR_ERROR"
"DOC-05C60FF7_clean","student_id","clean","universityCode","IGCE","",0,1,1,"FIELD_MISSING"
"DOC-05C60FF7_clean","student_id","clean","universityTagline","Empowering Minds, Shaping Future","",0,1,1,"FIELD_MISSING"
"DOC-05C60FF7_clean","student_id","clean","cgpa","5.44","0",0,1,1,"FORMAT_ERROR"
"DOC-05C60FF7_clean","student_id","clean","issueDate","2024-09-04","",0,1,1,"FIELD_MISSING"
"DOC-05C60FF7_clean","student_id","clean","subject[0].code","PH101","",0,1,1,"NONE"
"DOC-05C60FF7_clean","student_id","clean","subject[0].grade","C","",0,1,1,"NONE"
"DOC-05C60FF7_clean","student_id","clean","subject[0].credits","3","",0,1,1,"NONE"
"DOC-05C60FF7_clean","student_id","clean","subject[1].code","CE302","",0,1,1,"NONE"
"DOC-05C60FF7_clean","student_id","clean","subject[1].grade","C","",0,1,1,"NONE"
"DOC-05C60FF7_clean","student_id","clean","subject[1].credits","3","",0,1,1,"NONE"
"DOC-05C60FF7_clean","student_id","clean","subject[2].code","CE203","",0,1,1,"NONE"
"DOC-05C60FF7_clean","student_id","clean","subject[2].grade","C","",0,1,1,"NONE"
"DOC-05C60FF7_clean","student_id","clean","subject[2].credits","3","",0,1,1,"NONE"
"DOC-05C60FF7_clean","student_id","clean","subject[3].code","CE201","",0,1,1,"NONE"
"DOC-05C60FF7_clean","student_id","clean","subject[3].grade","B","",0,1,1,"NONE"
"DOC-05C60FF7_clean","student_id","clean","subject[3].credits","4","",0,1,1,"NONE"
"DOC-05C60FF7_clean","student_id","clean","subject[4].code","CE202","",0,1,1,"NONE"
"DOC-05C60FF7_clean","student_id","clean","subject[4].grade","B","",0,1,1,"NONE"
"DOC-05C60FF7_clean","student_id","clean","subject[4].credits","3","",0,1,1,"NONE"
"DOC-05C60FF7_mobile_camera","student_id","mobile_camera","studentName","esha mehta","ishita iyer",0,0.8,1,"OCR_ERROR"
"DOC-05C60FF7_mobile_camera","student_id","mobile_camera","rollNumber","2020CE000414","NIES21CE0177",0,0.8333333333333334,1,"OCR_ERROR"
"DOC-05C60FF7_mobile_camera","student_id","mobile_camera","enrollmentNumber","EN202000414","",0,1,1,"FIELD_MISSING"
"DOC-05C60FF7_mobile_camera","student_id","mobile_camera","degreeName","Bachelor of Technology in Civil Engineering","",0,1,1,"FIELD_MISSING"
"DOC-05C60FF7_mobile_camera","student_id","mobile_camera","branchName","civil engineering","civil engineering",1,0,0,"NONE"
"DOC-05C60FF7_mobile_camera","student_id","mobile_camera","batchYears","2020 - 2024","2021 - 2025",0,0.18181818181818182,0.6666666666666666,"PARTIAL_MATCH"
"DOC-05C60FF7_mobile_camera","student_id","mobile_camera","fatherName","prashant mehta","",0,1,1,"FIELD_MISSING"
"DOC-05C60FF7_mobile_camera","student_id","mobile_camera","motherName","kriti mehta","",0,1,1,"FIELD_MISSING"
"DOC-05C60FF7_mobile_camera","student_id","mobile_camera","dateOfBirth","2001-08-24","",0,1,1,"FIELD_MISSING"
"DOC-05C60FF7_mobile_camera","student_id","mobile_camera","email","esha.mehta414@igce.edu.in","",0,1,1,"FIELD_MISSING"
"DOC-05C60FF7_mobile_camera","student_id","mobile_camera","phone","+91 9864069062","+91 9821159191",0,0.5,0.5,"PARTIAL_MATCH"
"DOC-05C60FF7_mobile_camera","student_id","mobile_camera","bloodGroup","a-","b+",0,1,1,"OCR_ERROR"
"DOC-05C60FF7_mobile_camera","student_id","mobile_camera","universityName","Indira Gandhi College of Engineering","National Institute of Engineering and Sciences",0,0.8333333333333334,1,"OCR_ERROR"
"DOC-05C60FF7_mobile_camera","student_id","mobile_camera","universityCode","IGCE","",0,1,1,"FIELD_MISSING"
"DOC-05C60FF7_mobile_camera","student_id","mobile_camera","universityTagline","Empowering Minds, Shaping Future","",0,1,1,"FIELD_MISSING"
"DOC-05C60FF7_mobile_camera","student_id","mobile_camera","cgpa","5.44","0",0,1,1,"FORMAT_ERROR"
"DOC-05C60FF7_mobile_camera","student_id","mobile_camera","issueDate","2024-09-04","",0,1,1,"FIELD_MISSING"
"DOC-05C60FF7_mobile_camera","student_id","mobile_camera","subject[0].code","PH101","",0,1,1,"NONE"
"DOC-05C60FF7_mobile_camera","student_id","mobile_camera","subject[0].grade","C","",0,1,1,"NONE"
"DOC-05C60FF7_mobile_camera","student_id","mobile_camera","subject[0].credits","3","",0,1,1,"NONE"
"DOC-05C60FF7_mobile_camera","student_id","mobile_camera","subject[1].code","CE302","",0,1,1,"NONE"
"DOC-05C60FF7_mobile_camera","student_id","mobile_camera","subject[1].grade","C","",0,1,1,"NONE"
"DOC-05C60FF7_mobile_camera","student_id","mobile_camera","subject[1].credits","3","",0,1,1,"NONE"
"DOC-05C60FF7_mobile_camera","student_id","mobile_camera","subject[2].code","CE203","",0,1,1,"NONE"
"DOC-05C60FF7_mobile_camera","student_id","mobile_camera","subject[2].grade","C","",0,1,1,"NONE"
"DOC-05C60FF7_mobile_camera","student_id","mobile_camera","subject[2].credits","3","",0,1,1,"NONE"
"DOC-05C60FF7_mobile_camera","student_id","mobile_camera","subject[3].code","CE201","",0,1,1,"NONE"
"DOC-05C60FF7_mobile_camera","student_id","mobile_camera","subject[3].grade","B","",0,1,1,"NONE"
"DOC-05C60FF7_mobile_camera","student_id","mobile_camera","subject[3].credits","4","",0,1,1,"NONE"
"DOC-05C60FF7_mobile_camera","student_id","mobile_camera","subject[4].code","CE202","",0,1,1,"NONE"
"DOC-05C60FF7_mobile_camera","student_id","mobile_camera","subject[4].grade","B","",0,1,1,"NONE"
"DOC-05C60FF7_mobile_camera","student_id","mobile_camera","subject[4].credits","3","",0,1,1,"NONE"
"DOC-05C60FF7_rotated_90","student_id","rotated_90","studentName","esha mehta","ishita iyer",0,0.8,1,"OCR_ERROR"
"DOC-05C60FF7_rotated_90","student_id","rotated_90","rollNumber","2020CE000414","NISE21CE10177",0,0.8333333333333334,1,"OCR_ERROR"
"DOC-05C60FF7_rotated_90","student_id","rotated_90","enrollmentNumber","EN202000414","",0,1,1,"FIELD_MISSING"
"DOC-05C60FF7_rotated_90","student_id","rotated_90","degreeName","Bachelor of Technology in Civil Engineering","",0,1,1,"FIELD_MISSING"
"DOC-05C60FF7_rotated_90","student_id","rotated_90","branchName","civil engineering","civil engineering",1,0,0,"NONE"
"DOC-05C60FF7_rotated_90","student_id","rotated_90","batchYears","2020 - 2024","2021-2025",0,0.36363636363636365,1,"PARTIAL_MATCH"
"DOC-05C60FF7_rotated_90","student_id","rotated_90","fatherName","prashant mehta","",0,1,1,"FIELD_MISSING"
"DOC-05C60FF7_rotated_90","student_id","rotated_90","motherName","kriti mehta","",0,1,1,"FIELD_MISSING"
"DOC-05C60FF7_rotated_90","student_id","rotated_90","dateOfBirth","2001-08-24","",0,1,1,"FIELD_MISSING"
"DOC-05C60FF7_rotated_90","student_id","rotated_90","email","esha.mehta414@igce.edu.in","",0,1,1,"FIELD_MISSING"
"DOC-05C60FF7_rotated_90","student_id","rotated_90","phone","+91 9864069062","+91 98214 15919",0,0.5714285714285714,1,"OCR_ERROR"
"DOC-05C60FF7_rotated_90","student_id","rotated_90","bloodGroup","a-","b+",0,1,1,"OCR_ERROR"
"DOC-05C60FF7_rotated_90","student_id","rotated_90","universityName","Indira Gandhi College of Engineering","National Institute of Engineering and Sciences",0,0.8333333333333334,1,"OCR_ERROR"
"DOC-05C60FF7_rotated_90","student_id","rotated_90","universityCode","IGCE","",0,1,1,"FIELD_MISSING"
"DOC-05C60FF7_rotated_90","student_id","rotated_90","universityTagline","Empowering Minds, Shaping Future","",0,1,1,"FIELD_MISSING"
"DOC-05C60FF7_rotated_90","student_id","rotated_90","cgpa","5.44","0",0,1,1,"FORMAT_ERROR"
"DOC-05C60FF7_rotated_90","student_id","rotated_90","issueDate","2024-09-04","",0,1,1,"FIELD_MISSING"
"DOC-05C60FF7_rotated_90","student_id","rotated_90","subject[0].code","PH101","",0,1,1,"NONE"
"DOC-05C60FF7_rotated_90","student_id","rotated_90","subject[0].grade","C","",0,1,1,"NONE"
"DOC-05C60FF7_rotated_90","student_id","rotated_90","subject[0].credits","3","",0,1,1,"NONE"
"DOC-05C60FF7_rotated_90","student_id","rotated_90","subject[1].code","CE302","",0,1,1,"NONE"
"DOC-05C60FF7_rotated_90","student_id","rotated_90","subject[1].grade","C","",0,1,1,"NONE"
"DOC-05C60FF7_rotated_90","student_id","rotated_90","subject[1].credits","3","",0,1,1,"NONE"
"DOC-05C60FF7_rotated_90","student_id","rotated_90","subject[2].code","CE203","",0,1,1,"NONE"
"DOC-05C60FF7_rotated_90","student_id","rotated_90","subject[2].grade","C","",0,1,1,"NONE"
"DOC-05C60FF7_rotated_90","student_id","rotated_90","subject[2].credits","3","",0,1,1,"NONE"
"DOC-05C60FF7_rotated_90","student_id","rotated_90","subject[3].code","CE201","",0,1,1,"NONE"
"DOC-05C60FF7_rotated_90","student_id","rotated_90","subject[3].grade","B","",0,1,1,"NONE"
"DOC-05C60FF7_rotated_90","student_id","rotated_90","subject[3].credits","4","",0,1,1,"NONE"
"DOC-05C60FF7_rotated_90","student_id","rotated_90","subject[4].code","CE202","",0,1,1,"NONE"
"DOC-05C60FF7_rotated_90","student_id","rotated_90","subject[4].grade","B","",0,1,1,"NONE"
"DOC-05C60FF7_rotated_90","student_id","rotated_90","subject[4].credits","3","",0,1,1,"NONE"
"DOC-05C60FF7_scanner_copy","student_id","scanner_copy","studentName","esha mehta","ishita iyer",0,0.8,1,"OCR_ERROR"
"DOC-05C60FF7_scanner_copy","student_id","scanner_copy","rollNumber","2020CE000414","NIES21CE0177",0,0.8333333333333334,1,"OCR_ERROR"
"DOC-05C60FF7_scanner_copy","student_id","scanner_copy","enrollmentNumber","EN202000414","",0,1,1,"FIELD_MISSING"
"DOC-05C60FF7_scanner_copy","student_id","scanner_copy","degreeName","Bachelor of Technology in Civil Engineering","",0,1,1,"FIELD_MISSING"
"DOC-05C60FF7_scanner_copy","student_id","scanner_copy","branchName","civil engineering","civil engineering",1,0,0,"NONE"
"DOC-05C60FF7_scanner_copy","student_id","scanner_copy","batchYears","2020 - 2024","2021 - 2025",0,0.18181818181818182,0.6666666666666666,"PARTIAL_MATCH"
"DOC-05C60FF7_scanner_copy","student_id","scanner_copy","fatherName","prashant mehta","",0,1,1,"FIELD_MISSING"
"DOC-05C60FF7_scanner_copy","student_id","scanner_copy","motherName","kriti mehta","",0,1,1,"FIELD_MISSING"
"DOC-05C60FF7_scanner_copy","student_id","scanner_copy","dateOfBirth","2001-08-24","",0,1,1,"FIELD_MISSING"
"DOC-05C60FF7_scanner_copy","student_id","scanner_copy","email","esha.mehta414@igce.edu.in","",0,1,1,"FIELD_MISSING"
"DOC-05C60FF7_scanner_copy","student_id","scanner_copy","phone","+91 9864069062","+91 9821159191",0,0.5,0.5,"PARTIAL_MATCH"
"DOC-05C60FF7_scanner_copy","student_id","scanner_copy","bloodGroup","a-","b+",0,1,1,"OCR_ERROR"
"DOC-05C60FF7_scanner_copy","student_id","scanner_copy","universityName","Indira Gandhi College of Engineering","National Institute of Engineering and Sciences",0,0.8333333333333334,1,"OCR_ERROR"
"DOC-05C60FF7_scanner_copy","student_id","scanner_copy","universityCode","IGCE","",0,1,1,"FIELD_MISSING"
"DOC-05C60FF7_scanner_copy","student_id","scanner_copy","universityTagline","Empowering Minds, Shaping Future","",0,1,1,"FIELD_MISSING"
"DOC-05C60FF7_scanner_copy","student_id","scanner_copy","cgpa","5.44","0",0,1,1,"FORMAT_ERROR"
"DOC-05C60FF7_scanner_copy","student_id","scanner_copy","issueDate","2024-09-04","",0,1,1,"FIELD_MISSING"
"DOC-05C60FF7_scanner_copy","student_id","scanner_copy","subject[0].code","PH101","",0,1,1,"NONE"
"DOC-05C60FF7_scanner_copy","student_id","scanner_copy","subject[0].grade","C","",0,1,1,"NONE"
"DOC-05C60FF7_scanner_copy","student_id","scanner_copy","subject[0].credits","3","",0,1,1,"NONE"
"DOC-05C60FF7_scanner_copy","student_id","scanner_copy","subject[1].code","CE302","",0,1,1,"NONE"
"DOC-05C60FF7_scanner_copy","student_id","scanner_copy","subject[1].grade","C","",0,1,1,"NONE"
"DOC-05C60FF7_scanner_copy","student_id","scanner_copy","subject[1].credits","3","",0,1,1,"NONE"
"DOC-05C60FF7_scanner_copy","student_id","scanner_copy","subject[2].code","CE203","",0,1,1,"NONE"
"DOC-05C60FF7_scanner_copy","student_id","scanner_copy","subject[2].grade","C","",0,1,1,"NONE"
"DOC-05C60FF7_scanner_copy","student_id","scanner_copy","subject[2].credits","3","",0,1,1,"NONE"
"DOC-05C60FF7_scanner_copy","student_id","scanner_copy","subject[3].code","CE201","",0,1,1,"NONE"
"DOC-05C60FF7_scanner_copy","student_id","scanner_copy","subject[3].grade","B","",0,1,1,"NONE"
"DOC-05C60FF7_scanner_copy","student_id","scanner_copy","subject[3].credits","4","",0,1,1,"NONE"
"DOC-05C60FF7_scanner_copy","student_id","scanner_copy","subject[4].code","CE202","",0,1,1,"NONE"
"DOC-05C60FF7_scanner_copy","student_id","scanner_copy","subject[4].grade","B","",0,1,1,"NONE"
"DOC-05C60FF7_scanner_copy","student_id","scanner_copy","subject[4].credits","3","",0,1,1,"NONE"