nc_id,source_family,source_file,source_section_or_json_path,modal_strength,normative_clause,atomic_requirement,evidence_excerpt,extraction_rationale,lineage_status,predecessor_nc_ids,confidence
NC-0001,Draft,Academic_Universe_MVP_Technical_Contract_v1.0_Draft.json,/mentor_retrieval_contract,,"{""pipeline"": [""Authenticate request"", ""Resolve organization and user scope server-side"", ""Classify question intent"", ""Retrieve minimum relevant authorized context"", ""Filter candidate/unconfirmed facts"", ""Evaluate conflict and freshness states"", ""Build provenance-aware grounding bundle"", ""Generate answer"", ""Run groundedness/unsupported-claim checks"", ""Return answer with uncertainty disclosures when required""], ""forbidden"": [""Cross-tenant retrieval"", ""Treating CandidateFact as canonical truth"", ""Hiding unresolved conflict"", ""Presenting stale data as current without disclosure"", ""Inventing missing academic facts""]}","{""pipeline"": [""Authenticate request"", ""Resolve organization and user scope server-side"", ""Classify question intent"", ""Retrieve minimum relevant authorized context"", ""Filter candidate/unconfirmed facts"", ""Evaluate conflict and freshness states"", ""Build provenance-aware grounding bundle"", ""Generate answer"", ""Run groundedness/unsupported-claim checks"", ""Return answer with uncertainty disclosures when required""], ""forbidden"": [""Cross-tenant retrieval"", ""Treating CandidateFact as canonical truth"", ""Hiding unresolved conflict"", ""Presenting stale data as current without disclosure"", ""Inventing missing academic facts""]}","{""pipeline"": [""Authenticate request"", ""Resolve organization and user scope server-side"", ""Classify question intent"", ""Retrieve minimum relevant authorized context"", ""Filter candidate/unconfirmed facts",Extracted programmatically,NEW,,MEDIUM
NC-0002,Draft,Academic_Universe_MVP_Technical_Contract_v1.0_Draft.json,/mentor_retrieval_contract/forbidden[0],,Cross-tenant retrieval,Cross-tenant retrieval,Cross-tenant retrieval,Extracted programmatically,NEW,,MEDIUM
NC-0003,Draft,Academic_Universe_MVP_Technical_Contract_v1.0_Draft.json,/mentor_retrieval_contract/forbidden[1],,Treating CandidateFact as canonical truth,Treating CandidateFact as canonical truth,Treating CandidateFact as canonical truth,Extracted programmatically,NEW,,MEDIUM
NC-0004,Draft,Academic_Universe_MVP_Technical_Contract_v1.0_Draft.json,/mentor_retrieval_contract/forbidden[2],,Hiding unresolved conflict,Hiding unresolved conflict,Hiding unresolved conflict,Extracted programmatically,NEW,,MEDIUM
NC-0005,Draft,Academic_Universe_MVP_Technical_Contract_v1.0_Draft.json,/mentor_retrieval_contract/forbidden[3],,Presenting stale data as current without disclosure,Presenting stale data as current without disclosure,Presenting stale data as current without disclosure,Extracted programmatically,NEW,,MEDIUM
NC-0006,Draft,Academic_Universe_MVP_Technical_Contract_v1.0_Draft.json,/mentor_retrieval_contract/forbidden[4],,Inventing missing academic facts,Inventing missing academic facts,Inventing missing academic facts,Extracted programmatically,NEW,,MEDIUM
NC-0007,Draft,Academic_Universe_MVP_Technical_Contract_v1.0_Draft.json,/minimum_api_contracts[0],,"{""method"": ""GET"", ""path"": ""/api/me/context"", ""purpose"": ""Return authenticated identity and server-resolved organization scope.""}","{""method"": ""GET"", ""path"": ""/api/me/context"", ""purpose"": ""Return authenticated identity and server-resolved organization scope.""}","{""method"": ""GET"", ""path"": ""/api/me/context"", ""purpose"": ""Return authenticated identity and server-resolved organization scope.""}",Extracted programmatically,NEW,,MEDIUM
NC-0008,Draft,Academic_Universe_MVP_Technical_Contract_v1.0_Draft.json,/minimum_api_contracts[0]/method,,GET,GET,GET,Extracted programmatically,NEW,,MEDIUM
NC-0009,Draft,Academic_Universe_MVP_Technical_Contract_v1.0_Draft.json,/minimum_api_contracts[0]/path,,/api/me/context,/api/me/context,/api/me/context,Extracted programmatically,NEW,,MEDIUM
NC-0010,Draft,Academic_Universe_MVP_Technical_Contract_v1.0_Draft.json,/minimum_api_contracts[0]/purpose,,Return authenticated identity and server-resolved organization scope.,Return authenticated identity and server-resolved organization scope.,Return authenticated identity and server-resolved organization scope.,Extracted programmatically,NEW,,MEDIUM
NC-0011,Draft,Academic_Universe_MVP_Technical_Contract_v1.0_Draft.json,/minimum_api_contracts[10],,"{""method"": ""POST"", ""path"": ""/api/conflicts/:conflictId/resolve"", ""purpose"": ""Apply explicit resolution decision.""}","{""method"": ""POST"", ""path"": ""/api/conflicts/:conflictId/resolve"", ""purpose"": ""Apply explicit resolution decision.""}","{""method"": ""POST"", ""path"": ""/api/conflicts/:conflictId/resolve"", ""purpose"": ""Apply explicit resolution decision.""}",Extracted programmatically,NEW,,MEDIUM
NC-0012,Draft,Academic_Universe_MVP_Technical_Contract_v1.0_Draft.json,/minimum_api_contracts[10]/method,,POST,POST,POST,Extracted programmatically,NEW,,MEDIUM
NC-0013,Draft,Academic_Universe_MVP_Technical_Contract_v1.0_Draft.json,/minimum_api_contracts[10]/path,,/api/conflicts/:conflictId/resolve,/api/conflicts/:conflictId/resolve,/api/conflicts/:conflictId/resolve,Extracted programmatically,NEW,,MEDIUM
NC-0014,Draft,Academic_Universe_MVP_Technical_Contract_v1.0_Draft.json,/minimum_api_contracts[10]/purpose,,Apply explicit resolution decision.,Apply explicit resolution decision.,Apply explicit resolution decision.,Extracted programmatically,NEW,,MEDIUM
NC-0015,Draft,Academic_Universe_MVP_Technical_Contract_v1.0_Draft.json,/minimum_api_contracts[11],,"{""method"": ""POST"", ""path"": ""/api/corrections"", ""purpose"": ""Create source-aware correction request.""}","{""method"": ""POST"", ""path"": ""/api/corrections"", ""purpose"": ""Create source-aware correction request.""}","{""method"": ""POST"", ""path"": ""/api/corrections"", ""purpose"": ""Create source-aware correction request.""}",Extracted programmatically,NEW,,MEDIUM
NC-0016,Draft,Academic_Universe_MVP_Technical_Contract_v1.0_Draft.json,/minimum_api_contracts[11]/method,,POST,POST,POST,Extracted programmatically,NEW,,MEDIUM
NC-0017,Draft,Academic_Universe_MVP_Technical_Contract_v1.0_Draft.json,/minimum_api_contracts[11]/path,,/api/corrections,/api/corrections,/api/corrections,Extracted programmatically,NEW,,MEDIUM
NC-0018,Draft,Academic_Universe_MVP_Technical_Contract_v1.0_Draft.json,/minimum_api_contracts[11]/purpose,,Create source-aware correction request.,Create source-aware correction request.,Create source-aware correction request.,Extracted programmatically,NEW,,MEDIUM
NC-0019,Draft,Academic_Universe_MVP_Technical_Contract_v1.0_Draft.json,/minimum_api_contracts[12],,"{""method"": ""GET"", ""path"": ""/api/privacy/data-map"", ""purpose"": ""Show stored data categories and connected sources.""}","{""method"": ""GET"", ""path"": ""/api/privacy/data-map"", ""purpose"": ""Show stored data categories and connected sources.""}","{""method"": ""GET"", ""path"": ""/api/privacy/data-map"", ""purpose"": ""Show stored data categories and connected sources.""}",Extracted programmatically,NEW,,MEDIUM
NC-0020,Draft,Academic_Universe_MVP_Technical_Contract_v1.0_Draft.json,/minimum_api_contracts[12]/method,,GET,GET,GET,Extracted programmatically,NEW,,MEDIUM
NC-0021,Draft,Academic_Universe_MVP_Technical_Contract_v1.0_Draft.json,/minimum_api_contracts[12]/path,,/api/privacy/data-map,/api/privacy/data-map,/api/privacy/data-map,Extracted programmatically,NEW,,MEDIUM
NC-0022,Draft,Academic_Universe_MVP_Technical_Contract_v1.0_Draft.json,/minimum_api_contracts[12]/purpose,,Show stored data categories and connected sources.,Show stored data categories and connected sources.,Show stored data categories and connected sources.,Extracted programmatically,NEW,,MEDIUM
NC-0023,Draft,Academic_Universe_MVP_Technical_Contract_v1.0_Draft.json,/minimum_api_contracts[13],,"{""method"": ""POST"", ""path"": ""/api/privacy/actions"", ""purpose"": ""Request supported delete/disconnect governance action.""}","{""method"": ""POST"", ""path"": ""/api/privacy/actions"", ""purpose"": ""Request supported delete/disconnect governance action.""}","{""method"": ""POST"", ""path"": ""/api/privacy/actions"", ""purpose"": ""Request supported delete/disconnect governance action.""}",Extracted programmatically,NEW,,MEDIUM
NC-0024,Draft,Academic_Universe_MVP_Technical_Contract_v1.0_Draft.json,/minimum_api_contracts[13]/method,,POST,POST,POST,Extracted programmatically,NEW,,MEDIUM
NC-0025,Draft,Academic_Universe_MVP_Technical_Contract_v1.0_Draft.json,/minimum_api_contracts[13]/path,,/api/privacy/actions,/api/privacy/actions,/api/privacy/actions,Extracted programmatically,NEW,,MEDIUM
NC-0026,Draft,Academic_Universe_MVP_Technical_Contract_v1.0_Draft.json,/minimum_api_contracts[13]/purpose,,Request supported delete/disconnect governance action.,Request supported delete/disconnect governance action.,Request supported delete/disconnect governance action.,Extracted programmatically,NEW,,MEDIUM
NC-0027,Draft,Academic_Universe_MVP_Technical_Contract_v1.0_Draft.json,/minimum_api_contracts[14],,"{""method"": ""POST"", ""path"": ""/api/mentor/query"", ""purpose"": ""Run authorization-scoped, provenance-aware grounded mentor query.""}","{""method"": ""POST"", ""path"": ""/api/mentor/query"", ""purpose"": ""Run authorization-scoped, provenance-aware grounded mentor query.""}","{""method"": ""POST"", ""path"": ""/api/mentor/query"", ""purpose"": ""Run authorization-scoped, provenance-aware grounded mentor query.""}",Extracted programmatically,NEW,,MEDIUM
NC-0028,Draft,Academic_Universe_MVP_Technical_Contract_v1.0_Draft.json,/minimum_api_contracts[14]/method,,POST,POST,POST,Extracted programmatically,NEW,,MEDIUM
NC-0029,Draft,Academic_Universe_MVP_Technical_Contract_v1.0_Draft.json,/minimum_api_contracts[14]/path,,/api/mentor/query,/api/mentor/query,/api/mentor/query,Extracted programmatically,NEW,,MEDIUM
NC-0030,Draft,Academic_Universe_MVP_Technical_Contract_v1.0_Draft.json,/minimum_api_contracts[14]/purpose,,"Run authorization-scoped, provenance-aware grounded mentor query.","Run authorization-scoped, provenance-aware grounded mentor query.","Run authorization-scoped, provenance-aware grounded mentor query.",Extracted programmatically,NEW,,MEDIUM
NC-0031,Draft,Academic_Universe_MVP_Technical_Contract_v1.0_Draft.json,/minimum_api_contracts[1],,"{""method"": ""GET"", ""path"": ""/api/student/profile"", ""purpose"": ""Read tenant-scoped canonical profile.""}","{""method"": ""GET"", ""path"": ""/api/student/profile"", ""purpose"": ""Read tenant-scoped canonical profile.""}","{""method"": ""GET"", ""path"": ""/api/student/profile"", ""purpose"": ""Read tenant-scoped canonical profile.""}",Extracted programmatically,NEW,,MEDIUM
NC-0032,Draft,Academic_Universe_MVP_Technical_Contract_v1.0_Draft.json,/minimum_api_contracts[1]/method,,GET,GET,GET,Extracted programmatically,NEW,,MEDIUM
NC-0033,Draft,Academic_Universe_MVP_Technical_Contract_v1.0_Draft.json,/minimum_api_contracts[1]/path,,/api/student/profile,/api/student/profile,/api/student/profile,Extracted programmatically,NEW,,MEDIUM
NC-0034,Draft,Academic_Universe_MVP_Technical_Contract_v1.0_Draft.json,/minimum_api_contracts[1]/purpose,,Read tenant-scoped canonical profile.,Read tenant-scoped canonical profile.,Read tenant-scoped canonical profile.,Extracted programmatically,NEW,,MEDIUM
NC-0035,Draft,Academic_Universe_MVP_Technical_Contract_v1.0_Draft.json,/minimum_api_contracts[2],,"{""method"": ""PATCH"", ""path"": ""/api/student/profile"", ""purpose"": ""Update permitted student-controlled profile fields.""}","{""method"": ""PATCH"", ""path"": ""/api/student/profile"", ""purpose"": ""Update permitted student-controlled profile fields.""}","{""method"": ""PATCH"", ""path"": ""/api/student/profile"", ""purpose"": ""Update permitted student-controlled profile fields.""}",Extracted programmatically,NEW,,MEDIUM
NC-0036,Draft,Academic_Universe_MVP_Technical_Contract_v1.0_Draft.json,/minimum_api_contracts[2]/method,,PATCH,PATCH,PATCH,Extracted programmatically,NEW,,MEDIUM
NC-0037,Draft,Academic_Universe_MVP_Technical_Contract_v1.0_Draft.json,/minimum_api_contracts[2]/path,,/api/student/profile,/api/student/profile,/api/student/profile,Extracted programmatically,NEW,,MEDIUM
NC-0038,Draft,Academic_Universe_MVP_Technical_Contract_v1.0_Draft.json,/minimum_api_contracts[2]/purpose,,Update permitted student-controlled profile fields.,Update permitted student-controlled profile fields.,Update permitted student-controlled profile fields.,Extracted programmatically,NEW,,MEDIUM
NC-0039,Draft,Academic_Universe_MVP_Technical_Contract_v1.0_Draft.json,/minimum_api_contracts[3],,"{""method"": ""GET"", ""path"": ""/api/onboarding/state"", ""purpose"": ""Read progressive onboarding state.""}","{""method"": ""GET"", ""path"": ""/api/onboarding/state"", ""purpose"": ""Read progressive onboarding state.""}","{""method"": ""GET"", ""path"": ""/api/onboarding/state"", ""purpose"": ""Read progressive onboarding state.""}",Extracted programmatically,NEW,,MEDIUM
NC-0040,Draft,Academic_Universe_MVP_Technical_Contract_v1.0_Draft.json,/minimum_api_contracts[3]/method,,GET,GET,GET,Extracted programmatically,NEW,,MEDIUM
NC-0041,Draft,Academic_Universe_MVP_Technical_Contract_v1.0_Draft.json,/minimum_api_contracts[3]/path,,/api/onboarding/state,/api/onboarding/state,/api/onboarding/state,Extracted programmatically,NEW,,MEDIUM
NC-0042,Draft,Academic_Universe_MVP_Technical_Contract_v1.0_Draft.json,/minimum_api_contracts[3]/purpose,,Read progressive onboarding state.,Read progressive onboarding state.,Read progressive onboarding state.,Extracted programmatically,NEW,,MEDIUM
NC-0043,Draft,Academic_Universe_MVP_Technical_Contract_v1.0_Draft.json,/minimum_api_contracts[4],,"{""method"": ""POST"", ""path"": ""/api/uploads"", ""purpose"": ""Create validated upload and Document record.""}","{""method"": ""POST"", ""path"": ""/api/uploads"", ""purpose"": ""Create validated upload and Document record.""}","{""method"": ""POST"", ""path"": ""/api/uploads"", ""purpose"": ""Create validated upload and Document record.""}",Extracted programmatically,NEW,,MEDIUM
NC-0044,Draft,Academic_Universe_MVP_Technical_Contract_v1.0_Draft.json,/minimum_api_contracts[4]/method,,POST,POST,POST,Extracted programmatically,NEW,,MEDIUM
NC-0045,Draft,Academic_Universe_MVP_Technical_Contract_v1.0_Draft.json,/minimum_api_contracts[4]/path,,/api/uploads,/api/uploads,/api/uploads,Extracted programmatically,NEW,,MEDIUM
NC-0046,Draft,Academic_Universe_MVP_Technical_Contract_v1.0_Draft.json,/minimum_api_contracts[4]/purpose,,Create validated upload and Document record.,Create validated upload and Document record.,Create validated upload and Document record.,Extracted programmatically,NEW,,MEDIUM
NC-0047,Draft,Academic_Universe_MVP_Technical_Contract_v1.0_Draft.json,/minimum_api_contracts[5],,"{""method"": ""GET"", ""path"": ""/api/uploads/:documentId"", ""purpose"": ""Read processing/review state.""}","{""method"": ""GET"", ""path"": ""/api/uploads/:documentId"", ""purpose"": ""Read processing/review state.""}","{""method"": ""GET"", ""path"": ""/api/uploads/:documentId"", ""purpose"": ""Read processing/review state.""}",Extracted programmatically,NEW,,MEDIUM
NC-0048,Draft,Academic_Universe_MVP_Technical_Contract_v1.0_Draft.json,/minimum_api_contracts[5]/method,,GET,GET,GET,Extracted programmatically,NEW,,MEDIUM
NC-0049,Draft,Academic_Universe_MVP_Technical_Contract_v1.0_Draft.json,/minimum_api_contracts[5]/path,,/api/uploads/:documentId,/api/uploads/:documentId,/api/uploads/:documentId,Extracted programmatically,NEW,,MEDIUM
NC-0050,Draft,Academic_Universe_MVP_Technical_Contract_v1.0_Draft.json,/minimum_api_contracts[5]/purpose,,Read processing/review state.,Read processing/review state.,Read processing/review state.,Extracted programmatically,NEW,,MEDIUM
NC-0051,Draft,Academic_Universe_MVP_Technical_Contract_v1.0_Draft.json,/minimum_api_contracts[6],,"{""method"": ""GET"", ""path"": ""/api/uploads/:documentId/candidates"", ""purpose"": ""Read extracted candidate facts.""}","{""method"": ""GET"", ""path"": ""/api/uploads/:documentId/candidates"", ""purpose"": ""Read extracted candidate facts.""}","{""method"": ""GET"", ""path"": ""/api/uploads/:documentId/candidates"", ""purpose"": ""Read extracted candidate facts.""}",Extracted programmatically,NEW,,MEDIUM
NC-0052,Draft,Academic_Universe_MVP_Technical_Contract_v1.0_Draft.json,/minimum_api_contracts[6]/method,,GET,GET,GET,Extracted programmatically,NEW,,MEDIUM
NC-0053,Draft,Academic_Universe_MVP_Technical_Contract_v1.0_Draft.json,/minimum_api_contracts[6]/path,,/api/uploads/:documentId/candidates,/api/uploads/:documentId/candidates,/api/uploads/:documentId/candidates,Extracted programmatically,NEW,,MEDIUM
NC-0054,Draft,Academic_Universe_MVP_Technical_Contract_v1.0_Draft.json,/minimum_api_contracts[6]/purpose,,Read extracted candidate facts.,Read extracted candidate facts.,Read extracted candidate facts.,Extracted programmatically,NEW,,MEDIUM
NC-0055,Draft,Academic_Universe_MVP_Technical_Contract_v1.0_Draft.json,/minimum_api_contracts[7],,"{""method"": ""POST"", ""path"": ""/api/reviews/:reviewSessionId/submit"", ""purpose"": ""Confirm, edit, or reject candidates atomically.""}","{""method"": ""POST"", ""path"": ""/api/reviews/:reviewSessionId/submit"", ""purpose"": ""Confirm, edit, or reject candidates atomically.""}","{""method"": ""POST"", ""path"": ""/api/reviews/:reviewSessionId/submit"", ""purpose"": ""Confirm, edit, or reject candidates atomically.""}",Extracted programmatically,NEW,,MEDIUM
NC-0056,Draft,Academic_Universe_MVP_Technical_Contract_v1.0_Draft.json,/minimum_api_contracts[7]/method,,POST,POST,POST,Extracted programmatically,NEW,,MEDIUM
NC-0057,Draft,Academic_Universe_MVP_Technical_Contract_v1.0_Draft.json,/minimum_api_contracts[7]/path,,/api/reviews/:reviewSessionId/submit,/api/reviews/:reviewSessionId/submit,/api/reviews/:reviewSessionId/submit,Extracted programmatically,NEW,,MEDIUM
NC-0058,Draft,Academic_Universe_MVP_Technical_Contract_v1.0_Draft.json,/minimum_api_contracts[7]/purpose,,"Confirm, edit, or reject candidates atomically.","Confirm, edit, or reject candidates atomically.","Confirm, edit, or reject candidates atomically.",Extracted programmatically,NEW,,MEDIUM
NC-0059,Draft,Academic_Universe_MVP_Technical_Contract_v1.0_Draft.json,/minimum_api_contracts[8],,"{""method"": ""GET"", ""path"": ""/api/facts/:factId/provenance"", ""purpose"": ""Explain source/evidence/trust/freshness.""}","{""method"": ""GET"", ""path"": ""/api/facts/:factId/provenance"", ""purpose"": ""Explain source/evidence/trust/freshness.""}","{""method"": ""GET"", ""path"": ""/api/facts/:factId/provenance"", ""purpose"": ""Explain source/evidence/trust/freshness.""}",Extracted programmatically,NEW,,MEDIUM
NC-0060,Draft,Academic_Universe_MVP_Technical_Contract_v1.0_Draft.json,/minimum_api_contracts[8]/method,,GET,GET,GET,Extracted programmatically,NEW,,MEDIUM
NC-0061,Draft,Academic_Universe_MVP_Technical_Contract_v1.0_Draft.json,/minimum_api_contracts[8]/path,,/api/facts/:factId/provenance,/api/facts/:factId/provenance,/api/facts/:factId/provenance,Extracted programmatically,NEW,,MEDIUM
NC-0062,Draft,Academic_Universe_MVP_Technical_Contract_v1.0_Draft.json,/minimum_api_contracts[8]/purpose,,Explain source/evidence/trust/freshness.,Explain source/evidence/trust/freshness.,Explain source/evidence/trust/freshness.,Extracted programmatically,NEW,,MEDIUM
NC-0063,Draft,Academic_Universe_MVP_Technical_Contract_v1.0_Draft.json,/minimum_api_contracts[9],,"{""method"": ""GET"", ""path"": ""/api/conflicts"", ""purpose"": ""List authorized unresolved conflict cases.""}","{""method"": ""GET"", ""path"": ""/api/conflicts"", ""purpose"": ""List authorized unresolved conflict cases.""}","{""method"": ""GET"", ""path"": ""/api/conflicts"", ""purpose"": ""List authorized unresolved conflict cases.""}",Extracted programmatically,NEW,,MEDIUM
NC-0064,Draft,Academic_Universe_MVP_Technical_Contract_v1.0_Draft.json,/minimum_api_contracts[9]/method,,GET,GET,GET,Extracted programmatically,NEW,,MEDIUM
NC-0065,Draft,Academic_Universe_MVP_Technical_Contract_v1.0_Draft.json,/minimum_api_contracts[9]/path,,/api/conflicts,/api/conflicts,/api/conflicts,Extracted programmatically,NEW,,MEDIUM
NC-0066,Draft,Academic_Universe_MVP_Technical_Contract_v1.0_Draft.json,/minimum_api_contracts[9]/purpose,,List authorized unresolved conflict cases.,List authorized unresolved conflict cases.,List authorized unresolved conflict cases.,Extracted programmatically,NEW,,MEDIUM
NC-0067,Draft,Academic_Universe_MVP_Technical_Contract_v1.0_Draft.json,/non_negotiable_invariants[0],,Every tenant-owned record is scoped by organizationId.,Every tenant-owned record is scoped by organizationId.,Every tenant-owned record is scoped by organizationId.,Extracted programmatically,NEW,,MEDIUM
NC-0068,Draft,Academic_Universe_MVP_Technical_Contract_v1.0_Draft.json,/non_negotiable_invariants[1],,Server resolves authorization scope; client-supplied organizationId is never blindly trusted.,Server resolves authorization scope; client-supplied organizationId is never blindly trusted.,Server resolves authorization scope; client-supplied organizationId is never blindly trusted.,Extracted programmatically,NEW,,MEDIUM
NC-0069,Draft,Academic_Universe_MVP_Technical_Contract_v1.0_Draft.json,/non_negotiable_invariants[2],,"AI extraction creates CandidateFact objects, never canonical truth directly.","AI extraction creates CandidateFact objects, never canonical truth directly.","AI extraction creates CandidateFact objects, never canonical truth directly.",Extracted programmatically,NEW,,MEDIUM
NC-0070,Draft,Academic_Universe_MVP_Technical_Contract_v1.0_Draft.json,/non_negotiable_invariants[3],,Canonical facts retain provenance and evidence linkage.,Canonical facts retain provenance and evidence linkage.,Canonical facts retain provenance and evidence linkage.,Extracted programmatically,NEW,,MEDIUM
NC-0071,Draft,Academic_Universe_MVP_Technical_Contract_v1.0_Draft.json,/non_negotiable_invariants[4],,"Unknown, missing, stale, conflicting, and unverified states are distinct.","Unknown, missing, stale, conflicting, and unverified states are distinct.","Unknown, missing, stale, conflicting, and unverified states are distinct.",Extracted programmatically,NEW,,MEDIUM
NC-0072,Draft,Academic_Universe_MVP_Technical_Contract_v1.0_Draft.json,/non_negotiable_invariants[5],,Unresolved conflicts are not silently overwritten.,Unresolved conflicts are not silently overwritten.,Unresolved conflicts are not silently overwritten.,Extracted programmatically,NEW,,MEDIUM
NC-0073,Draft,Academic_Universe_MVP_Technical_Contract_v1.0_Draft.json,/non_negotiable_invariants[6],,Student correction behavior is source-aware.,Student correction behavior is source-aware.,Student correction behavior is source-aware.,Extracted programmatically,NEW,,MEDIUM
NC-0074,Draft,Academic_Universe_MVP_Technical_Contract_v1.0_Draft.json,/non_negotiable_invariants[7],,AI Mentor retrieves only authorized context.,AI Mentor retrieves only authorized context.,AI Mentor retrieves only authorized context.,Extracted programmatically,NEW,,MEDIUM
NC-0075,Draft,Academic_Universe_MVP_Technical_Contract_v1.0_Draft.json,/non_negotiable_invariants[8],,Unconfirmed candidate facts are not presented as settled truth.,Unconfirmed candidate facts are not presented as settled truth.,Unconfirmed candidate facts are not presented as settled truth.,Extracted programmatically,NEW,,MEDIUM
NC-0076,Draft,Academic_Universe_MVP_Technical_Contract_v1.0_Draft.json,/non_negotiable_invariants[9],,No evidence means the AI must disclose insufficient data rather than fabricate.,No evidence means the AI must disclose insufficient data rather than fabricate.,No evidence means the AI must disclose insufficient data rather than fabricate.,Extracted programmatically,NEW,,MEDIUM
NC-0077,Draft,Academic_Universe_MVP_Technical_Contract_v1.0_Draft.json,/scope,,Frozen MVP P0 trustworthy student loop,Frozen MVP P0 trustworthy student loop,Frozen MVP P0 trustworthy student loop,Extracted programmatically,NEW,,MEDIUM
NC-0078,Pass2,Academic_Universe_MVP_Technical_Contract_v1.0_Pass2.json,/api_contracts[0],,"{""method"": ""POST"", ""path"": ""/api/uploads"", ""auth"": ""STUDENT"", ""request"": {""file"": ""multipart binary"", ""purpose"": ""optional enum/string"", ""clientRequestId"": ""string""}, ""response_201"": {""documentId"": ""id"", ""status"": ""VALIDATING"", ""reviewRequired"": true}, ""errors"": [""400 INVALID_FILE"", ""413 FILE_TOO_LARGE"", ""415 UNSUPPORTED_MEDIA_TYPE"", ""409 IDEMPOTENCY_CONFLICT""]}","{""method"": ""POST"", ""path"": ""/api/uploads"", ""auth"": ""STUDENT"", ""request"": {""file"": ""multipart binary"", ""purpose"": ""optional enum/string"", ""clientRequestId"": ""string""}, ""response_201"": {""documentId"": ""id"", ""status"": ""VALIDATING"", ""reviewRequired"": true}, ""errors"": [""400 INVALID_FILE"", ""413 FILE_TOO_LARGE"", ""415 UNSUPPORTED_MEDIA_TYPE"", ""409 IDEMPOTENCY_CONFLICT""]}","{""method"": ""POST"", ""path"": ""/api/uploads"", ""auth"": ""STUDENT"", ""request"": {""file"": ""multipart binary"", ""purpose"": ""optional enum/string"", ""clientRequestId"": ""string""}, ""response_201"": {""documentId"": ""i",Extracted programmatically,NEW,,MEDIUM
NC-0079,Pass2,Academic_Universe_MVP_Technical_Contract_v1.0_Pass2.json,/api_contracts[0]/auth,,STUDENT,STUDENT,STUDENT,Extracted programmatically,NEW,,MEDIUM
NC-0080,Pass2,Academic_Universe_MVP_Technical_Contract_v1.0_Pass2.json,/api_contracts[0]/errors[0],,400 INVALID_FILE,400 INVALID_FILE,400 INVALID_FILE,Extracted programmatically,NEW,,MEDIUM
NC-0081,Pass2,Academic_Universe_MVP_Technical_Contract_v1.0_Pass2.json,/api_contracts[0]/errors[1],,413 FILE_TOO_LARGE,413 FILE_TOO_LARGE,413 FILE_TOO_LARGE,Extracted programmatically,NEW,,MEDIUM
NC-0082,Pass2,Academic_Universe_MVP_Technical_Contract_v1.0_Pass2.json,/api_contracts[0]/errors[2],,415 UNSUPPORTED_MEDIA_TYPE,415 UNSUPPORTED_MEDIA_TYPE,415 UNSUPPORTED_MEDIA_TYPE,Extracted programmatically,NEW,,MEDIUM
NC-0083,Pass2,Academic_Universe_MVP_Technical_Contract_v1.0_Pass2.json,/api_contracts[0]/errors[3],,409 IDEMPOTENCY_CONFLICT,409 IDEMPOTENCY_CONFLICT,409 IDEMPOTENCY_CONFLICT,Extracted programmatically,NEW,,MEDIUM
NC-0084,Pass2,Academic_Universe_MVP_Technical_Contract_v1.0_Pass2.json,/api_contracts[0]/method,,POST,POST,POST,Extracted programmatically,NEW,,MEDIUM
NC-0085,Pass2,Academic_Universe_MVP_Technical_Contract_v1.0_Pass2.json,/api_contracts[0]/path,,/api/uploads,/api/uploads,/api/uploads,Extracted programmatically,NEW,,MEDIUM
NC-0086,Pass2,Academic_Universe_MVP_Technical_Contract_v1.0_Pass2.json,/api_contracts[0]/request/clientRequestId,,string,string,string,Extracted programmatically,NEW,,MEDIUM
NC-0087,Pass2,Academic_Universe_MVP_Technical_Contract_v1.0_Pass2.json,/api_contracts[0]/request/file,,multipart binary,multipart binary,multipart binary,Extracted programmatically,NEW,,MEDIUM
NC-0088,Pass2,Academic_Universe_MVP_Technical_Contract_v1.0_Pass2.json,/api_contracts[0]/request/purpose,,optional enum/string,optional enum/string,optional enum/string,Extracted programmatically,NEW,,MEDIUM
NC-0089,Pass2,Academic_Universe_MVP_Technical_Contract_v1.0_Pass2.json,/api_contracts[0]/response_201/documentId,,id,id,id,Extracted programmatically,NEW,,MEDIUM
NC-0090,Pass2,Academic_Universe_MVP_Technical_Contract_v1.0_Pass2.json,/api_contracts[0]/response_201/reviewRequired,,True,True,True,Extracted programmatically,NEW,,MEDIUM
NC-0091,Pass2,Academic_Universe_MVP_Technical_Contract_v1.0_Pass2.json,/api_contracts[0]/response_201/status,,VALIDATING,VALIDATING,VALIDATING,Extracted programmatically,NEW,,MEDIUM
NC-0092,Pass2,Academic_Universe_MVP_Technical_Contract_v1.0_Pass2.json,/api_contracts[1],,"{""method"": ""GET"", ""path"": ""/api/uploads/:documentId/candidates"", ""auth"": ""STUDENT_OWN_RESOURCE"", ""response_200"": {""documentId"": ""id"", ""reviewSessionId"": ""id"", ""candidates"": ""CandidateFactView[]"", ""documentStatus"": ""REVIEW_REQUIRED""}}","{""method"": ""GET"", ""path"": ""/api/uploads/:documentId/candidates"", ""auth"": ""STUDENT_OWN_RESOURCE"", ""response_200"": {""documentId"": ""id"", ""reviewSessionId"": ""id"", ""candidates"": ""CandidateFactView[]"", ""documentStatus"": ""REVIEW_REQUIRED""}}","{""method"": ""GET"", ""path"": ""/api/uploads/:documentId/candidates"", ""auth"": ""STUDENT_OWN_RESOURCE"", ""response_200"": {""documentId"": ""id"", ""reviewSessionId"": ""id"", ""candidates"": ""CandidateFactView[]"", ""doc",Extracted programmatically,NEW,,MEDIUM
NC-0093,Pass2,Academic_Universe_MVP_Technical_Contract_v1.0_Pass2.json,/api_contracts[1]/auth,,STUDENT_OWN_RESOURCE,STUDENT_OWN_RESOURCE,STUDENT_OWN_RESOURCE,Extracted programmatically,NEW,,MEDIUM
NC-0094,Pass2,Academic_Universe_MVP_Technical_Contract_v1.0_Pass2.json,/api_contracts[1]/method,,GET,GET,GET,Extracted programmatically,NEW,,MEDIUM
NC-0095,Pass2,Academic_Universe_MVP_Technical_Contract_v1.0_Pass2.json,/api_contracts[1]/path,,/api/uploads/:documentId/candidates,/api/uploads/:documentId/candidates,/api/uploads/:documentId/candidates,Extracted programmatically,NEW,,MEDIUM
NC-0096,Pass2,Academic_Universe_MVP_Technical_Contract_v1.0_Pass2.json,/api_contracts[1]/response_200/candidates,,CandidateFactView[],CandidateFactView[],CandidateFactView[],Extracted programmatically,NEW,,MEDIUM
NC-0097,Pass2,Academic_Universe_MVP_Technical_Contract_v1.0_Pass2.json,/api_contracts[1]/response_200/documentId,,id,id,id,Extracted programmatically,NEW,,MEDIUM
NC-0098,Pass2,Academic_Universe_MVP_Technical_Contract_v1.0_Pass2.json,/api_contracts[1]/response_200/documentStatus,,REVIEW_REQUIRED,REVIEW_REQUIRED,REVIEW_REQUIRED,Extracted programmatically,NEW,,MEDIUM
NC-0099,Pass2,Academic_Universe_MVP_Technical_Contract_v1.0_Pass2.json,/api_contracts[1]/response_200/reviewSessionId,,id,id,id,Extracted programmatically,NEW,,MEDIUM
NC-0100,Pass2,Academic_Universe_MVP_Technical_Contract_v1.0_Pass2.json,/api_contracts[2],,"{""method"": ""POST"", ""path"": ""/api/reviews/:reviewSessionId/submit"", ""auth"": ""STUDENT_OWN_RESOURCE"", ""request"": {""version"": ""integer"", ""decisions"": [{""candidateFactId"": ""id"", ""action"": ""CONFIRM|EDIT_CONFIRM|REJECT"", ""editedValue"": ""optional""}], ""clientRequestId"": ""string""}, ""response_200"": {""reviewSessionId"": ""id"", ""status"": ""COMPLETED"", ""createdFactIds"": ""id[]"", ""conflictCaseIds"": ""id[]""}, ""errors"": [""409 VERSION_CONFLICT"", ""422 INVALID_REVIEW_DECISION""]}","{""method"": ""POST"", ""path"": ""/api/reviews/:reviewSessionId/submit"", ""auth"": ""STUDENT_OWN_RESOURCE"", ""request"": {""version"": ""integer"", ""decisions"": [{""candidateFactId"": ""id"", ""action"": ""CONFIRM|EDIT_CONFIRM|REJECT"", ""editedValue"": ""optional""}], ""clientRequestId"": ""string""}, ""response_200"": {""reviewSessionId"": ""id"", ""status"": ""COMPLETED"", ""createdFactIds"": ""id[]"", ""conflictCaseIds"": ""id[]""}, ""errors"": [""409 VERSION_CONFLICT"", ""422 INVALID_REVIEW_DECISION""]}","{""method"": ""POST"", ""path"": ""/api/reviews/:reviewSessionId/submit"", ""auth"": ""STUDENT_OWN_RESOURCE"", ""request"": {""version"": ""integer"", ""decisions"": [{""candidateFactId"": ""id"", ""action"": ""CONFIRM|EDIT_CON",Extracted programmatically,NEW,,MEDIUM
NC-0101,Pass2,Academic_Universe_MVP_Technical_Contract_v1.0_Pass2.json,/api_contracts[2]/auth,,STUDENT_OWN_RESOURCE,STUDENT_OWN_RESOURCE,STUDENT_OWN_RESOURCE,Extracted programmatically,NEW,,MEDIUM
NC-0102,Pass2,Academic_Universe_MVP_Technical_Contract_v1.0_Pass2.json,/api_contracts[2]/errors[0],,409 VERSION_CONFLICT,409 VERSION_CONFLICT,409 VERSION_CONFLICT,Extracted programmatically,NEW,,MEDIUM
NC-0103,Pass2,Academic_Universe_MVP_Technical_Contract_v1.0_Pass2.json,/api_contracts[2]/errors[1],,422 INVALID_REVIEW_DECISION,422 INVALID_REVIEW_DECISION,422 INVALID_REVIEW_DECISION,Extracted programmatically,NEW,,MEDIUM
NC-0104,Pass2,Academic_Universe_MVP_Technical_Contract_v1.0_Pass2.json,/api_contracts[2]/method,,POST,POST,POST,Extracted programmatically,NEW,,MEDIUM
NC-0105,Pass2,Academic_Universe_MVP_Technical_Contract_v1.0_Pass2.json,/api_contracts[2]/path,,/api/reviews/:reviewSessionId/submit,/api/reviews/:reviewSessionId/submit,/api/reviews/:reviewSessionId/submit,Extracted programmatically,NEW,,MEDIUM
NC-0106,Pass2,Academic_Universe_MVP_Technical_Contract_v1.0_Pass2.json,/api_contracts[2]/request/clientRequestId,,string,string,string,Extracted programmatically,NEW,,MEDIUM
NC-0107,Pass2,Academic_Universe_MVP_Technical_Contract_v1.0_Pass2.json,/api_contracts[2]/request/decisions[0]/action,,CONFIRM|EDIT_CONFIRM|REJECT,CONFIRM|EDIT_CONFIRM|REJECT,CONFIRM|EDIT_CONFIRM|REJECT,Extracted programmatically,NEW,,MEDIUM
NC-0108,Pass2,Academic_Universe_MVP_Technical_Contract_v1.0_Pass2.json,/api_contracts[2]/request/decisions[0]/candidateFactId,,id,id,id,Extracted programmatically,NEW,,MEDIUM
NC-0109,Pass2,Academic_Universe_MVP_Technical_Contract_v1.0_Pass2.json,/api_contracts[2]/request/decisions[0]/editedValue,,optional,optional,optional,Extracted programmatically,NEW,,MEDIUM
NC-0110,Pass2,Academic_Universe_MVP_Technical_Contract_v1.0_Pass2.json,/api_contracts[2]/request/version,,integer,integer,integer,Extracted programmatically,NEW,,MEDIUM
NC-0111,Pass2,Academic_Universe_MVP_Technical_Contract_v1.0_Pass2.json,/api_contracts[2]/response_200/conflictCaseIds,,id[],id[],id[],Extracted programmatically,NEW,,MEDIUM
NC-0112,Pass2,Academic_Universe_MVP_Technical_Contract_v1.0_Pass2.json,/api_contracts[2]/response_200/createdFactIds,,id[],id[],id[],Extracted programmatically,NEW,,MEDIUM
NC-0113,Pass2,Academic_Universe_MVP_Technical_Contract_v1.0_Pass2.json,/api_contracts[2]/response_200/reviewSessionId,,id,id,id,Extracted programmatically,NEW,,MEDIUM
NC-0114,Pass2,Academic_Universe_MVP_Technical_Contract_v1.0_Pass2.json,/api_contracts[2]/response_200/status,,COMPLETED,COMPLETED,COMPLETED,Extracted programmatically,NEW,,MEDIUM
NC-0115,Pass2,Academic_Universe_MVP_Technical_Contract_v1.0_Pass2.json,/api_contracts[3],,"{""method"": ""GET"", ""path"": ""/api/facts/:factId/provenance"", ""auth"": ""STUDENT_OWN_RESOURCE"", ""response_200"": {""factId"": ""id"", ""verificationState"": ""enum"", ""freshnessState"": ""enum"", ""sources"": ""SourceView[]"", ""evidence"": ""EvidenceView[]"", ""lastVerifiedAt"": ""datetime|null""}}","{""method"": ""GET"", ""path"": ""/api/facts/:factId/provenance"", ""auth"": ""STUDENT_OWN_RESOURCE"", ""response_200"": {""factId"": ""id"", ""verificationState"": ""enum"", ""freshnessState"": ""enum"", ""sources"": ""SourceView[]"", ""evidence"": ""EvidenceView[]"", ""lastVerifiedAt"": ""datetime|null""}}","{""method"": ""GET"", ""path"": ""/api/facts/:factId/provenance"", ""auth"": ""STUDENT_OWN_RESOURCE"", ""response_200"": {""factId"": ""id"", ""verificationState"": ""enum"", ""freshnessState"": ""enum"", ""sources"": ""SourceVie",Extracted programmatically,NEW,,MEDIUM
NC-0116,Pass2,Academic_Universe_MVP_Technical_Contract_v1.0_Pass2.json,/api_contracts[3]/auth,,STUDENT_OWN_RESOURCE,STUDENT_OWN_RESOURCE,STUDENT_OWN_RESOURCE,Extracted programmatically,NEW,,MEDIUM
NC-0117,Pass2,Academic_Universe_MVP_Technical_Contract_v1.0_Pass2.json,/api_contracts[3]/method,,GET,GET,GET,Extracted programmatically,NEW,,MEDIUM
NC-0118,Pass2,Academic_Universe_MVP_Technical_Contract_v1.0_Pass2.json,/api_contracts[3]/path,,/api/facts/:factId/provenance,/api/facts/:factId/provenance,/api/facts/:factId/provenance,Extracted programmatically,NEW,,MEDIUM
NC-0119,Pass2,Academic_Universe_MVP_Technical_Contract_v1.0_Pass2.json,/api_contracts[3]/response_200/evidence,,EvidenceView[],EvidenceView[],EvidenceView[],Extracted programmatically,NEW,,MEDIUM
NC-0120,Pass2,Academic_Universe_MVP_Technical_Contract_v1.0_Pass2.json,/api_contracts[3]/response_200/factId,,id,id,id,Extracted programmatically,NEW,,MEDIUM
NC-0121,Pass2,Academic_Universe_MVP_Technical_Contract_v1.0_Pass2.json,/api_contracts[3]/response_200/freshnessState,,enum,enum,enum,Extracted programmatically,NEW,,MEDIUM
NC-0122,Pass2,Academic_Universe_MVP_Technical_Contract_v1.0_Pass2.json,/api_contracts[3]/response_200/lastVerifiedAt,,datetime|null,datetime|null,datetime|null,Extracted programmatically,NEW,,MEDIUM
NC-0123,Pass2,Academic_Universe_MVP_Technical_Contract_v1.0_Pass2.json,/api_contracts[3]/response_200/sources,,SourceView[],SourceView[],SourceView[],Extracted programmatically,NEW,,MEDIUM
NC-0124,Pass2,Academic_Universe_MVP_Technical_Contract_v1.0_Pass2.json,/api_contracts[3]/response_200/verificationState,,enum,enum,enum,Extracted programmatically,NEW,,MEDIUM
NC-0125,Pass2,Academic_Universe_MVP_Technical_Contract_v1.0_Pass2.json,/api_contracts[4],,"{""method"": ""POST"", ""path"": ""/api/conflicts/:conflictId/resolve"", ""auth"": ""STUDENT_OWN_RESOURCE"", ""request"": {""version"": ""integer"", ""resolution"": ""KEEP_EXISTING|ACCEPT_NEW|KEEP_BOTH|MARK_UNKNOWN"", ""selectedFactId"": ""optional id"", ""clientRequestId"": ""string""}, ""response_200"": {""conflictId"": ""id"", ""status"": ""RESOLVED"", ""affectedFactIds"": ""id[]""}}","{""method"": ""POST"", ""path"": ""/api/conflicts/:conflictId/resolve"", ""auth"": ""STUDENT_OWN_RESOURCE"", ""request"": {""version"": ""integer"", ""resolution"": ""KEEP_EXISTING|ACCEPT_NEW|KEEP_BOTH|MARK_UNKNOWN"", ""selectedFactId"": ""optional id"", ""clientRequestId"": ""string""}, ""response_200"": {""conflictId"": ""id"", ""status"": ""RESOLVED"", ""affectedFactIds"": ""id[]""}}","{""method"": ""POST"", ""path"": ""/api/conflicts/:conflictId/resolve"", ""auth"": ""STUDENT_OWN_RESOURCE"", ""request"": {""version"": ""integer"", ""resolution"": ""KEEP_EXISTING|ACCEPT_NEW|KEEP_BOTH|MARK_UNKNOWN"", ""sel",Extracted programmatically,NEW,,MEDIUM
NC-0126,Pass2,Academic_Universe_MVP_Technical_Contract_v1.0_Pass2.json,/api_contracts[4]/auth,,STUDENT_OWN_RESOURCE,STUDENT_OWN_RESOURCE,STUDENT_OWN_RESOURCE,Extracted programmatically,NEW,,MEDIUM
NC-0127,Pass2,Academic_Universe_MVP_Technical_Contract_v1.0_Pass2.json,/api_contracts[4]/method,,POST,POST,POST,Extracted programmatically,NEW,,MEDIUM
NC-0128,Pass2,Academic_Universe_MVP_Technical_Contract_v1.0_Pass2.json,/api_contracts[4]/path,,/api/conflicts/:conflictId/resolve,/api/conflicts/:conflictId/resolve,/api/conflicts/:conflictId/resolve,Extracted programmatically,NEW,,MEDIUM
NC-0129,Pass2,Academic_Universe_MVP_Technical_Contract_v1.0_Pass2.json,/api_contracts[4]/request/clientRequestId,,string,string,string,Extracted programmatically,NEW,,MEDIUM
NC-0130,Pass2,Academic_Universe_MVP_Technical_Contract_v1.0_Pass2.json,/api_contracts[4]/request/resolution,,KEEP_EXISTING|ACCEPT_NEW|KEEP_BOTH|MARK_UNKNOWN,KEEP_EXISTING|ACCEPT_NEW|KEEP_BOTH|MARK_UNKNOWN,KEEP_EXISTING|ACCEPT_NEW|KEEP_BOTH|MARK_UNKNOWN,Extracted programmatically,NEW,,MEDIUM
NC-0131,Pass2,Academic_Universe_MVP_Technical_Contract_v1.0_Pass2.json,/api_contracts[4]/request/selectedFactId,,optional id,optional id,optional id,Extracted programmatically,NEW,,MEDIUM
NC-0132,Pass2,Academic_Universe_MVP_Technical_Contract_v1.0_Pass2.json,/api_contracts[4]/request/version,,integer,integer,integer,Extracted programmatically,NEW,,MEDIUM
NC-0133,Pass2,Academic_Universe_MVP_Technical_Contract_v1.0_Pass2.json,/api_contracts[4]/response_200/affectedFactIds,,id[],id[],id[],Extracted programmatically,NEW,,MEDIUM
NC-0134,Pass2,Academic_Universe_MVP_Technical_Contract_v1.0_Pass2.json,/api_contracts[4]/response_200/conflictId,,id,id,id,Extracted programmatically,NEW,,MEDIUM
NC-0135,Pass2,Academic_Universe_MVP_Technical_Contract_v1.0_Pass2.json,/api_contracts[4]/response_200/status,,RESOLVED,RESOLVED,RESOLVED,Extracted programmatically,NEW,,MEDIUM
NC-0136,Pass2,Academic_Universe_MVP_Technical_Contract_v1.0_Pass2.json,/api_contracts[5],,"{""method"": ""POST"", ""path"": ""/api/mentor/query"", ""auth"": ""STUDENT"", ""request"": {""threadId"": ""optional id"", ""message"": ""string"", ""clientRequestId"": ""string""}, ""response_200"": {""threadId"": ""id"", ""answer"": ""string"", ""groundingState"": ""GROUNDED|PARTIAL|INSUFFICIENT_DATA|CONFLICTED"", ""disclosures"": ""string[]"", ""evidenceRefs"": ""SafeEvidenceRef[]""}, ""errors"": [""429 RATE_LIMITED"", ""503 MENTOR_TEMPORARILY_UNAVAILABLE""]}","{""method"": ""POST"", ""path"": ""/api/mentor/query"", ""auth"": ""STUDENT"", ""request"": {""threadId"": ""optional id"", ""message"": ""string"", ""clientRequestId"": ""string""}, ""response_200"": {""threadId"": ""id"", ""answer"": ""string"", ""groundingState"": ""GROUNDED|PARTIAL|INSUFFICIENT_DATA|CONFLICTED"", ""disclosures"": ""string[]"", ""evidenceRefs"": ""SafeEvidenceRef[]""}, ""errors"": [""429 RATE_LIMITED"", ""503 MENTOR_TEMPORARILY_UNAVAILABLE""]}","{""method"": ""POST"", ""path"": ""/api/mentor/query"", ""auth"": ""STUDENT"", ""request"": {""threadId"": ""optional id"", ""message"": ""string"", ""clientRequestId"": ""string""}, ""response_200"": {""threadId"": ""id"", ""answer""",Extracted programmatically,NEW,,MEDIUM
NC-0137,Pass2,Academic_Universe_MVP_Technical_Contract_v1.0_Pass2.json,/api_contracts[5]/auth,,STUDENT,STUDENT,STUDENT,Extracted programmatically,NEW,,MEDIUM
NC-0138,Pass2,Academic_Universe_MVP_Technical_Contract_v1.0_Pass2.json,/api_contracts[5]/errors[0],,429 RATE_LIMITED,429 RATE_LIMITED,429 RATE_LIMITED,Extracted programmatically,NEW,,MEDIUM
NC-0139,Pass2,Academic_Universe_MVP_Technical_Contract_v1.0_Pass2.json,/api_contracts[5]/errors[1],,503 MENTOR_TEMPORARILY_UNAVAILABLE,503 MENTOR_TEMPORARILY_UNAVAILABLE,503 MENTOR_TEMPORARILY_UNAVAILABLE,Extracted programmatically,NEW,,MEDIUM
NC-0140,Pass2,Academic_Universe_MVP_Technical_Contract_v1.0_Pass2.json,/api_contracts[5]/method,,POST,POST,POST,Extracted programmatically,NEW,,MEDIUM
NC-0141,Pass2,Academic_Universe_MVP_Technical_Contract_v1.0_Pass2.json,/api_contracts[5]/path,,/api/mentor/query,/api/mentor/query,/api/mentor/query,Extracted programmatically,NEW,,MEDIUM
NC-0142,Pass2,Academic_Universe_MVP_Technical_Contract_v1.0_Pass2.json,/api_contracts[5]/request/clientRequestId,,string,string,string,Extracted programmatically,NEW,,MEDIUM
NC-0143,Pass2,Academic_Universe_MVP_Technical_Contract_v1.0_Pass2.json,/api_contracts[5]/request/message,,string,string,string,Extracted programmatically,NEW,,MEDIUM
NC-0144,Pass2,Academic_Universe_MVP_Technical_Contract_v1.0_Pass2.json,/api_contracts[5]/request/threadId,,optional id,optional id,optional id,Extracted programmatically,NEW,,MEDIUM
NC-0145,Pass2,Academic_Universe_MVP_Technical_Contract_v1.0_Pass2.json,/api_contracts[5]/response_200/answer,,string,string,string,Extracted programmatically,NEW,,MEDIUM
NC-0146,Pass2,Academic_Universe_MVP_Technical_Contract_v1.0_Pass2.json,/api_contracts[5]/response_200/disclosures,,string[],string[],string[],Extracted programmatically,NEW,,MEDIUM
NC-0147,Pass2,Academic_Universe_MVP_Technical_Contract_v1.0_Pass2.json,/api_contracts[5]/response_200/evidenceRefs,,SafeEvidenceRef[],SafeEvidenceRef[],SafeEvidenceRef[],Extracted programmatically,NEW,,MEDIUM
NC-0148,Pass2,Academic_Universe_MVP_Technical_Contract_v1.0_Pass2.json,/api_contracts[5]/response_200/groundingState,,GROUNDED|PARTIAL|INSUFFICIENT_DATA|CONFLICTED,GROUNDED|PARTIAL|INSUFFICIENT_DATA|CONFLICTED,GROUNDED|PARTIAL|INSUFFICIENT_DATA|CONFLICTED,Extracted programmatically,NEW,,MEDIUM
NC-0149,Pass2,Academic_Universe_MVP_Technical_Contract_v1.0_Pass2.json,/api_contracts[5]/response_200/threadId,,id,id,id,Extracted programmatically,NEW,,MEDIUM
NC-0150,Pass2,Academic_Universe_MVP_Technical_Contract_v1.0_Pass2.json,/authorization_matrix[0],,"{""resource"": ""StudentProfile"", ""STUDENT"": ""read/write own"", ""FACULTY"": ""none by default"", ""ORG_ADMIN"": ""policy-limited admin read"", ""SYSTEM"": ""scoped service operations""}","{""resource"": ""StudentProfile"", ""STUDENT"": ""read/write own"", ""FACULTY"": ""none by default"", ""ORG_ADMIN"": ""policy-limited admin read"", ""SYSTEM"": ""scoped service operations""}","{""resource"": ""StudentProfile"", ""STUDENT"": ""read/write own"", ""FACULTY"": ""none by default"", ""ORG_ADMIN"": ""policy-limited admin read"", ""SYSTEM"": ""scoped service operations""}",Extracted programmatically,NEW,,MEDIUM
NC-0151,Pass2,Academic_Universe_MVP_Technical_Contract_v1.0_Pass2.json,/authorization_matrix[1],,"{""resource"": ""Document"", ""STUDENT"": ""create/read/delete own subject to retention rules"", ""FACULTY"": ""none by default"", ""ORG_ADMIN"": ""metadata-only if policy permits"", ""SYSTEM"": ""process scoped document""}","{""resource"": ""Document"", ""STUDENT"": ""create/read/delete own subject to retention rules"", ""FACULTY"": ""none by default"", ""ORG_ADMIN"": ""metadata-only if policy permits"", ""SYSTEM"": ""process scoped document""}","{""resource"": ""Document"", ""STUDENT"": ""create/read/delete own subject to retention rules"", ""FACULTY"": ""none by default"", ""ORG_ADMIN"": ""metadata-only if policy permits"", ""SYSTEM"": ""process scoped documen",Extracted programmatically,NEW,,MEDIUM
NC-0152,Pass2,Academic_Universe_MVP_Technical_Contract_v1.0_Pass2.json,/authorization_matrix[2],,"{""resource"": ""CandidateFact"", ""STUDENT"": ""read/review own"", ""FACULTY"": ""none"", ""ORG_ADMIN"": ""none by default"", ""SYSTEM"": ""create/update processing states""}","{""resource"": ""CandidateFact"", ""STUDENT"": ""read/review own"", ""FACULTY"": ""none"", ""ORG_ADMIN"": ""none by default"", ""SYSTEM"": ""create/update processing states""}","{""resource"": ""CandidateFact"", ""STUDENT"": ""read/review own"", ""FACULTY"": ""none"", ""ORG_ADMIN"": ""none by default"", ""SYSTEM"": ""create/update processing states""}",Extracted programmatically,NEW,,MEDIUM
NC-0153,Pass2,Academic_Universe_MVP_Technical_Contract_v1.0_Pass2.json,/authorization_matrix[3],,"{""resource"": ""Fact"", ""STUDENT"": ""read own; direct write only for explicitly student-controlled fields"", ""FACULTY"": ""none by default"", ""ORG_ADMIN"": ""policy-limited"", ""SYSTEM"": ""canonicalization via contract""}","{""resource"": ""Fact"", ""STUDENT"": ""read own; direct write only for explicitly student-controlled fields"", ""FACULTY"": ""none by default"", ""ORG_ADMIN"": ""policy-limited"", ""SYSTEM"": ""canonicalization via contract""}","{""resource"": ""Fact"", ""STUDENT"": ""read own; direct write only for explicitly student-controlled fields"", ""FACULTY"": ""none by default"", ""ORG_ADMIN"": ""policy-limited"", ""SYSTEM"": ""canonicalization via con",Extracted programmatically,NEW,,MEDIUM
NC-0154,Pass2,Academic_Universe_MVP_Technical_Contract_v1.0_Pass2.json,/authorization_matrix[4],,"{""resource"": ""ProvenanceRecord"", ""STUDENT"": ""read own explainability view"", ""FACULTY"": ""none by default"", ""ORG_ADMIN"": ""policy-limited"", ""SYSTEM"": ""append""}","{""resource"": ""ProvenanceRecord"", ""STUDENT"": ""read own explainability view"", ""FACULTY"": ""none by default"", ""ORG_ADMIN"": ""policy-limited"", ""SYSTEM"": ""append""}","{""resource"": ""ProvenanceRecord"", ""STUDENT"": ""read own explainability view"", ""FACULTY"": ""none by default"", ""ORG_ADMIN"": ""policy-limited"", ""SYSTEM"": ""append""}",Extracted programmatically,NEW,,MEDIUM
NC-0155,Pass2,Academic_Universe_MVP_Technical_Contract_v1.0_Pass2.json,/authorization_matrix[5],,"{""resource"": ""ConflictCase"", ""STUDENT"": ""read/resolve permitted own cases"", ""FACULTY"": ""none"", ""ORG_ADMIN"": ""policy-limited"", ""SYSTEM"": ""detect/create""}","{""resource"": ""ConflictCase"", ""STUDENT"": ""read/resolve permitted own cases"", ""FACULTY"": ""none"", ""ORG_ADMIN"": ""policy-limited"", ""SYSTEM"": ""detect/create""}","{""resource"": ""ConflictCase"", ""STUDENT"": ""read/resolve permitted own cases"", ""FACULTY"": ""none"", ""ORG_ADMIN"": ""policy-limited"", ""SYSTEM"": ""detect/create""}",Extracted programmatically,NEW,,MEDIUM
NC-0156,Pass2,Academic_Universe_MVP_Technical_Contract_v1.0_Pass2.json,/authorization_matrix[6],,"{""resource"": ""CorrectionRequest"", ""STUDENT"": ""create/read own"", ""FACULTY"": ""none"", ""ORG_ADMIN"": ""review only if source policy requires"", ""SYSTEM"": ""route/apply allowed actions""}","{""resource"": ""CorrectionRequest"", ""STUDENT"": ""create/read own"", ""FACULTY"": ""none"", ""ORG_ADMIN"": ""review only if source policy requires"", ""SYSTEM"": ""route/apply allowed actions""}","{""resource"": ""CorrectionRequest"", ""STUDENT"": ""create/read own"", ""FACULTY"": ""none"", ""ORG_ADMIN"": ""review only if source policy requires"", ""SYSTEM"": ""route/apply allowed actions""}",Extracted programmatically,NEW,,MEDIUM
NC-0157,Pass2,Academic_Universe_MVP_Technical_Contract_v1.0_Pass2.json,/authorization_matrix[7],,"{""resource"": ""AuditEvent"", ""STUDENT"": ""no raw log access; selected activity view only"", ""FACULTY"": ""none"", ""ORG_ADMIN"": ""authorized audit view"", ""SYSTEM"": ""append/query scoped""}","{""resource"": ""AuditEvent"", ""STUDENT"": ""no raw log access; selected activity view only"", ""FACULTY"": ""none"", ""ORG_ADMIN"": ""authorized audit view"", ""SYSTEM"": ""append/query scoped""}","{""resource"": ""AuditEvent"", ""STUDENT"": ""no raw log access; selected activity view only"", ""FACULTY"": ""none"", ""ORG_ADMIN"": ""authorized audit view"", ""SYSTEM"": ""append/query scoped""}",Extracted programmatically,NEW,,MEDIUM
NC-0158,Pass2,Academic_Universe_MVP_Technical_Contract_v1.0_Pass2.json,/index_rules[0],,Prefer compound indexes beginning with organizationId for tenant-scoped query paths.,Prefer compound indexes beginning with organizationId for tenant-scoped query paths.,Prefer compound indexes beginning with organizationId for tenant-scoped query paths.,Extracted programmatically,NEW,,MEDIUM
NC-0159,Pass2,Academic_Universe_MVP_Technical_Contract_v1.0_Pass2.json,/index_rules[1],,Do not create speculative indexes without observed query contracts.,Do not create speculative indexes without observed query contracts.,Do not create speculative indexes without observed query contracts.,Extracted programmatically,NEW,,MEDIUM
NC-0160,Pass2,Academic_Universe_MVP_Technical_Contract_v1.0_Pass2.json,/index_rules[2],,Use unique compound indexes for tenant-scoped uniqueness.,Use unique compound indexes for tenant-scoped uniqueness.,Use unique compound indexes for tenant-scoped uniqueness.,Extracted programmatically,NEW,,MEDIUM
NC-0161,Pass2,Academic_Universe_MVP_Technical_Contract_v1.0_Pass2.json,/index_rules[3],,TTL indexes only for explicitly ephemeral records; never TTL canonical facts/evidence by accident.,TTL indexes only for explicitly ephemeral records; never TTL canonical facts/evidence by accident.,TTL indexes only for explicitly ephemeral records; never TTL canonical facts/evidence by accident.,Extracted programmatically,NEW,,MEDIUM
NC-0162,Pass2,Academic_Universe_MVP_Technical_Contract_v1.0_Pass2.json,/index_rules[4],,AuditEvent indexes support time-bounded tenant queries.,AuditEvent indexes support time-bounded tenant queries.,AuditEvent indexes support time-bounded tenant queries.,Extracted programmatically,NEW,,MEDIUM
NC-0163,Pass2,Academic_Universe_MVP_Technical_Contract_v1.0_Pass2.json,/organization_ownership_rules[0],,Every TENANT_SCOPED collection requires organizationId.,Every TENANT_SCOPED collection requires organizationId.,Every TENANT_SCOPED collection requires organizationId.,Extracted programmatically,NEW,,MEDIUM
NC-0164,Pass2,Academic_Universe_MVP_Technical_Contract_v1.0_Pass2.json,/organization_ownership_rules[1],,Repository methods for tenant-owned data require TenantContext; no optional organizationId parameter.,Repository methods for tenant-owned data require TenantContext; no optional organizationId parameter.,Repository methods for tenant-owned data require TenantContext; no optional organizationId parameter.,Extracted programmatically,NEW,,MEDIUM
NC-0165,Pass2,Academic_Universe_MVP_Technical_Contract_v1.0_Pass2.json,/organization_ownership_rules[2],,Server derives active organization scope from authenticated membership/session context.,Server derives active organization scope from authenticated membership/session context.,Server derives active organization scope from authenticated membership/session context.,Extracted programmatically,NEW,,MEDIUM
NC-0166,Pass2,Academic_Universe_MVP_Technical_Contract_v1.0_Pass2.json,/organization_ownership_rules[3],,"Object lookup uses {_id, organizationId}; never _id alone for tenant-owned resources.","Object lookup uses {_id, organizationId}; never _id alone for tenant-owned resources.","Object lookup uses {_id, organizationId}; never _id alone for tenant-owned resources.",Extracted programmatically,NEW,,MEDIUM
NC-0167,Pass2,Academic_Universe_MVP_Technical_Contract_v1.0_Pass2.json,/organization_ownership_rules[4],,Unique indexes for tenant-owned business keys include organizationId.,Unique indexes for tenant-owned business keys include organizationId.,Unique indexes for tenant-owned business keys include organizationId.,Extracted programmatically,NEW,,MEDIUM
NC-0168,Pass2,Academic_Universe_MVP_Technical_Contract_v1.0_Pass2.json,/organization_ownership_rules[5],,Background jobs carry immutable organizationId and re-authorize resource existence before mutation.,Background jobs carry immutable organizationId and re-authorize resource existence before mutation.,Background jobs carry immutable organizationId and re-authorize resource existence before mutation.,Extracted programmatically,NEW,,MEDIUM
NC-0169,Pass2,Academic_Universe_MVP_Technical_Contract_v1.0_Pass2.json,/organization_ownership_rules[6],,Cross-tenant analytics are outside MVP unless explicitly de-identified and separately governed.,Cross-tenant analytics are outside MVP unless explicitly de-identified and separately governed.,Cross-tenant analytics are outside MVP unless explicitly de-identified and separately governed.,Extracted programmatically,NEW,,MEDIUM
NC-0170,Pass2,Academic_Universe_MVP_Technical_Contract_v1.0_Pass2.json,/organization_ownership_rules[7],,"Cloud/storage paths use opaque IDs; authorization is checked by application metadata, not path secrecy.","Cloud/storage paths use opaque IDs; authorization is checked by application metadata, not path secrecy.","Cloud/storage paths use opaque IDs; authorization is checked by application metadata, not path secrecy.",Extracted programmatically,NEW,,MEDIUM
NC-0171,Pass2,Academic_Universe_MVP_Technical_Contract_v1.0_Pass2.json,/schemas,,"{""User"": {""ownership"": ""GLOBAL_IDENTITY"", ""fields"": [""_id"", ""email"", ""displayName"", ""authProviderRefs[]"", ""status"", ""createdAt"", ""updatedAt""], ""indexes"": [""unique(email)""], ""notes"": ""No tenant-owned academic truth stored here.""}, ""Organization"": {""ownership"": ""GLOBAL_ORG"", ""fields"": [""_id"", ""name"", ""slug"", ""status"", ""createdAt"", ""updatedAt""], ""indexes"": [""unique(slug)""]}, ""Membership"": {""ownership"": ""TENANT_SCOPED"", ""fields"": [""_id"", ""organizationId"", ""userId"", ""role"", ""status"", ""createdAt"", ""updatedAt""], ""indexes"": [""unique(organizationId,userId)"", ""(userId,status)"", ""(organizationId,role,status)""]}, ""StudentProfile"": {""ownership"": ""TENANT_SCOPED"", ""fields"": [""_id"", ""organizationId"", ""userId"", ""profileVersion"", ""identitySummary"", ""academicContext"", ""createdAt"", ""updatedAt""], ""indexes"": [""unique(organizationId,userId)"", ""(organizationId,updatedAt)""]}, ""OnboardingState"": {""ownership"": ""TENANT_SCOPED"", ""fields"": [""_id"", ""organizationId"", ""userId"", ""currentStage"", ""completedSteps[]"", ""dismissedPrompts[]"", ""version"", ""updatedAt""], ""indexes"": [""unique(organizationId,userId)""]}, ""Document"": {""ownership"": ""TENANT_SCOPED"", ""fields"": [""_id"", ""organizationId"", ""userId"", ""storageRef"", ""originalFileName"", ""mimeType"", ""sizeBytes"", ""sha256"", ""status"", ""createdAt"", ""updatedAt""], ""indexes"": [""(organizationId,userId,createdAt)"", ""(organizationId,sha256)"", ""(organizationId,status,updatedAt)""]}, ""DocumentVersion"": {""ownership"": ""TENANT_SCOPED"", ""fields"": [""_id"", ""organizationId"", ""documentId"", ""version"", ""storageRef"", ""sha256"", ""createdBy"", ""createdAt""], ""indexes"": [""unique(organizationId,documentId,version)""]}, ""ExtractionJob"": {""ownership"": ""TENANT_SCOPED"", ""fields"": [""_id"", ""organizationId"", ""documentId"", ""documentVersionId"", ""status"", ""extractorVersion"", ""startedAt"", ""completedAt"", ""errorCode"", ""createdAt""], ""indexes"": [""(organizationId,status,createdAt)"", ""(organizationId,documentId,createdAt)""]}, ""CandidateFact"": {""ownership"": ""TENANT_SCOPED"", ""fields"": [""_id"", ""organizationId"", ""userId"", ""extractionJobId"", ""entityType"", ""entityRef"", ""fieldPath"", ""proposedValue"", ""normalizedValue"", ""confidence"", ""status"", ""evidenceRefs[]"", ""createdAt"", ""updatedAt""], ""indexes"": [""(organizationId,userId,status)"", ""(organizationId,extractionJobId)"", ""(organizationId,entityType,entityRef,fieldPath)""]}, ""ReviewSession"": {""ownership"": ""TENANT_SCOPED"", ""fields"": [""_id"", ""organizationId"", ""userId"", ""documentId"", ""candidateFactIds[]"", ""status"", ""version"", ""submittedAt"", ""createdAt"", ""updatedAt""], ""indexes"": [""(organizationId,userId,status,createdAt)""]}, ""Fact"": {""ownership"": ""TENANT_SCOPED"", ""fields"": [""_id"", ""organizationId"", ""userId"", ""entityType"", ""entityRef"", ""fieldPath"", ""value"", ""normalizedValue"", ""verificationState"", ""freshnessState"", ""canonicalStatus"", ""version"", ""validFrom"", ""validUntil"", ""createdAt"", ""updatedAt""], ""indexes"": [""(organizationId,userId,entityType,entityRef)"", ""(organizationId,entityType,entityRef,fieldPath,canonicalStatus)"", ""(organizationId,freshnessState,updatedAt)""]}, ""ProvenanceRecord"": {""ownership"": ""TENANT_SCOPED"", ""fields"": [""_id"", ""organizationId"", ""factId"", ""sourceType"", ""sourceRef"", ""evidenceRefs[]"", ""derivationMethod"", ""extractorVersion"", ""confidence"", ""observedAt"", ""lastVerifiedAt"", ""createdAt""], ""indexes"": [""(organizationId,factId,createdAt)"", ""(organizationId,sourceType,sourceRef)""]}, ""ConflictCase"": {""ownership"": ""TENANT_SCOPED"", ""fields"": [""_id"", ""organizationId"", ""userId"", ""entityType"", ""entityRef"", ""fieldPath"", ""factIds[]"", ""candidateFactIds[]"", ""status"", ""reasonCode"", ""createdAt"", ""updatedAt""], ""indexes"": [""(organizationId,userId,status,createdAt)"", ""(organizationId,entityType,entityRef,fieldPath,status)""]}, ""CorrectionRequest"": {""ownership"": ""TENANT_SCOPED"", ""fields"": [""_id"", ""organizationId"", ""userId"", ""factId"", ""requestedValue"", ""reason"", ""sourceAwareAction"", ""status"", ""createdAt"", ""updatedAt""], ""indexes"": [""(organizationId,userId,status,createdAt)"", ""(organizationId,factId,status)""]}, ""AuditEvent"": {""ownership"": ""TENANT_SCOPED"", ""fields"": [""_id"", ""organizationId"", ""actorUserId"", ""action"", ""resourceType"", ""resourceId"", ""requestId"", ""metadataSafe"", ""createdAt""], ""indexes"": [""(organizationId,createdAt)"", ""(organizationId,actorUserId,createdAt)"", ""(organizationId,resourceType,resourceId,createdAt)""], ""notes"": ""Append-only; never store secrets/raw sensitive payloads in metadataSafe.""}}","{""User"": {""ownership"": ""GLOBAL_IDENTITY"", ""fields"": [""_id"", ""email"", ""displayName"", ""authProviderRefs[]"", ""status"", ""createdAt"", ""updatedAt""], ""indexes"": [""unique(email)""], ""notes"": ""No tenant-owned academic truth stored here.""}, ""Organization"": {""ownership"": ""GLOBAL_ORG"", ""fields"": [""_id"", ""name"", ""slug"", ""status"", ""createdAt"", ""updatedAt""], ""indexes"": [""unique(slug)""]}, ""Membership"": {""ownership"": ""TENANT_SCOPED"", ""fields"": [""_id"", ""organizationId"", ""userId"", ""role"", ""status"", ""createdAt"", ""updatedAt""], ""indexes"": [""unique(organizationId,userId)"", ""(userId,status)"", ""(organizationId,role,status)""]}, ""StudentProfile"": {""ownership"": ""TENANT_SCOPED"", ""fields"": [""_id"", ""organizationId"", ""userId"", ""profileVersion"", ""identitySummary"", ""academicContext"", ""createdAt"", ""updatedAt""], ""indexes"": [""unique(organizationId,userId)"", ""(organizationId,updatedAt)""]}, ""OnboardingState"": {""ownership"": ""TENANT_SCOPED"", ""fields"": [""_id"", ""organizationId"", ""userId"", ""currentStage"", ""completedSteps[]"", ""dismissedPrompts[]"", ""version"", ""updatedAt""], ""indexes"": [""unique(organizationId,userId)""]}, ""Document"": {""ownership"": ""TENANT_SCOPED"", ""fields"": [""_id"", ""organizationId"", ""userId"", ""storageRef"", ""originalFileName"", ""mimeType"", ""sizeBytes"", ""sha256"", ""status"", ""createdAt"", ""updatedAt""], ""indexes"": [""(organizationId,userId,createdAt)"", ""(organizationId,sha256)"", ""(organizationId,status,updatedAt)""]}, ""DocumentVersion"": {""ownership"": ""TENANT_SCOPED"", ""fields"": [""_id"", ""organizationId"", ""documentId"", ""version"", ""storageRef"", ""sha256"", ""createdBy"", ""createdAt""], ""indexes"": [""unique(organizationId,documentId,version)""]}, ""ExtractionJob"": {""ownership"": ""TENANT_SCOPED"", ""fields"": [""_id"", ""organizationId"", ""documentId"", ""documentVersionId"", ""status"", ""extractorVersion"", ""startedAt"", ""completedAt"", ""errorCode"", ""createdAt""], ""indexes"": [""(organizationId,status,createdAt)"", ""(organizationId,documentId,createdAt)""]}, ""CandidateFact"": {""ownership"": ""TENANT_SCOPED"", ""fields"": [""_id"", ""organizationId"", ""userId"", ""extractionJobId"", ""entityType"", ""entityRef"", ""fieldPath"", ""proposedValue"", ""normalizedValue"", ""confidence"", ""status"", ""evidenceRefs[]"", ""createdAt"", ""updatedAt""], ""indexes"": [""(organizationId,userId,status)"", ""(organizationId,extractionJobId)"", ""(organizationId,entityType,entityRef,fieldPath)""]}, ""ReviewSession"": {""ownership"": ""TENANT_SCOPED"", ""fields"": [""_id"", ""organizationId"", ""userId"", ""documentId"", ""candidateFactIds[]"", ""status"", ""version"", ""submittedAt"", ""createdAt"", ""updatedAt""], ""indexes"": [""(organizationId,userId,status,createdAt)""]}, ""Fact"": {""ownership"": ""TENANT_SCOPED"", ""fields"": [""_id"", ""organizationId"", ""userId"", ""entityType"", ""entityRef"", ""fieldPath"", ""value"", ""normalizedValue"", ""verificationState"", ""freshnessState"", ""canonicalStatus"", ""version"", ""validFrom"", ""validUntil"", ""createdAt"", ""updatedAt""], ""indexes"": [""(organizationId,userId,entityType,entityRef)"", ""(organizationId,entityType,entityRef,fieldPath,canonicalStatus)"", ""(organizationId,freshnessState,updatedAt)""]}, ""ProvenanceRecord"": {""ownership"": ""TENANT_SCOPED"", ""fields"": [""_id"", ""organizationId"", ""factId"", ""sourceType"", ""sourceRef"", ""evidenceRefs[]"", ""derivationMethod"", ""extractorVersion"", ""confidence"", ""observedAt"", ""lastVerifiedAt"", ""createdAt""], ""indexes"": [""(organizationId,factId,createdAt)"", ""(organizationId,sourceType,sourceRef)""]}, ""ConflictCase"": {""ownership"": ""TENANT_SCOPED"", ""fields"": [""_id"", ""organizationId"", ""userId"", ""entityType"", ""entityRef"", ""fieldPath"", ""factIds[]"", ""candidateFactIds[]"", ""status"", ""reasonCode"", ""createdAt"", ""updatedAt""], ""indexes"": [""(organizationId,userId,status,createdAt)"", ""(organizationId,entityType,entityRef,fieldPath,status)""]}, ""CorrectionRequest"": {""ownership"": ""TENANT_SCOPED"", ""fields"": [""_id"", ""organizationId"", ""userId"", ""factId"", ""requestedValue"", ""reason"", ""sourceAwareAction"", ""status"", ""createdAt"", ""updatedAt""], ""indexes"": [""(organizationId,userId,status,createdAt)"", ""(organizationId,factId,status)""]}, ""AuditEvent"": {""ownership"": ""TENANT_SCOPED"", ""fields"": [""_id"", ""organizationId"", ""actorUserId"", ""action"", ""resourceType"", ""resourceId"", ""requestId"", ""metadataSafe"", ""createdAt""], ""indexes"": [""(organizationId,createdAt)"", ""(organizationId,actorUserId,createdAt)"", ""(organizationId,resourceType,resourceId,createdAt)""], ""notes"": ""Append-only; never store secrets/raw sensitive payloads in metadataSafe.""}}","{""User"": {""ownership"": ""GLOBAL_IDENTITY"", ""fields"": [""_id"", ""email"", ""displayName"", ""authProviderRefs[]"", ""status"", ""createdAt"", ""updatedAt""], ""indexes"": [""unique(email)""], ""notes"": ""No tenant-owned a",Extracted programmatically,NEW,,MEDIUM
NC-0172,Pass2,Academic_Universe_MVP_Technical_Contract_v1.0_Pass2.json,/schemas/AuditEvent/fields[0],,_id,_id,_id,Extracted programmatically,NEW,,MEDIUM
NC-0173,Pass2,Academic_Universe_MVP_Technical_Contract_v1.0_Pass2.json,/schemas/AuditEvent/fields[1],,organizationId,organizationId,organizationId,Extracted programmatically,NEW,,MEDIUM
NC-0174,Pass2,Academic_Universe_MVP_Technical_Contract_v1.0_Pass2.json,/schemas/AuditEvent/fields[2],,actorUserId,actorUserId,actorUserId,Extracted programmatically,NEW,,MEDIUM
NC-0175,Pass2,Academic_Universe_MVP_Technical_Contract_v1.0_Pass2.json,/schemas/AuditEvent/fields[3],,action,action,action,Extracted programmatically,NEW,,MEDIUM
NC-0176,Pass2,Academic_Universe_MVP_Technical_Contract_v1.0_Pass2.json,/schemas/AuditEvent/fields[4],,resourceType,resourceType,resourceType,Extracted programmatically,NEW,,MEDIUM
NC-0177,Pass2,Academic_Universe_MVP_Technical_Contract_v1.0_Pass2.json,/schemas/AuditEvent/fields[5],,resourceId,resourceId,resourceId,Extracted programmatically,NEW,,MEDIUM
NC-0178,Pass2,Academic_Universe_MVP_Technical_Contract_v1.0_Pass2.json,/schemas/AuditEvent/fields[6],,requestId,requestId,requestId,Extracted programmatically,NEW,,MEDIUM
NC-0179,Pass2,Academic_Universe_MVP_Technical_Contract_v1.0_Pass2.json,/schemas/AuditEvent/fields[7],,metadataSafe,metadataSafe,metadataSafe,Extracted programmatically,NEW,,MEDIUM
NC-0180,Pass2,Academic_Universe_MVP_Technical_Contract_v1.0_Pass2.json,/schemas/AuditEvent/fields[8],,createdAt,createdAt,createdAt,Extracted programmatically,NEW,,MEDIUM
NC-0181,Pass2,Academic_Universe_MVP_Technical_Contract_v1.0_Pass2.json,/schemas/AuditEvent/indexes[0],,"(organizationId,createdAt)","(organizationId,createdAt)","(organizationId,createdAt)",Extracted programmatically,NEW,,MEDIUM
NC-0182,Pass2,Academic_Universe_MVP_Technical_Contract_v1.0_Pass2.json,/schemas/AuditEvent/indexes[1],,"(organizationId,actorUserId,createdAt)","(organizationId,actorUserId,createdAt)","(organizationId,actorUserId,createdAt)",Extracted programmatically,NEW,,MEDIUM
NC-0183,Pass2,Academic_Universe_MVP_Technical_Contract_v1.0_Pass2.json,/schemas/AuditEvent/indexes[2],,"(organizationId,resourceType,resourceId,createdAt)","(organizationId,resourceType,resourceId,createdAt)","(organizationId,resourceType,resourceId,createdAt)",Extracted programmatically,NEW,,MEDIUM
NC-0184,Pass2,Academic_Universe_MVP_Technical_Contract_v1.0_Pass2.json,/schemas/AuditEvent/notes,,Append-only; never store secrets/raw sensitive payloads in metadataSafe.,Append-only; never store secrets/raw sensitive payloads in metadataSafe.,Append-only; never store secrets/raw sensitive payloads in metadataSafe.,Extracted programmatically,NEW,,MEDIUM
NC-0185,Pass2,Academic_Universe_MVP_Technical_Contract_v1.0_Pass2.json,/schemas/AuditEvent/ownership,,TENANT_SCOPED,TENANT_SCOPED,TENANT_SCOPED,Extracted programmatically,NEW,,MEDIUM
NC-0186,Pass2,Academic_Universe_MVP_Technical_Contract_v1.0_Pass2.json,/schemas/CandidateFact/fields[0],,_id,_id,_id,Extracted programmatically,NEW,,MEDIUM
NC-0187,Pass2,Academic_Universe_MVP_Technical_Contract_v1.0_Pass2.json,/schemas/CandidateFact/fields[10],,status,status,status,Extracted programmatically,NEW,,MEDIUM
NC-0188,Pass2,Academic_Universe_MVP_Technical_Contract_v1.0_Pass2.json,/schemas/CandidateFact/fields[11],,evidenceRefs[],evidenceRefs[],evidenceRefs[],Extracted programmatically,NEW,,MEDIUM
NC-0189,Pass2,Academic_Universe_MVP_Technical_Contract_v1.0_Pass2.json,/schemas/CandidateFact/fields[12],,createdAt,createdAt,createdAt,Extracted programmatically,NEW,,MEDIUM
NC-0190,Pass2,Academic_Universe_MVP_Technical_Contract_v1.0_Pass2.json,/schemas/CandidateFact/fields[13],,updatedAt,updatedAt,updatedAt,Extracted programmatically,NEW,,MEDIUM
NC-0191,Pass2,Academic_Universe_MVP_Technical_Contract_v1.0_Pass2.json,/schemas/CandidateFact/fields[1],,organizationId,organizationId,organizationId,Extracted programmatically,NEW,,MEDIUM
NC-0192,Pass2,Academic_Universe_MVP_Technical_Contract_v1.0_Pass2.json,/schemas/CandidateFact/fields[2],,userId,userId,userId,Extracted programmatically,NEW,,MEDIUM
NC-0193,Pass2,Academic_Universe_MVP_Technical_Contract_v1.0_Pass2.json,/schemas/CandidateFact/fields[3],,extractionJobId,extractionJobId,extractionJobId,Extracted programmatically,NEW,,MEDIUM
NC-0194,Pass2,Academic_Universe_MVP_Technical_Contract_v1.0_Pass2.json,/schemas/CandidateFact/fields[4],,entityType,entityType,entityType,Extracted programmatically,NEW,,MEDIUM
NC-0195,Pass2,Academic_Universe_MVP_Technical_Contract_v1.0_Pass2.json,/schemas/CandidateFact/fields[5],,entityRef,entityRef,entityRef,Extracted programmatically,NEW,,MEDIUM
NC-0196,Pass2,Academic_Universe_MVP_Technical_Contract_v1.0_Pass2.json,/schemas/CandidateFact/fields[6],,fieldPath,fieldPath,fieldPath,Extracted programmatically,NEW,,MEDIUM
NC-0197,Pass2,Academic_Universe_MVP_Technical_Contract_v1.0_Pass2.json,/schemas/CandidateFact/fields[7],,proposedValue,proposedValue,proposedValue,Extracted programmatically,NEW,,MEDIUM
NC-0198,Pass2,Academic_Universe_MVP_Technical_Contract_v1.0_Pass2.json,/schemas/CandidateFact/fields[8],,normalizedValue,normalizedValue,normalizedValue,Extracted programmatically,NEW,,MEDIUM
NC-0199,Pass2,Academic_Universe_MVP_Technical_Contract_v1.0_Pass2.json,/schemas/CandidateFact/fields[9],,confidence,confidence,confidence,Extracted programmatically,NEW,,MEDIUM
NC-0200,Pass2,Academic_Universe_MVP_Technical_Contract_v1.0_Pass2.json,/schemas/CandidateFact/indexes[0],,"(organizationId,userId,status)","(organizationId,userId,status)","(organizationId,userId,status)",Extracted programmatically,NEW,,MEDIUM
NC-0201,Pass2,Academic_Universe_MVP_Technical_Contract_v1.0_Pass2.json,/schemas/CandidateFact/indexes[1],,"(organizationId,extractionJobId)","(organizationId,extractionJobId)","(organizationId,extractionJobId)",Extracted programmatically,NEW,,MEDIUM
NC-0202,Pass2,Academic_Universe_MVP_Technical_Contract_v1.0_Pass2.json,/schemas/CandidateFact/indexes[2],,"(organizationId,entityType,entityRef,fieldPath)","(organizationId,entityType,entityRef,fieldPath)","(organizationId,entityType,entityRef,fieldPath)",Extracted programmatically,NEW,,MEDIUM
NC-0203,Pass2,Academic_Universe_MVP_Technical_Contract_v1.0_Pass2.json,/schemas/CandidateFact/ownership,,TENANT_SCOPED,TENANT_SCOPED,TENANT_SCOPED,Extracted programmatically,NEW,,MEDIUM
NC-0204,Pass2,Academic_Universe_MVP_Technical_Contract_v1.0_Pass2.json,/schemas/ConflictCase/fields[0],,_id,_id,_id,Extracted programmatically,NEW,,MEDIUM
NC-0205,Pass2,Academic_Universe_MVP_Technical_Contract_v1.0_Pass2.json,/schemas/ConflictCase/fields[10],,createdAt,createdAt,createdAt,Extracted programmatically,NEW,,MEDIUM
NC-0206,Pass2,Academic_Universe_MVP_Technical_Contract_v1.0_Pass2.json,/schemas/ConflictCase/fields[11],,updatedAt,updatedAt,updatedAt,Extracted programmatically,NEW,,MEDIUM
NC-0207,Pass2,Academic_Universe_MVP_Technical_Contract_v1.0_Pass2.json,/schemas/ConflictCase/fields[1],,organizationId,organizationId,organizationId,Extracted programmatically,NEW,,MEDIUM
NC-0208,Pass2,Academic_Universe_MVP_Technical_Contract_v1.0_Pass2.json,/schemas/ConflictCase/fields[2],,userId,userId,userId,Extracted programmatically,NEW,,MEDIUM
NC-0209,Pass2,Academic_Universe_MVP_Technical_Contract_v1.0_Pass2.json,/schemas/ConflictCase/fields[3],,entityType,entityType,entityType,Extracted programmatically,NEW,,MEDIUM
NC-0210,Pass2,Academic_Universe_MVP_Technical_Contract_v1.0_Pass2.json,/schemas/ConflictCase/fields[4],,entityRef,entityRef,entityRef,Extracted programmatically,NEW,,MEDIUM
NC-0211,Pass2,Academic_Universe_MVP_Technical_Contract_v1.0_Pass2.json,/schemas/ConflictCase/fields[5],,fieldPath,fieldPath,fieldPath,Extracted programmatically,NEW,,MEDIUM
NC-0212,Pass2,Academic_Universe_MVP_Technical_Contract_v1.0_Pass2.json,/schemas/ConflictCase/fields[6],,factIds[],factIds[],factIds[],Extracted programmatically,NEW,,MEDIUM
NC-0213,Pass2,Academic_Universe_MVP_Technical_Contract_v1.0_Pass2.json,/schemas/ConflictCase/fields[7],,candidateFactIds[],candidateFactIds[],candidateFactIds[],Extracted programmatically,NEW,,MEDIUM
NC-0214,Pass2,Academic_Universe_MVP_Technical_Contract_v1.0_Pass2.json,/schemas/ConflictCase/fields[8],,status,status,status,Extracted programmatically,NEW,,MEDIUM
NC-0215,Pass2,Academic_Universe_MVP_Technical_Contract_v1.0_Pass2.json,/schemas/ConflictCase/fields[9],,reasonCode,reasonCode,reasonCode,Extracted programmatically,NEW,,MEDIUM
NC-0216,Pass2,Academic_Universe_MVP_Technical_Contract_v1.0_Pass2.json,/schemas/ConflictCase/indexes[0],,"(organizationId,userId,status,createdAt)","(organizationId,userId,status,createdAt)","(organizationId,userId,status,createdAt)",Extracted programmatically,NEW,,MEDIUM
NC-0217,Pass2,Academic_Universe_MVP_Technical_Contract_v1.0_Pass2.json,/schemas/ConflictCase/indexes[1],,"(organizationId,entityType,entityRef,fieldPath,status)","(organizationId,entityType,entityRef,fieldPath,status)","(organizationId,entityType,entityRef,fieldPath,status)",Extracted programmatically,NEW,,MEDIUM
NC-0218,Pass2,Academic_Universe_MVP_Technical_Contract_v1.0_Pass2.json,/schemas/ConflictCase/ownership,,TENANT_SCOPED,TENANT_SCOPED,TENANT_SCOPED,Extracted programmatically,NEW,,MEDIUM
NC-0219,Pass2,Academic_Universe_MVP_Technical_Contract_v1.0_Pass2.json,/schemas/CorrectionRequest/fields[0],,_id,_id,_id,Extracted programmatically,NEW,,MEDIUM
NC-0220,Pass2,Academic_Universe_MVP_Technical_Contract_v1.0_Pass2.json,/schemas/CorrectionRequest/fields[1],,organizationId,organizationId,organizationId,Extracted programmatically,NEW,,MEDIUM
NC-0221,Pass2,Academic_Universe_MVP_Technical_Contract_v1.0_Pass2.json,/schemas/CorrectionRequest/fields[2],,userId,userId,userId,Extracted programmatically,NEW,,MEDIUM
NC-0222,Pass2,Academic_Universe_MVP_Technical_Contract_v1.0_Pass2.json,/schemas/CorrectionRequest/fields[3],,factId,factId,factId,Extracted programmatically,NEW,,MEDIUM
NC-0223,Pass2,Academic_Universe_MVP_Technical_Contract_v1.0_Pass2.json,/schemas/CorrectionRequest/fields[4],,requestedValue,requestedValue,requestedValue,Extracted programmatically,NEW,,MEDIUM
NC-0224,Pass2,Academic_Universe_MVP_Technical_Contract_v1.0_Pass2.json,/schemas/CorrectionRequest/fields[5],,reason,reason,reason,Extracted programmatically,NEW,,MEDIUM
NC-0225,Pass2,Academic_Universe_MVP_Technical_Contract_v1.0_Pass2.json,/schemas/CorrectionRequest/fields[6],,sourceAwareAction,sourceAwareAction,sourceAwareAction,Extracted programmatically,NEW,,MEDIUM
NC-0226,Pass2,Academic_Universe_MVP_Technical_Contract_v1.0_Pass2.json,/schemas/CorrectionRequest/fields[7],,status,status,status,Extracted programmatically,NEW,,MEDIUM
NC-0227,Pass2,Academic_Universe_MVP_Technical_Contract_v1.0_Pass2.json,/schemas/CorrectionRequest/fields[8],,createdAt,createdAt,createdAt,Extracted programmatically,NEW,,MEDIUM
NC-0228,Pass2,Academic_Universe_MVP_Technical_Contract_v1.0_Pass2.json,/schemas/CorrectionRequest/fields[9],,updatedAt,updatedAt,updatedAt,Extracted programmatically,NEW,,MEDIUM
NC-0229,Pass2,Academic_Universe_MVP_Technical_Contract_v1.0_Pass2.json,/schemas/CorrectionRequest/indexes[0],,"(organizationId,userId,status,createdAt)","(organizationId,userId,status,createdAt)","(organizationId,userId,status,createdAt)",Extracted programmatically,NEW,,MEDIUM
NC-0230,Pass2,Academic_Universe_MVP_Technical_Contract_v1.0_Pass2.json,/schemas/CorrectionRequest/indexes[1],,"(organizationId,factId,status)","(organizationId,factId,status)","(organizationId,factId,status)",Extracted programmatically,NEW,,MEDIUM
NC-0231,Pass2,Academic_Universe_MVP_Technical_Contract_v1.0_Pass2.json,/schemas/CorrectionRequest/ownership,,TENANT_SCOPED,TENANT_SCOPED,TENANT_SCOPED,Extracted programmatically,NEW,,MEDIUM
NC-0232,Pass2,Academic_Universe_MVP_Technical_Contract_v1.0_Pass2.json,/schemas/Document/fields[0],,_id,_id,_id,Extracted programmatically,NEW,,MEDIUM
NC-0233,Pass2,Academic_Universe_MVP_Technical_Contract_v1.0_Pass2.json,/schemas/Document/fields[10],,updatedAt,updatedAt,updatedAt,Extracted programmatically,NEW,,MEDIUM
NC-0234,Pass2,Academic_Universe_MVP_Technical_Contract_v1.0_Pass2.json,/schemas/Document/fields[1],,organizationId,organizationId,organizationId,Extracted programmatically,NEW,,MEDIUM
NC-0235,Pass2,Academic_Universe_MVP_Technical_Contract_v1.0_Pass2.json,/schemas/Document/fields[2],,userId,userId,userId,Extracted programmatically,NEW,,MEDIUM
NC-0236,Pass2,Academic_Universe_MVP_Technical_Contract_v1.0_Pass2.json,/schemas/Document/fields[3],,storageRef,storageRef,storageRef,Extracted programmatically,NEW,,MEDIUM
NC-0237,Pass2,Academic_Universe_MVP_Technical_Contract_v1.0_Pass2.json,/schemas/Document/fields[4],,originalFileName,originalFileName,originalFileName,Extracted programmatically,NEW,,MEDIUM
NC-0238,Pass2,Academic_Universe_MVP_Technical_Contract_v1.0_Pass2.json,/schemas/Document/fields[5],,mimeType,mimeType,mimeType,Extracted programmatically,NEW,,MEDIUM
NC-0239,Pass2,Academic_Universe_MVP_Technical_Contract_v1.0_Pass2.json,/schemas/Document/fields[6],,sizeBytes,sizeBytes,sizeBytes,Extracted programmatically,NEW,,MEDIUM
NC-0240,Pass2,Academic_Universe_MVP_Technical_Contract_v1.0_Pass2.json,/schemas/Document/fields[7],,sha256,sha256,sha256,Extracted programmatically,NEW,,MEDIUM
NC-0241,Pass2,Academic_Universe_MVP_Technical_Contract_v1.0_Pass2.json,/schemas/Document/fields[8],,status,status,status,Extracted programmatically,NEW,,MEDIUM
NC-0242,Pass2,Academic_Universe_MVP_Technical_Contract_v1.0_Pass2.json,/schemas/Document/fields[9],,createdAt,createdAt,createdAt,Extracted programmatically,NEW,,MEDIUM
NC-0243,Pass2,Academic_Universe_MVP_Technical_Contract_v1.0_Pass2.json,/schemas/Document/indexes[0],,"(organizationId,userId,createdAt)","(organizationId,userId,createdAt)","(organizationId,userId,createdAt)",Extracted programmatically,NEW,,MEDIUM
NC-0244,Pass2,Academic_Universe_MVP_Technical_Contract_v1.0_Pass2.json,/schemas/Document/indexes[1],,"(organizationId,sha256)","(organizationId,sha256)","(organizationId,sha256)",Extracted programmatically,NEW,,MEDIUM
NC-0245,Pass2,Academic_Universe_MVP_Technical_Contract_v1.0_Pass2.json,/schemas/Document/indexes[2],,"(organizationId,status,updatedAt)","(organizationId,status,updatedAt)","(organizationId,status,updatedAt)",Extracted programmatically,NEW,,MEDIUM
NC-0246,Pass2,Academic_Universe_MVP_Technical_Contract_v1.0_Pass2.json,/schemas/Document/ownership,,TENANT_SCOPED,TENANT_SCOPED,TENANT_SCOPED,Extracted programmatically,NEW,,MEDIUM
NC-0247,Pass2,Academic_Universe_MVP_Technical_Contract_v1.0_Pass2.json,/schemas/DocumentVersion/fields[0],,_id,_id,_id,Extracted programmatically,NEW,,MEDIUM
NC-0248,Pass2,Academic_Universe_MVP_Technical_Contract_v1.0_Pass2.json,/schemas/DocumentVersion/fields[1],,organizationId,organizationId,organizationId,Extracted programmatically,NEW,,MEDIUM
NC-0249,Pass2,Academic_Universe_MVP_Technical_Contract_v1.0_Pass2.json,/schemas/DocumentVersion/fields[2],,documentId,documentId,documentId,Extracted programmatically,NEW,,MEDIUM
NC-0250,Pass2,Academic_Universe_MVP_Technical_Contract_v1.0_Pass2.json,/schemas/DocumentVersion/fields[3],,version,version,version,Extracted programmatically,NEW,,MEDIUM
NC-0251,Pass2,Academic_Universe_MVP_Technical_Contract_v1.0_Pass2.json,/schemas/DocumentVersion/fields[4],,storageRef,storageRef,storageRef,Extracted programmatically,NEW,,MEDIUM
NC-0252,Pass2,Academic_Universe_MVP_Technical_Contract_v1.0_Pass2.json,/schemas/DocumentVersion/fields[5],,sha256,sha256,sha256,Extracted programmatically,NEW,,MEDIUM
NC-0253,Pass2,Academic_Universe_MVP_Technical_Contract_v1.0_Pass2.json,/schemas/DocumentVersion/fields[6],,createdBy,createdBy,createdBy,Extracted programmatically,NEW,,MEDIUM
NC-0254,Pass2,Academic_Universe_MVP_Technical_Contract_v1.0_Pass2.json,/schemas/DocumentVersion/fields[7],,createdAt,createdAt,createdAt,Extracted programmatically,NEW,,MEDIUM
NC-0255,Pass2,Academic_Universe_MVP_Technical_Contract_v1.0_Pass2.json,/schemas/DocumentVersion/indexes[0],,"unique(organizationId,documentId,version)","unique(organizationId,documentId,version)","unique(organizationId,documentId,version)",Extracted programmatically,NEW,,MEDIUM
NC-0256,Pass2,Academic_Universe_MVP_Technical_Contract_v1.0_Pass2.json,/schemas/DocumentVersion/ownership,,TENANT_SCOPED,TENANT_SCOPED,TENANT_SCOPED,Extracted programmatically,NEW,,MEDIUM
NC-0257,Pass2,Academic_Universe_MVP_Technical_Contract_v1.0_Pass2.json,/schemas/ExtractionJob/fields[0],,_id,_id,_id,Extracted programmatically,NEW,,MEDIUM
NC-0258,Pass2,Academic_Universe_MVP_Technical_Contract_v1.0_Pass2.json,/schemas/ExtractionJob/fields[1],,organizationId,organizationId,organizationId,Extracted programmatically,NEW,,MEDIUM
NC-0259,Pass2,Academic_Universe_MVP_Technical_Contract_v1.0_Pass2.json,/schemas/ExtractionJob/fields[2],,documentId,documentId,documentId,Extracted programmatically,NEW,,MEDIUM
NC-0260,Pass2,Academic_Universe_MVP_Technical_Contract_v1.0_Pass2.json,/schemas/ExtractionJob/fields[3],,documentVersionId,documentVersionId,documentVersionId,Extracted programmatically,NEW,,MEDIUM
NC-0261,Pass2,Academic_Universe_MVP_Technical_Contract_v1.0_Pass2.json,/schemas/ExtractionJob/fields[4],,status,status,status,Extracted programmatically,NEW,,MEDIUM
NC-0262,Pass2,Academic_Universe_MVP_Technical_Contract_v1.0_Pass2.json,/schemas/ExtractionJob/fields[5],,extractorVersion,extractorVersion,extractorVersion,Extracted programmatically,NEW,,MEDIUM
NC-0263,Pass2,Academic_Universe_MVP_Technical_Contract_v1.0_Pass2.json,/schemas/ExtractionJob/fields[6],,startedAt,startedAt,startedAt,Extracted programmatically,NEW,,MEDIUM
NC-0264,Pass2,Academic_Universe_MVP_Technical_Contract_v1.0_Pass2.json,/schemas/ExtractionJob/fields[7],,completedAt,completedAt,completedAt,Extracted programmatically,NEW,,MEDIUM
NC-0265,Pass2,Academic_Universe_MVP_Technical_Contract_v1.0_Pass2.json,/schemas/ExtractionJob/fields[8],,errorCode,errorCode,errorCode,Extracted programmatically,NEW,,MEDIUM
NC-0266,Pass2,Academic_Universe_MVP_Technical_Contract_v1.0_Pass2.json,/schemas/ExtractionJob/fields[9],,createdAt,createdAt,createdAt,Extracted programmatically,NEW,,MEDIUM
NC-0267,Pass2,Academic_Universe_MVP_Technical_Contract_v1.0_Pass2.json,/schemas/ExtractionJob/indexes[0],,"(organizationId,status,createdAt)","(organizationId,status,createdAt)","(organizationId,status,createdAt)",Extracted programmatically,NEW,,MEDIUM
NC-0268,Pass2,Academic_Universe_MVP_Technical_Contract_v1.0_Pass2.json,/schemas/ExtractionJob/indexes[1],,"(organizationId,documentId,createdAt)","(organizationId,documentId,createdAt)","(organizationId,documentId,createdAt)",Extracted programmatically,NEW,,MEDIUM
NC-0269,Pass2,Academic_Universe_MVP_Technical_Contract_v1.0_Pass2.json,/schemas/ExtractionJob/ownership,,TENANT_SCOPED,TENANT_SCOPED,TENANT_SCOPED,Extracted programmatically,NEW,,MEDIUM
NC-0270,Pass2,Academic_Universe_MVP_Technical_Contract_v1.0_Pass2.json,/schemas/Fact/fields[0],,_id,_id,_id,Extracted programmatically,NEW,,MEDIUM
NC-0271,Pass2,Academic_Universe_MVP_Technical_Contract_v1.0_Pass2.json,/schemas/Fact/fields[10],,canonicalStatus,canonicalStatus,canonicalStatus,Extracted programmatically,NEW,,MEDIUM
NC-0272,Pass2,Academic_Universe_MVP_Technical_Contract_v1.0_Pass2.json,/schemas/Fact/fields[11],,version,version,version,Extracted programmatically,NEW,,MEDIUM
NC-0273,Pass2,Academic_Universe_MVP_Technical_Contract_v1.0_Pass2.json,/schemas/Fact/fields[12],,validFrom,validFrom,validFrom,Extracted programmatically,NEW,,MEDIUM
NC-0274,Pass2,Academic_Universe_MVP_Technical_Contract_v1.0_Pass2.json,/schemas/Fact/fields[13],,validUntil,validUntil,validUntil,Extracted programmatically,NEW,,MEDIUM
NC-0275,Pass2,Academic_Universe_MVP_Technical_Contract_v1.0_Pass2.json,/schemas/Fact/fields[14],,createdAt,createdAt,createdAt,Extracted programmatically,NEW,,MEDIUM
NC-0276,Pass2,Academic_Universe_MVP_Technical_Contract_v1.0_Pass2.json,/schemas/Fact/fields[15],,updatedAt,updatedAt,updatedAt,Extracted programmatically,NEW,,MEDIUM
NC-0277,Pass2,Academic_Universe_MVP_Technical_Contract_v1.0_Pass2.json,/schemas/Fact/fields[1],,organizationId,organizationId,organizationId,Extracted programmatically,NEW,,MEDIUM
NC-0278,Pass2,Academic_Universe_MVP_Technical_Contract_v1.0_Pass2.json,/schemas/Fact/fields[2],,userId,userId,userId,Extracted programmatically,NEW,,MEDIUM
NC-0279,Pass2,Academic_Universe_MVP_Technical_Contract_v1.0_Pass2.json,/schemas/Fact/fields[3],,entityType,entityType,entityType,Extracted programmatically,NEW,,MEDIUM
NC-0280,Pass2,Academic_Universe_MVP_Technical_Contract_v1.0_Pass2.json,/schemas/Fact/fields[4],,entityRef,entityRef,entityRef,Extracted programmatically,NEW,,MEDIUM
NC-0281,Pass2,Academic_Universe_MVP_Technical_Contract_v1.0_Pass2.json,/schemas/Fact/fields[5],,fieldPath,fieldPath,fieldPath,Extracted programmatically,NEW,,MEDIUM
NC-0282,Pass2,Academic_Universe_MVP_Technical_Contract_v1.0_Pass2.json,/schemas/Fact/fields[6],,value,value,value,Extracted programmatically,NEW,,MEDIUM
NC-0283,Pass2,Academic_Universe_MVP_Technical_Contract_v1.0_Pass2.json,/schemas/Fact/fields[7],,normalizedValue,normalizedValue,normalizedValue,Extracted programmatically,NEW,,MEDIUM
NC-0284,Pass2,Academic_Universe_MVP_Technical_Contract_v1.0_Pass2.json,/schemas/Fact/fields[8],,verificationState,verificationState,verificationState,Extracted programmatically,NEW,,MEDIUM
NC-0285,Pass2,Academic_Universe_MVP_Technical_Contract_v1.0_Pass2.json,/schemas/Fact/fields[9],,freshnessState,freshnessState,freshnessState,Extracted programmatically,NEW,,MEDIUM
NC-0286,Pass2,Academic_Universe_MVP_Technical_Contract_v1.0_Pass2.json,/schemas/Fact/indexes[0],,"(organizationId,userId,entityType,entityRef)","(organizationId,userId,entityType,entityRef)","(organizationId,userId,entityType,entityRef)",Extracted programmatically,NEW,,MEDIUM
NC-0287,Pass2,Academic_Universe_MVP_Technical_Contract_v1.0_Pass2.json,/schemas/Fact/indexes[1],,"(organizationId,entityType,entityRef,fieldPath,canonicalStatus)","(organizationId,entityType,entityRef,fieldPath,canonicalStatus)","(organizationId,entityType,entityRef,fieldPath,canonicalStatus)",Extracted programmatically,NEW,,MEDIUM
NC-0288,Pass2,Academic_Universe_MVP_Technical_Contract_v1.0_Pass2.json,/schemas/Fact/indexes[2],,"(organizationId,freshnessState,updatedAt)","(organizationId,freshnessState,updatedAt)","(organizationId,freshnessState,updatedAt)",Extracted programmatically,NEW,,MEDIUM
NC-0289,Pass2,Academic_Universe_MVP_Technical_Contract_v1.0_Pass2.json,/schemas/Fact/ownership,,TENANT_SCOPED,TENANT_SCOPED,TENANT_SCOPED,Extracted programmatically,NEW,,MEDIUM
NC-0290,Pass2,Academic_Universe_MVP_Technical_Contract_v1.0_Pass2.json,/schemas/Membership/fields[0],,_id,_id,_id,Extracted programmatically,NEW,,MEDIUM
NC-0291,Pass2,Academic_Universe_MVP_Technical_Contract_v1.0_Pass2.json,/schemas/Membership/fields[1],,organizationId,organizationId,organizationId,Extracted programmatically,NEW,,MEDIUM
NC-0292,Pass2,Academic_Universe_MVP_Technical_Contract_v1.0_Pass2.json,/schemas/Membership/fields[2],,userId,userId,userId,Extracted programmatically,NEW,,MEDIUM
NC-0293,Pass2,Academic_Universe_MVP_Technical_Contract_v1.0_Pass2.json,/schemas/Membership/fields[3],,role,role,role,Extracted programmatically,NEW,,MEDIUM
NC-0294,Pass2,Academic_Universe_MVP_Technical_Contract_v1.0_Pass2.json,/schemas/Membership/fields[4],,status,status,status,Extracted programmatically,NEW,,MEDIUM
NC-0295,Pass2,Academic_Universe_MVP_Technical_Contract_v1.0_Pass2.json,/schemas/Membership/fields[5],,createdAt,createdAt,createdAt,Extracted programmatically,NEW,,MEDIUM
NC-0296,Pass2,Academic_Universe_MVP_Technical_Contract_v1.0_Pass2.json,/schemas/Membership/fields[6],,updatedAt,updatedAt,updatedAt,Extracted programmatically,NEW,,MEDIUM
NC-0297,Pass2,Academic_Universe_MVP_Technical_Contract_v1.0_Pass2.json,/schemas/Membership/indexes[0],,"unique(organizationId,userId)","unique(organizationId,userId)","unique(organizationId,userId)",Extracted programmatically,NEW,,MEDIUM
NC-0298,Pass2,Academic_Universe_MVP_Technical_Contract_v1.0_Pass2.json,/schemas/Membership/indexes[1],,"(userId,status)","(userId,status)","(userId,status)",Extracted programmatically,NEW,,MEDIUM
NC-0299,Pass2,Academic_Universe_MVP_Technical_Contract_v1.0_Pass2.json,/schemas/Membership/indexes[2],,"(organizationId,role,status)","(organizationId,role,status)","(organizationId,role,status)",Extracted programmatically,NEW,,MEDIUM
NC-0300,Pass2,Academic_Universe_MVP_Technical_Contract_v1.0_Pass2.json,/schemas/Membership/ownership,,TENANT_SCOPED,TENANT_SCOPED,TENANT_SCOPED,Extracted programmatically,NEW,,MEDIUM
NC-0301,Pass2,Academic_Universe_MVP_Technical_Contract_v1.0_Pass2.json,/schemas/OnboardingState/fields[0],,_id,_id,_id,Extracted programmatically,NEW,,MEDIUM
NC-0302,Pass2,Academic_Universe_MVP_Technical_Contract_v1.0_Pass2.json,/schemas/OnboardingState/fields[1],,organizationId,organizationId,organizationId,Extracted programmatically,NEW,,MEDIUM
NC-0303,Pass2,Academic_Universe_MVP_Technical_Contract_v1.0_Pass2.json,/schemas/OnboardingState/fields[2],,userId,userId,userId,Extracted programmatically,NEW,,MEDIUM
NC-0304,Pass2,Academic_Universe_MVP_Technical_Contract_v1.0_Pass2.json,/schemas/OnboardingState/fields[3],,currentStage,currentStage,currentStage,Extracted programmatically,NEW,,MEDIUM
NC-0305,Pass2,Academic_Universe_MVP_Technical_Contract_v1.0_Pass2.json,/schemas/OnboardingState/fields[4],,completedSteps[],completedSteps[],completedSteps[],Extracted programmatically,NEW,,MEDIUM
NC-0306,Pass2,Academic_Universe_MVP_Technical_Contract_v1.0_Pass2.json,/schemas/OnboardingState/fields[5],,dismissedPrompts[],dismissedPrompts[],dismissedPrompts[],Extracted programmatically,NEW,,MEDIUM
NC-0307,Pass2,Academic_Universe_MVP_Technical_Contract_v1.0_Pass2.json,/schemas/OnboardingState/fields[6],,version,version,version,Extracted programmatically,NEW,,MEDIUM
NC-0308,Pass2,Academic_Universe_MVP_Technical_Contract_v1.0_Pass2.json,/schemas/OnboardingState/fields[7],,updatedAt,updatedAt,updatedAt,Extracted programmatically,NEW,,MEDIUM
NC-0309,Pass2,Academic_Universe_MVP_Technical_Contract_v1.0_Pass2.json,/schemas/OnboardingState/indexes[0],,"unique(organizationId,userId)","unique(organizationId,userId)","unique(organizationId,userId)",Extracted programmatically,NEW,,MEDIUM
NC-0310,Pass2,Academic_Universe_MVP_Technical_Contract_v1.0_Pass2.json,/schemas/OnboardingState/ownership,,TENANT_SCOPED,TENANT_SCOPED,TENANT_SCOPED,Extracted programmatically,NEW,,MEDIUM
NC-0311,Pass2,Academic_Universe_MVP_Technical_Contract_v1.0_Pass2.json,/schemas/Organization/fields[0],,_id,_id,_id,Extracted programmatically,NEW,,MEDIUM
NC-0312,Pass2,Academic_Universe_MVP_Technical_Contract_v1.0_Pass2.json,/schemas/Organization/fields[1],,name,name,name,Extracted programmatically,NEW,,MEDIUM
NC-0313,Pass2,Academic_Universe_MVP_Technical_Contract_v1.0_Pass2.json,/schemas/Organization/fields[2],,slug,slug,slug,Extracted programmatically,NEW,,MEDIUM
NC-0314,Pass2,Academic_Universe_MVP_Technical_Contract_v1.0_Pass2.json,/schemas/Organization/fields[3],,status,status,status,Extracted programmatically,NEW,,MEDIUM
NC-0315,Pass2,Academic_Universe_MVP_Technical_Contract_v1.0_Pass2.json,/schemas/Organization/fields[4],,createdAt,createdAt,createdAt,Extracted programmatically,NEW,,MEDIUM
NC-0316,Pass2,Academic_Universe_MVP_Technical_Contract_v1.0_Pass2.json,/schemas/Organization/fields[5],,updatedAt,updatedAt,updatedAt,Extracted programmatically,NEW,,MEDIUM
NC-0317,Pass2,Academic_Universe_MVP_Technical_Contract_v1.0_Pass2.json,/schemas/Organization/indexes[0],,unique(slug),unique(slug),unique(slug),Extracted programmatically,NEW,,MEDIUM
NC-0318,Pass2,Academic_Universe_MVP_Technical_Contract_v1.0_Pass2.json,/schemas/Organization/ownership,,GLOBAL_ORG,GLOBAL_ORG,GLOBAL_ORG,Extracted programmatically,NEW,,MEDIUM
NC-0319,Pass2,Academic_Universe_MVP_Technical_Contract_v1.0_Pass2.json,/schemas/ProvenanceRecord/fields[0],,_id,_id,_id,Extracted programmatically,NEW,,MEDIUM
NC-0320,Pass2,Academic_Universe_MVP_Technical_Contract_v1.0_Pass2.json,/schemas/ProvenanceRecord/fields[10],,lastVerifiedAt,lastVerifiedAt,lastVerifiedAt,Extracted programmatically,NEW,,MEDIUM
NC-0321,Pass2,Academic_Universe_MVP_Technical_Contract_v1.0_Pass2.json,/schemas/ProvenanceRecord/fields[11],,createdAt,createdAt,createdAt,Extracted programmatically,NEW,,MEDIUM
NC-0322,Pass2,Academic_Universe_MVP_Technical_Contract_v1.0_Pass2.json,/schemas/ProvenanceRecord/fields[1],,organizationId,organizationId,organizationId,Extracted programmatically,NEW,,MEDIUM
NC-0323,Pass2,Academic_Universe_MVP_Technical_Contract_v1.0_Pass2.json,/schemas/ProvenanceRecord/fields[2],,factId,factId,factId,Extracted programmatically,NEW,,MEDIUM
NC-0324,Pass2,Academic_Universe_MVP_Technical_Contract_v1.0_Pass2.json,/schemas/ProvenanceRecord/fields[3],,sourceType,sourceType,sourceType,Extracted programmatically,NEW,,MEDIUM
NC-0325,Pass2,Academic_Universe_MVP_Technical_Contract_v1.0_Pass2.json,/schemas/ProvenanceRecord/fields[4],,sourceRef,sourceRef,sourceRef,Extracted programmatically,NEW,,MEDIUM
NC-0326,Pass2,Academic_Universe_MVP_Technical_Contract_v1.0_Pass2.json,/schemas/ProvenanceRecord/fields[5],,evidenceRefs[],evidenceRefs[],evidenceRefs[],Extracted programmatically,NEW,,MEDIUM
NC-0327,Pass2,Academic_Universe_MVP_Technical_Contract_v1.0_Pass2.json,/schemas/ProvenanceRecord/fields[6],,derivationMethod,derivationMethod,derivationMethod,Extracted programmatically,NEW,,MEDIUM
NC-0328,Pass2,Academic_Universe_MVP_Technical_Contract_v1.0_Pass2.json,/schemas/ProvenanceRecord/fields[7],,extractorVersion,extractorVersion,extractorVersion,Extracted programmatically,NEW,,MEDIUM
NC-0329,Pass2,Academic_Universe_MVP_Technical_Contract_v1.0_Pass2.json,/schemas/ProvenanceRecord/fields[8],,confidence,confidence,confidence,Extracted programmatically,NEW,,MEDIUM
NC-0330,Pass2,Academic_Universe_MVP_Technical_Contract_v1.0_Pass2.json,/schemas/ProvenanceRecord/fields[9],,observedAt,observedAt,observedAt,Extracted programmatically,NEW,,MEDIUM
NC-0331,Pass2,Academic_Universe_MVP_Technical_Contract_v1.0_Pass2.json,/schemas/ProvenanceRecord/indexes[0],,"(organizationId,factId,createdAt)","(organizationId,factId,createdAt)","(organizationId,factId,createdAt)",Extracted programmatically,NEW,,MEDIUM
NC-0332,Pass2,Academic_Universe_MVP_Technical_Contract_v1.0_Pass2.json,/schemas/ProvenanceRecord/indexes[1],,"(organizationId,sourceType,sourceRef)","(organizationId,sourceType,sourceRef)","(organizationId,sourceType,sourceRef)",Extracted programmatically,NEW,,MEDIUM
NC-0333,Pass2,Academic_Universe_MVP_Technical_Contract_v1.0_Pass2.json,/schemas/ProvenanceRecord/ownership,,TENANT_SCOPED,TENANT_SCOPED,TENANT_SCOPED,Extracted programmatically,NEW,,MEDIUM
NC-0334,Pass2,Academic_Universe_MVP_Technical_Contract_v1.0_Pass2.json,/schemas/ReviewSession/fields[0],,_id,_id,_id,Extracted programmatically,NEW,,MEDIUM
NC-0335,Pass2,Academic_Universe_MVP_Technical_Contract_v1.0_Pass2.json,/schemas/ReviewSession/fields[1],,organizationId,organizationId,organizationId,Extracted programmatically,NEW,,MEDIUM
NC-0336,Pass2,Academic_Universe_MVP_Technical_Contract_v1.0_Pass2.json,/schemas/ReviewSession/fields[2],,userId,userId,userId,Extracted programmatically,NEW,,MEDIUM
NC-0337,Pass2,Academic_Universe_MVP_Technical_Contract_v1.0_Pass2.json,/schemas/ReviewSession/fields[3],,documentId,documentId,documentId,Extracted programmatically,NEW,,MEDIUM
NC-0338,Pass2,Academic_Universe_MVP_Technical_Contract_v1.0_Pass2.json,/schemas/ReviewSession/fields[4],,candidateFactIds[],candidateFactIds[],candidateFactIds[],Extracted programmatically,NEW,,MEDIUM
NC-0339,Pass2,Academic_Universe_MVP_Technical_Contract_v1.0_Pass2.json,/schemas/ReviewSession/fields[5],,status,status,status,Extracted programmatically,NEW,,MEDIUM
NC-0340,Pass2,Academic_Universe_MVP_Technical_Contract_v1.0_Pass2.json,/schemas/ReviewSession/fields[6],,version,version,version,Extracted programmatically,NEW,,MEDIUM
NC-0341,Pass2,Academic_Universe_MVP_Technical_Contract_v1.0_Pass2.json,/schemas/ReviewSession/fields[7],,submittedAt,submittedAt,submittedAt,Extracted programmatically,NEW,,MEDIUM
NC-0342,Pass2,Academic_Universe_MVP_Technical_Contract_v1.0_Pass2.json,/schemas/ReviewSession/fields[8],,createdAt,createdAt,createdAt,Extracted programmatically,NEW,,MEDIUM
NC-0343,Pass2,Academic_Universe_MVP_Technical_Contract_v1.0_Pass2.json,/schemas/ReviewSession/fields[9],,updatedAt,updatedAt,updatedAt,Extracted programmatically,NEW,,MEDIUM
NC-0344,Pass2,Academic_Universe_MVP_Technical_Contract_v1.0_Pass2.json,/schemas/ReviewSession/indexes[0],,"(organizationId,userId,status,createdAt)","(organizationId,userId,status,createdAt)","(organizationId,userId,status,createdAt)",Extracted programmatically,NEW,,MEDIUM
NC-0345,Pass2,Academic_Universe_MVP_Technical_Contract_v1.0_Pass2.json,/schemas/ReviewSession/ownership,,TENANT_SCOPED,TENANT_SCOPED,TENANT_SCOPED,Extracted programmatically,NEW,,MEDIUM
NC-0346,Pass2,Academic_Universe_MVP_Technical_Contract_v1.0_Pass2.json,/schemas/StudentProfile/fields[0],,_id,_id,_id,Extracted programmatically,NEW,,MEDIUM
NC-0347,Pass2,Academic_Universe_MVP_Technical_Contract_v1.0_Pass2.json,/schemas/StudentProfile/fields[1],,organizationId,organizationId,organizationId,Extracted programmatically,NEW,,MEDIUM
NC-0348,Pass2,Academic_Universe_MVP_Technical_Contract_v1.0_Pass2.json,/schemas/StudentProfile/fields[2],,userId,userId,userId,Extracted programmatically,NEW,,MEDIUM
NC-0349,Pass2,Academic_Universe_MVP_Technical_Contract_v1.0_Pass2.json,/schemas/StudentProfile/fields[3],,profileVersion,profileVersion,profileVersion,Extracted programmatically,NEW,,MEDIUM
NC-0350,Pass2,Academic_Universe_MVP_Technical_Contract_v1.0_Pass2.json,/schemas/StudentProfile/fields[4],,identitySummary,identitySummary,identitySummary,Extracted programmatically,NEW,,MEDIUM
NC-0351,Pass2,Academic_Universe_MVP_Technical_Contract_v1.0_Pass2.json,/schemas/StudentProfile/fields[5],,academicContext,academicContext,academicContext,Extracted programmatically,NEW,,MEDIUM
NC-0352,Pass2,Academic_Universe_MVP_Technical_Contract_v1.0_Pass2.json,/schemas/StudentProfile/fields[6],,createdAt,createdAt,createdAt,Extracted programmatically,NEW,,MEDIUM
NC-0353,Pass2,Academic_Universe_MVP_Technical_Contract_v1.0_Pass2.json,/schemas/StudentProfile/fields[7],,updatedAt,updatedAt,updatedAt,Extracted programmatically,NEW,,MEDIUM
NC-0354,Pass2,Academic_Universe_MVP_Technical_Contract_v1.0_Pass2.json,/schemas/StudentProfile/indexes[0],,"unique(organizationId,userId)","unique(organizationId,userId)","unique(organizationId,userId)",Extracted programmatically,NEW,,MEDIUM
NC-0355,Pass2,Academic_Universe_MVP_Technical_Contract_v1.0_Pass2.json,/schemas/StudentProfile/indexes[1],,"(organizationId,updatedAt)","(organizationId,updatedAt)","(organizationId,updatedAt)",Extracted programmatically,NEW,,MEDIUM
NC-0356,Pass2,Academic_Universe_MVP_Technical_Contract_v1.0_Pass2.json,/schemas/StudentProfile/ownership,,TENANT_SCOPED,TENANT_SCOPED,TENANT_SCOPED,Extracted programmatically,NEW,,MEDIUM
NC-0357,Pass2,Academic_Universe_MVP_Technical_Contract_v1.0_Pass2.json,/schemas/User/fields[0],,_id,_id,_id,Extracted programmatically,NEW,,MEDIUM
NC-0358,Pass2,Academic_Universe_MVP_Technical_Contract_v1.0_Pass2.json,/schemas/User/fields[1],,email,email,email,Extracted programmatically,NEW,,MEDIUM
NC-0359,Pass2,Academic_Universe_MVP_Technical_Contract_v1.0_Pass2.json,/schemas/User/fields[2],,displayName,displayName,displayName,Extracted programmatically,NEW,,MEDIUM
NC-0360,Pass2,Academic_Universe_MVP_Technical_Contract_v1.0_Pass2.json,/schemas/User/fields[3],,authProviderRefs[],authProviderRefs[],authProviderRefs[],Extracted programmatically,NEW,,MEDIUM
NC-0361,Pass2,Academic_Universe_MVP_Technical_Contract_v1.0_Pass2.json,/schemas/User/fields[4],,status,status,status,Extracted programmatically,NEW,,MEDIUM
NC-0362,Pass2,Academic_Universe_MVP_Technical_Contract_v1.0_Pass2.json,/schemas/User/fields[5],,createdAt,createdAt,createdAt,Extracted programmatically,NEW,,MEDIUM
NC-0363,Pass2,Academic_Universe_MVP_Technical_Contract_v1.0_Pass2.json,/schemas/User/fields[6],,updatedAt,updatedAt,updatedAt,Extracted programmatically,NEW,,MEDIUM
NC-0364,Pass2,Academic_Universe_MVP_Technical_Contract_v1.0_Pass2.json,/schemas/User/indexes[0],,unique(email),unique(email),unique(email),Extracted programmatically,NEW,,MEDIUM
NC-0365,Pass2,Academic_Universe_MVP_Technical_Contract_v1.0_Pass2.json,/schemas/User/notes,,No tenant-owned academic truth stored here.,No tenant-owned academic truth stored here.,No tenant-owned academic truth stored here.,Extracted programmatically,NEW,,MEDIUM
NC-0366,Pass2,Academic_Universe_MVP_Technical_Contract_v1.0_Pass2.json,/schemas/User/ownership,,GLOBAL_IDENTITY,GLOBAL_IDENTITY,GLOBAL_IDENTITY,Extracted programmatically,NEW,,MEDIUM
NC-0367,Pass2,Academic_Universe_MVP_Technical_Contract_v1.0_Pass2.json,/scope_note,,Engineering design decisions derived from the frozen MVP contract; not claimed as recovered historical facts.,Engineering design decisions derived from the frozen MVP contract; not claimed as recovered historical facts.,Engineering design decisions derived from the frozen MVP contract; not claimed as recovered historical facts.,Extracted programmatically,NEW,,MEDIUM
NC-0368,Pass2,Academic_Universe_MVP_Technical_Contract_v1.0_Pass2.json,/transaction_boundaries[0],,"Review submission is atomic for ReviewSession version check, CandidateFact decisions, Fact creation/update, ConflictCase creation, and AuditEvent enqueue/outbox record.","Review submission is atomic for ReviewSession version check, CandidateFact decisions, Fact creation/update, ConflictCase creation, and AuditEvent enqueue/outbox record.","Review submission is atomic for ReviewSession version check, CandidateFact decisions, Fact creation/update, ConflictCase creation, and AuditEvent enqueue/outbox record.",Extracted programmatically,NEW,,MEDIUM
NC-0369,Pass2,Academic_Universe_MVP_Technical_Contract_v1.0_Pass2.json,/transaction_boundaries[1],,"Conflict resolution is atomic for ConflictCase version check, canonical Fact status changes, ResolutionDecision persistence, and audit/outbox.","Conflict resolution is atomic for ConflictCase version check, canonical Fact status changes, ResolutionDecision persistence, and audit/outbox.","Conflict resolution is atomic for ConflictCase version check, canonical Fact status changes, ResolutionDecision persistence, and audit/outbox.",Extracted programmatically,NEW,,MEDIUM
NC-0370,Pass2,Academic_Universe_MVP_Technical_Contract_v1.0_Pass2.json,/transaction_boundaries[2],,Privacy destructive actions use explicit request state; irreversible deletion must not be a single unaudited direct delete.,Privacy destructive actions use explicit request state; irreversible deletion must not be a single unaudited direct delete.,Privacy destructive actions use explicit request state; irreversible deletion must not be a single unaudited direct delete.,Extracted programmatically,NEW,,MEDIUM
NC-0371,Pass2,Academic_Universe_MVP_Technical_Contract_v1.0_Pass2.json,/transaction_boundaries[3],,External storage deletion and asynchronous extraction are not assumed to share a MongoDB transaction; use idempotent jobs and compensating states.,External storage deletion and asynchronous extraction are not assumed to share a MongoDB transaction; use idempotent jobs and compensating states.,External storage deletion and asynchronous extraction are not assumed to share a MongoDB transaction; use idempotent jobs and compensating states.,Extracted programmatically,NEW,,MEDIUM
NC-0372,Pass2,Academic_Universe_MVP_Technical_Contract_v1.0_Pass2.json,/transaction_boundaries[4],,Mentor reads never mutate canonical facts.,Mentor reads never mutate canonical facts.,Mentor reads never mutate canonical facts.,Extracted programmatically,NEW,,MEDIUM
NC-0373,Pass3,Academic_Universe_MVP_Technical_Contract_v1.0_Pass3.json,/academic_schemas/AcademicTerm/fields[0],,_id,_id,_id,Extracted programmatically,NEW,,MEDIUM
NC-0374,Pass3,Academic_Universe_MVP_Technical_Contract_v1.0_Pass3.json,/academic_schemas/AcademicTerm/fields[10],,status,status,status,Extracted programmatically,NEW,,MEDIUM
NC-0375,Pass3,Academic_Universe_MVP_Technical_Contract_v1.0_Pass3.json,/academic_schemas/AcademicTerm/fields[11],,sourceFactRefs[],sourceFactRefs[],sourceFactRefs[],Extracted programmatically,NEW,,MEDIUM
NC-0376,Pass3,Academic_Universe_MVP_Technical_Contract_v1.0_Pass3.json,/academic_schemas/AcademicTerm/fields[12],,createdAt,createdAt,createdAt,Extracted programmatically,NEW,,MEDIUM
NC-0377,Pass3,Academic_Universe_MVP_Technical_Contract_v1.0_Pass3.json,/academic_schemas/AcademicTerm/fields[13],,updatedAt,updatedAt,updatedAt,Extracted programmatically,NEW,,MEDIUM
NC-0378,Pass3,Academic_Universe_MVP_Technical_Contract_v1.0_Pass3.json,/academic_schemas/AcademicTerm/fields[1],,organizationId,organizationId,organizationId,Extracted programmatically,NEW,,MEDIUM
NC-0379,Pass3,Academic_Universe_MVP_Technical_Contract_v1.0_Pass3.json,/academic_schemas/AcademicTerm/fields[2],,userId,userId,userId,Extracted programmatically,NEW,,MEDIUM
NC-0380,Pass3,Academic_Universe_MVP_Technical_Contract_v1.0_Pass3.json,/academic_schemas/AcademicTerm/fields[3],,institutionRef?,institutionRef?,institutionRef?,Extracted programmatically,NEW,,MEDIUM
NC-0381,Pass3,Academic_Universe_MVP_Technical_Contract_v1.0_Pass3.json,/academic_schemas/AcademicTerm/fields[4],,programRef?,programRef?,programRef?,Extracted programmatically,NEW,,MEDIUM
NC-0382,Pass3,Academic_Universe_MVP_Technical_Contract_v1.0_Pass3.json,/academic_schemas/AcademicTerm/fields[5],,academicYear,academicYear,academicYear,Extracted programmatically,NEW,,MEDIUM
NC-0383,Pass3,Academic_Universe_MVP_Technical_Contract_v1.0_Pass3.json,/academic_schemas/AcademicTerm/fields[6],,termType,termType,termType,Extracted programmatically,NEW,,MEDIUM
NC-0384,Pass3,Academic_Universe_MVP_Technical_Contract_v1.0_Pass3.json,/academic_schemas/AcademicTerm/fields[7],,termLabel,termLabel,termLabel,Extracted programmatically,NEW,,MEDIUM
NC-0385,Pass3,Academic_Universe_MVP_Technical_Contract_v1.0_Pass3.json,/academic_schemas/AcademicTerm/fields[8],,startDate?,startDate?,startDate?,Extracted programmatically,NEW,,MEDIUM
NC-0386,Pass3,Academic_Universe_MVP_Technical_Contract_v1.0_Pass3.json,/academic_schemas/AcademicTerm/fields[9],,endDate?,endDate?,endDate?,Extracted programmatically,NEW,,MEDIUM
NC-0387,Pass3,Academic_Universe_MVP_Technical_Contract_v1.0_Pass3.json,/academic_schemas/AcademicTerm/indexes[0],,"unique partial (organizationId,userId,academicYear,termType,termLabel)","unique partial (organizationId,userId,academicYear,termType,termLabel)","unique partial (organizationId,userId,academicYear,termType,termLabel)",Extracted programmatically,NEW,,MEDIUM
NC-0388,Pass3,Academic_Universe_MVP_Technical_Contract_v1.0_Pass3.json,/academic_schemas/AcademicTerm/indexes[1],,"(organizationId,userId,status)","(organizationId,userId,status)","(organizationId,userId,status)",Extracted programmatically,NEW,,MEDIUM
NC-0389,Pass3,Academic_Universe_MVP_Technical_Contract_v1.0_Pass3.json,/academic_schemas/AcademicTerm/invariants[0],,"termLabel is display data, not sole identity","termLabel is display data, not sole identity","termLabel is display data, not sole identity",Extracted programmatically,NEW,,MEDIUM
NC-0390,Pass3,Academic_Universe_MVP_Technical_Contract_v1.0_Pass3.json,/academic_schemas/AcademicTerm/invariants[1],,"unknown dates remain null, never fabricated","unknown dates remain null, never fabricated","unknown dates remain null, never fabricated",Extracted programmatically,NEW,,MEDIUM
NC-0391,Pass3,Academic_Universe_MVP_Technical_Contract_v1.0_Pass3.json,/academic_schemas/AssessmentResult/fields[0],,_id,_id,_id,Extracted programmatically,NEW,,MEDIUM
NC-0392,Pass3,Academic_Universe_MVP_Technical_Contract_v1.0_Pass3.json,/academic_schemas/AssessmentResult/fields[10],,resultStatus,resultStatus,resultStatus,Extracted programmatically,NEW,,MEDIUM
NC-0393,Pass3,Academic_Universe_MVP_Technical_Contract_v1.0_Pass3.json,/academic_schemas/AssessmentResult/fields[11],,occurredAt?,occurredAt?,occurredAt?,Extracted programmatically,NEW,,MEDIUM
NC-0394,Pass3,Academic_Universe_MVP_Technical_Contract_v1.0_Pass3.json,/academic_schemas/AssessmentResult/fields[12],,sourceFactRefs[],sourceFactRefs[],sourceFactRefs[],Extracted programmatically,NEW,,MEDIUM
NC-0395,Pass3,Academic_Universe_MVP_Technical_Contract_v1.0_Pass3.json,/academic_schemas/AssessmentResult/fields[13],,createdAt,createdAt,createdAt,Extracted programmatically,NEW,,MEDIUM
NC-0396,Pass3,Academic_Universe_MVP_Technical_Contract_v1.0_Pass3.json,/academic_schemas/AssessmentResult/fields[14],,updatedAt,updatedAt,updatedAt,Extracted programmatically,NEW,,MEDIUM
NC-0397,Pass3,Academic_Universe_MVP_Technical_Contract_v1.0_Pass3.json,/academic_schemas/AssessmentResult/fields[1],,organizationId,organizationId,organizationId,Extracted programmatically,NEW,,MEDIUM
NC-0398,Pass3,Academic_Universe_MVP_Technical_Contract_v1.0_Pass3.json,/academic_schemas/AssessmentResult/fields[2],,userId,userId,userId,Extracted programmatically,NEW,,MEDIUM
NC-0399,Pass3,Academic_Universe_MVP_Technical_Contract_v1.0_Pass3.json,/academic_schemas/AssessmentResult/fields[3],,academicTermId,academicTermId,academicTermId,Extracted programmatically,NEW,,MEDIUM
NC-0400,Pass3,Academic_Universe_MVP_Technical_Contract_v1.0_Pass3.json,/academic_schemas/AssessmentResult/fields[4],,subjectId,subjectId,subjectId,Extracted programmatically,NEW,,MEDIUM
NC-0401,Pass3,Academic_Universe_MVP_Technical_Contract_v1.0_Pass3.json,/academic_schemas/AssessmentResult/fields[5],,assessmentType,assessmentType,assessmentType,Extracted programmatically,NEW,,MEDIUM
NC-0402,Pass3,Academic_Universe_MVP_Technical_Contract_v1.0_Pass3.json,/academic_schemas/AssessmentResult/fields[6],,assessmentLabel?,assessmentLabel?,assessmentLabel?,Extracted programmatically,NEW,,MEDIUM
NC-0403,Pass3,Academic_Universe_MVP_Technical_Contract_v1.0_Pass3.json,/academic_schemas/AssessmentResult/fields[7],,score?,score?,score?,Extracted programmatically,NEW,,MEDIUM
NC-0404,Pass3,Academic_Universe_MVP_Technical_Contract_v1.0_Pass3.json,/academic_schemas/AssessmentResult/fields[8],,maxScore?,maxScore?,maxScore?,Extracted programmatically,NEW,,MEDIUM
NC-0405,Pass3,Academic_Universe_MVP_Technical_Contract_v1.0_Pass3.json,/academic_schemas/AssessmentResult/fields[9],,grade?,grade?,grade?,Extracted programmatically,NEW,,MEDIUM
NC-0406,Pass3,Academic_Universe_MVP_Technical_Contract_v1.0_Pass3.json,/academic_schemas/AssessmentResult/indexes[0],,"(organizationId,userId,academicTermId,subjectId)","(organizationId,userId,academicTermId,subjectId)","(organizationId,userId,academicTermId,subjectId)",Extracted programmatically,NEW,,MEDIUM
NC-0407,Pass3,Academic_Universe_MVP_Technical_Contract_v1.0_Pass3.json,/academic_schemas/AssessmentResult/indexes[1],,"(organizationId,userId,resultStatus)","(organizationId,userId,resultStatus)","(organizationId,userId,resultStatus)",Extracted programmatically,NEW,,MEDIUM
NC-0408,Pass3,Academic_Universe_MVP_Technical_Contract_v1.0_Pass3.json,/academic_schemas/AssessmentResult/invariants[0],,score and grade may coexist,score and grade may coexist,score and grade may coexist,Extracted programmatically,NEW,,MEDIUM
NC-0409,Pass3,Academic_Universe_MVP_Technical_Contract_v1.0_Pass3.json,/academic_schemas/AssessmentResult/invariants[1],,"missing maxScore is UNKNOWN, not 100","missing maxScore is UNKNOWN, not 100","missing maxScore is UNKNOWN, not 100",Extracted programmatically,NEW,,MEDIUM
NC-0410,Pass3,Academic_Universe_MVP_Technical_Contract_v1.0_Pass3.json,/academic_schemas/AssessmentResult/invariants[2],,derived percentage is separate derived fact,derived percentage is separate derived fact,derived percentage is separate derived fact,Extracted programmatically,NEW,,MEDIUM
NC-0411,Pass3,Academic_Universe_MVP_Technical_Contract_v1.0_Pass3.json,/academic_schemas/AttendanceRecord/fields[0],,_id,_id,_id,Extracted programmatically,NEW,,MEDIUM
NC-0412,Pass3,Academic_Universe_MVP_Technical_Contract_v1.0_Pass3.json,/academic_schemas/AttendanceRecord/fields[10],,recordKind,recordKind,recordKind,Extracted programmatically,NEW,,MEDIUM
NC-0413,Pass3,Academic_Universe_MVP_Technical_Contract_v1.0_Pass3.json,/academic_schemas/AttendanceRecord/fields[11],,sourceFactRefs[],sourceFactRefs[],sourceFactRefs[],Extracted programmatically,NEW,,MEDIUM
NC-0414,Pass3,Academic_Universe_MVP_Technical_Contract_v1.0_Pass3.json,/academic_schemas/AttendanceRecord/fields[12],,createdAt,createdAt,createdAt,Extracted programmatically,NEW,,MEDIUM
NC-0415,Pass3,Academic_Universe_MVP_Technical_Contract_v1.0_Pass3.json,/academic_schemas/AttendanceRecord/fields[13],,updatedAt,updatedAt,updatedAt,Extracted programmatically,NEW,,MEDIUM
NC-0416,Pass3,Academic_Universe_MVP_Technical_Contract_v1.0_Pass3.json,/academic_schemas/AttendanceRecord/fields[1],,organizationId,organizationId,organizationId,Extracted programmatically,NEW,,MEDIUM
NC-0417,Pass3,Academic_Universe_MVP_Technical_Contract_v1.0_Pass3.json,/academic_schemas/AttendanceRecord/fields[2],,userId,userId,userId,Extracted programmatically,NEW,,MEDIUM
NC-0418,Pass3,Academic_Universe_MVP_Technical_Contract_v1.0_Pass3.json,/academic_schemas/AttendanceRecord/fields[3],,academicTermId,academicTermId,academicTermId,Extracted programmatically,NEW,,MEDIUM
NC-0419,Pass3,Academic_Universe_MVP_Technical_Contract_v1.0_Pass3.json,/academic_schemas/AttendanceRecord/fields[4],,subjectId?,subjectId?,subjectId?,Extracted programmatically,NEW,,MEDIUM
NC-0420,Pass3,Academic_Universe_MVP_Technical_Contract_v1.0_Pass3.json,/academic_schemas/AttendanceRecord/fields[5],,scopeType,scopeType,scopeType,Extracted programmatically,NEW,,MEDIUM
NC-0421,Pass3,Academic_Universe_MVP_Technical_Contract_v1.0_Pass3.json,/academic_schemas/AttendanceRecord/fields[6],,attendedCount?,attendedCount?,attendedCount?,Extracted programmatically,NEW,,MEDIUM
NC-0422,Pass3,Academic_Universe_MVP_Technical_Contract_v1.0_Pass3.json,/academic_schemas/AttendanceRecord/fields[7],,conductedCount?,conductedCount?,conductedCount?,Extracted programmatically,NEW,,MEDIUM
NC-0423,Pass3,Academic_Universe_MVP_Technical_Contract_v1.0_Pass3.json,/academic_schemas/AttendanceRecord/fields[8],,percentage?,percentage?,percentage?,Extracted programmatically,NEW,,MEDIUM
NC-0424,Pass3,Academic_Universe_MVP_Technical_Contract_v1.0_Pass3.json,/academic_schemas/AttendanceRecord/fields[9],,asOfDate?,asOfDate?,asOfDate?,Extracted programmatically,NEW,,MEDIUM
NC-0425,Pass3,Academic_Universe_MVP_Technical_Contract_v1.0_Pass3.json,/academic_schemas/AttendanceRecord/indexes[0],,"(organizationId,userId,academicTermId,subjectId,asOfDate)","(organizationId,userId,academicTermId,subjectId,asOfDate)","(organizationId,userId,academicTermId,subjectId,asOfDate)",Extracted programmatically,NEW,,MEDIUM
NC-0426,Pass3,Academic_Universe_MVP_Technical_Contract_v1.0_Pass3.json,/academic_schemas/AttendanceRecord/indexes[1],,"(organizationId,userId,recordKind,createdAt)","(organizationId,userId,recordKind,createdAt)","(organizationId,userId,recordKind,createdAt)",Extracted programmatically,NEW,,MEDIUM
NC-0427,Pass3,Academic_Universe_MVP_Technical_Contract_v1.0_Pass3.json,/academic_schemas/AttendanceRecord/invariants[0],,current snapshot and historical record are distinct,current snapshot and historical record are distinct,current snapshot and historical record are distinct,Extracted programmatically,NEW,,MEDIUM
NC-0428,Pass3,Academic_Universe_MVP_Technical_Contract_v1.0_Pass3.json,/academic_schemas/AttendanceRecord/invariants[1],,percentage must not imply counts,percentage must not imply counts,percentage must not imply counts,Extracted programmatically,NEW,,MEDIUM
NC-0429,Pass3,Academic_Universe_MVP_Technical_Contract_v1.0_Pass3.json,/academic_schemas/AttendanceRecord/invariants[2],,"unknown subject means aggregate scope, not guessed mapping","unknown subject means aggregate scope, not guessed mapping","unknown subject means aggregate scope, not guessed mapping",Extracted programmatically,NEW,,MEDIUM
NC-0430,Pass3,Academic_Universe_MVP_Technical_Contract_v1.0_Pass3.json,/academic_schemas/Subject/fields[0],,_id,_id,_id,Extracted programmatically,NEW,,MEDIUM
NC-0431,Pass3,Academic_Universe_MVP_Technical_Contract_v1.0_Pass3.json,/academic_schemas/Subject/fields[10],,createdAt,createdAt,createdAt,Extracted programmatically,NEW,,MEDIUM
NC-0432,Pass3,Academic_Universe_MVP_Technical_Contract_v1.0_Pass3.json,/academic_schemas/Subject/fields[11],,updatedAt,updatedAt,updatedAt,Extracted programmatically,NEW,,MEDIUM
NC-0433,Pass3,Academic_Universe_MVP_Technical_Contract_v1.0_Pass3.json,/academic_schemas/Subject/fields[1],,organizationId,organizationId,organizationId,Extracted programmatically,NEW,,MEDIUM
NC-0434,Pass3,Academic_Universe_MVP_Technical_Contract_v1.0_Pass3.json,/academic_schemas/Subject/fields[2],,userId,userId,userId,Extracted programmatically,NEW,,MEDIUM
NC-0435,Pass3,Academic_Universe_MVP_Technical_Contract_v1.0_Pass3.json,/academic_schemas/Subject/fields[3],,academicTermId,academicTermId,academicTermId,Extracted programmatically,NEW,,MEDIUM
NC-0436,Pass3,Academic_Universe_MVP_Technical_Contract_v1.0_Pass3.json,/academic_schemas/Subject/fields[4],,subjectCode?,subjectCode?,subjectCode?,Extracted programmatically,NEW,,MEDIUM
NC-0437,Pass3,Academic_Universe_MVP_Technical_Contract_v1.0_Pass3.json,/academic_schemas/Subject/fields[5],,normalizedName,normalizedName,normalizedName,Extracted programmatically,NEW,,MEDIUM
NC-0438,Pass3,Academic_Universe_MVP_Technical_Contract_v1.0_Pass3.json,/academic_schemas/Subject/fields[6],,displayName,displayName,displayName,Extracted programmatically,NEW,,MEDIUM
NC-0439,Pass3,Academic_Universe_MVP_Technical_Contract_v1.0_Pass3.json,/academic_schemas/Subject/fields[7],,credits?,credits?,credits?,Extracted programmatically,NEW,,MEDIUM
NC-0440,Pass3,Academic_Universe_MVP_Technical_Contract_v1.0_Pass3.json,/academic_schemas/Subject/fields[8],,status,status,status,Extracted programmatically,NEW,,MEDIUM
NC-0441,Pass3,Academic_Universe_MVP_Technical_Contract_v1.0_Pass3.json,/academic_schemas/Subject/fields[9],,sourceFactRefs[],sourceFactRefs[],sourceFactRefs[],Extracted programmatically,NEW,,MEDIUM
NC-0442,Pass3,Academic_Universe_MVP_Technical_Contract_v1.0_Pass3.json,/academic_schemas/Subject/indexes[0],,"(organizationId,userId,academicTermId,status)","(organizationId,userId,academicTermId,status)","(organizationId,userId,academicTermId,status)",Extracted programmatically,NEW,,MEDIUM
NC-0443,Pass3,Academic_Universe_MVP_Technical_Contract_v1.0_Pass3.json,/academic_schemas/Subject/indexes[1],,"unique partial (organizationId,userId,academicTermId,subjectCode)","unique partial (organizationId,userId,academicTermId,subjectCode)","unique partial (organizationId,userId,academicTermId,subjectCode)",Extracted programmatically,NEW,,MEDIUM
NC-0444,Pass3,Academic_Universe_MVP_Technical_Contract_v1.0_Pass3.json,/academic_schemas/Subject/indexes[2],,"(organizationId,userId,academicTermId,normalizedName)","(organizationId,userId,academicTermId,normalizedName)","(organizationId,userId,academicTermId,normalizedName)",Extracted programmatically,NEW,,MEDIUM
NC-0445,Pass3,Academic_Universe_MVP_Technical_Contract_v1.0_Pass3.json,/academic_schemas/Subject/invariants[0],,subjectCode preferred when trustworthy,subjectCode preferred when trustworthy,subjectCode preferred when trustworthy,Extracted programmatically,NEW,,MEDIUM
NC-0446,Pass3,Academic_Universe_MVP_Technical_Contract_v1.0_Pass3.json,/academic_schemas/Subject/invariants[1],,"same normalized name is duplicate candidate, not automatic proof","same normalized name is duplicate candidate, not automatic proof","same normalized name is duplicate candidate, not automatic proof",Extracted programmatically,NEW,,MEDIUM
NC-0447,Pass3,Academic_Universe_MVP_Technical_Contract_v1.0_Pass3.json,/ai_grounding_bundle,,"{""fields"": [""requestId"", ""organizationId"", ""userId"", ""intent"", ""retrievalPolicyVersion"", ""facts[]"", ""conflicts[]"", ""missingData[]"", ""freshnessWarnings[]"", ""evidenceSummaries[]"", ""excludedContextSummary"", ""generatedAt""], ""fact_item"": [""factId"", ""semanticAddress"", ""safeValue"", ""verificationState"", ""freshnessState"", ""validityWindow"", ""provenanceSummary"", ""evidenceRefs[]"", ""retrievalReason""], ""rules"": [""Bundle contains minimum relevant context, not entire student profile."", ""CandidateFact excluded unless question explicitly concerns pending review and UI policy permits."", ""DISPUTED facts are not silently collapsed."", ""STALE facts may be included only with explicit warning when relevant."", ""Evidence refs exposed to model are safe summaries, not unrestricted raw secrets."", ""Every personalized factual claim should be traceable to bundle items or marked as general guidance."", ""No raw cross-surface private context propagation merely because it exists.""]}","{""fields"": [""requestId"", ""organizationId"", ""userId"", ""intent"", ""retrievalPolicyVersion"", ""facts[]"", ""conflicts[]"", ""missingData[]"", ""freshnessWarnings[]"", ""evidenceSummaries[]"", ""excludedContextSummary"", ""generatedAt""], ""fact_item"": [""factId"", ""semanticAddress"", ""safeValue"", ""verificationState"", ""freshnessState"", ""validityWindow"", ""provenanceSummary"", ""evidenceRefs[]"", ""retrievalReason""], ""rules"": [""Bundle contains minimum relevant context, not entire student profile."", ""CandidateFact excluded unless question explicitly concerns pending review and UI policy permits."", ""DISPUTED facts are not silently collapsed."", ""STALE facts may be included only with explicit warning when relevant."", ""Evidence refs exposed to model are safe summaries, not unrestricted raw secrets."", ""Every personalized factual claim should be traceable to bundle items or marked as general guidance."", ""No raw cross-surface private context propagation merely because it exists.""]}","{""fields"": [""requestId"", ""organizationId"", ""userId"", ""intent"", ""retrievalPolicyVersion"", ""facts[]"", ""conflicts[]"", ""missingData[]"", ""freshnessWarnings[]"", ""evidenceSummaries[]"", ""excludedContextSummar",Extracted programmatically,NEW,,MEDIUM
NC-0448,Pass3,Academic_Universe_MVP_Technical_Contract_v1.0_Pass3.json,/ai_grounding_bundle/rules[0],,"Bundle contains minimum relevant context, not entire student profile.","Bundle contains minimum relevant context, not entire student profile.","Bundle contains minimum relevant context, not entire student profile.",Extracted programmatically,NEW,,MEDIUM
NC-0449,Pass3,Academic_Universe_MVP_Technical_Contract_v1.0_Pass3.json,/ai_grounding_bundle/rules[1],,CandidateFact excluded unless question explicitly concerns pending review and UI policy permits.,CandidateFact excluded unless question explicitly concerns pending review and UI policy permits.,CandidateFact excluded unless question explicitly concerns pending review and UI policy permits.,Extracted programmatically,NEW,,MEDIUM
NC-0450,Pass3,Academic_Universe_MVP_Technical_Contract_v1.0_Pass3.json,/ai_grounding_bundle/rules[2],,DISPUTED facts are not silently collapsed.,DISPUTED facts are not silently collapsed.,DISPUTED facts are not silently collapsed.,Extracted programmatically,NEW,,MEDIUM
NC-0451,Pass3,Academic_Universe_MVP_Technical_Contract_v1.0_Pass3.json,/ai_grounding_bundle/rules[3],,STALE facts may be included only with explicit warning when relevant.,STALE facts may be included only with explicit warning when relevant.,STALE facts may be included only with explicit warning when relevant.,Extracted programmatically,NEW,,MEDIUM
NC-0452,Pass3,Academic_Universe_MVP_Technical_Contract_v1.0_Pass3.json,/ai_grounding_bundle/rules[4],,"Evidence refs exposed to model are safe summaries, not unrestricted raw secrets.","Evidence refs exposed to model are safe summaries, not unrestricted raw secrets.","Evidence refs exposed to model are safe summaries, not unrestricted raw secrets.",Extracted programmatically,NEW,,MEDIUM
NC-0453,Pass3,Academic_Universe_MVP_Technical_Contract_v1.0_Pass3.json,/ai_grounding_bundle/rules[5],,Every personalized factual claim should be traceable to bundle items or marked as general guidance.,Every personalized factual claim should be traceable to bundle items or marked as general guidance.,Every personalized factual claim should be traceable to bundle items or marked as general guidance.,Extracted programmatically,NEW,,MEDIUM
NC-0454,Pass3,Academic_Universe_MVP_Technical_Contract_v1.0_Pass3.json,/ai_grounding_bundle/rules[6],,No raw cross-surface private context propagation merely because it exists.,No raw cross-surface private context propagation merely because it exists.,No raw cross-surface private context propagation merely because it exists.,Extracted programmatically,NEW,,MEDIUM
NC-0455,Pass3,Academic_Universe_MVP_Technical_Contract_v1.0_Pass3.json,/authorization_negative_tests[0],,Student A cannot GET Student B profile by guessed _id in same organization.,Student A cannot GET Student B profile by guessed _id in same organization.,Student A cannot GET Student B profile by guessed _id in same organization.,Extracted programmatically,NEW,,MEDIUM
NC-0456,Pass3,Academic_Universe_MVP_Technical_Contract_v1.0_Pass3.json,/authorization_negative_tests[10],,Deleted/disconnected source cannot remain retrievable through stale vector/search indexes after lifecycle completion.,Deleted/disconnected source cannot remain retrievable through stale vector/search indexes after lifecycle completion.,Deleted/disconnected source cannot remain retrievable through stale vector/search indexes after lifecycle completion.,Extracted programmatically,NEW,,MEDIUM
NC-0457,Pass3,Academic_Universe_MVP_Technical_Contract_v1.0_Pass3.json,/authorization_negative_tests[11],,Signed storage URL is not issued before application authorization succeeds.,Signed storage URL is not issued before application authorization succeeds.,Signed storage URL is not issued before application authorization succeeds.,Extracted programmatically,NEW,,MEDIUM
NC-0458,Pass3,Academic_Universe_MVP_Technical_Contract_v1.0_Pass3.json,/authorization_negative_tests[1],,Student A cannot GET resource from another organization by guessed _id.,Student A cannot GET resource from another organization by guessed _id.,Student A cannot GET resource from another organization by guessed _id.,Extracted programmatically,NEW,,MEDIUM
NC-0459,Pass3,Academic_Universe_MVP_Technical_Contract_v1.0_Pass3.json,/authorization_negative_tests[2],,Changing organizationId in body/query/header does not switch server authorization scope.,Changing organizationId in body/query/header does not switch server authorization scope.,Changing organizationId in body/query/header does not switch server authorization scope.,Extracted programmatically,NEW,,MEDIUM
NC-0460,Pass3,Academic_Universe_MVP_Technical_Contract_v1.0_Pass3.json,/authorization_negative_tests[3],,Faculty role cannot read student private documents by default.,Faculty role cannot read student private documents by default.,Faculty role cannot read student private documents by default.,Extracted programmatically,NEW,,MEDIUM
NC-0461,Pass3,Academic_Universe_MVP_Technical_Contract_v1.0_Pass3.json,/authorization_negative_tests[4],,Org admin cannot read raw AI Mentor threads unless an explicit policy grants it.,Org admin cannot read raw AI Mentor threads unless an explicit policy grants it.,Org admin cannot read raw AI Mentor threads unless an explicit policy grants it.,Extracted programmatically,NEW,,MEDIUM
NC-0462,Pass3,Academic_Universe_MVP_Technical_Contract_v1.0_Pass3.json,/authorization_negative_tests[5],,Background job with mismatched organizationId cannot mutate target resource.,Background job with mismatched organizationId cannot mutate target resource.,Background job with mismatched organizationId cannot mutate target resource.,Extracted programmatically,NEW,,MEDIUM
NC-0463,Pass3,Academic_Universe_MVP_Technical_Contract_v1.0_Pass3.json,/authorization_negative_tests[6],,Mentor retrieval cannot cross organization boundary even when semantic search returns similar content.,Mentor retrieval cannot cross organization boundary even when semantic search returns similar content.,Mentor retrieval cannot cross organization boundary even when semantic search returns similar content.,Extracted programmatically,NEW,,MEDIUM
NC-0464,Pass3,Academic_Universe_MVP_Technical_Contract_v1.0_Pass3.json,/authorization_negative_tests[7],,Provenance endpoint cannot reveal evidence owned by another tenant.,Provenance endpoint cannot reveal evidence owned by another tenant.,Provenance endpoint cannot reveal evidence owned by another tenant.,Extracted programmatically,NEW,,MEDIUM
NC-0465,Pass3,Academic_Universe_MVP_Technical_Contract_v1.0_Pass3.json,/authorization_negative_tests[8],,Conflict resolution cannot reference a fact outside the same tenant/user scope.,Conflict resolution cannot reference a fact outside the same tenant/user scope.,Conflict resolution cannot reference a fact outside the same tenant/user scope.,Extracted programmatically,NEW,,MEDIUM
NC-0466,Pass3,Academic_Universe_MVP_Technical_Contract_v1.0_Pass3.json,/authorization_negative_tests[9],,Correction request cannot target another user's fact.,Correction request cannot target another user's fact.,Correction request cannot target another user's fact.,Extracted programmatically,NEW,,MEDIUM
NC-0467,Pass3,Academic_Universe_MVP_Technical_Contract_v1.0_Pass3.json,/deletion_retention_contract,,"{""states"": [""ACTIVE"", ""DELETION_REQUESTED"", ""QUARANTINED"", ""DELETION_IN_PROGRESS"", ""DELETED"", ""LEGAL_HOLD""], ""rules"": [""MVP must distinguish account deactivation from deletion."", ""Deletion request is auditable and versioned."", ""Canonical DB records, object storage, search/vector indexes, caches, and derived artifacts are separate deletion targets."", ""Irreversible deletion requires explicit confirmation and re-authentication for sensitive scope."", ""LEGAL_HOLD is policy-driven and cannot be invented ad hoc by application code."", ""Backups follow documented retention windows; UI must not falsely claim instantaneous physical erasure from immutable backups."", ""Disconnected integration stops future sync; token revocation and stored imported data deletion are separate actions."", ""Derived facts whose sole evidence is deleted must be re-evaluated, invalidated, or deleted according to policy."", ""Audit logs store minimal safe event metadata and must not become a shadow copy of deleted content.""], ""deletion_job_steps"": [""Authorize + re-authenticate if required"", ""Freeze target scope/version"", ""Create deletion request"", ""Stop new writes/sync for target scope"", ""Delete/revoke active credentials where applicable"", ""Delete canonical and derived data per policy"", ""Delete object storage artifacts"", ""Purge search/vector/cache projections"", ""Recompute dependent facts"", ""Write safe completion audit event"", ""Return completion state without exposing internal secrets""]}","{""states"": [""ACTIVE"", ""DELETION_REQUESTED"", ""QUARANTINED"", ""DELETION_IN_PROGRESS"", ""DELETED"", ""LEGAL_HOLD""], ""rules"": [""MVP must distinguish account deactivation from deletion."", ""Deletion request is auditable and versioned."", ""Canonical DB records, object storage, search/vector indexes, caches, and derived artifacts are separate deletion targets."", ""Irreversible deletion requires explicit confirmation and re-authentication for sensitive scope."", ""LEGAL_HOLD is policy-driven and cannot be invented ad hoc by application code."", ""Backups follow documented retention windows; UI must not falsely claim instantaneous physical erasure from immutable backups."", ""Disconnected integration stops future sync; token revocation and stored imported data deletion are separate actions."", ""Derived facts whose sole evidence is deleted must be re-evaluated, invalidated, or deleted according to policy."", ""Audit logs store minimal safe event metadata and must not become a shadow copy of deleted content.""], ""deletion_job_steps"": [""Authorize + re-authenticate if required"", ""Freeze target scope/version"", ""Create deletion request"", ""Stop new writes/sync for target scope"", ""Delete/revoke active credentials where applicable"", ""Delete canonical and derived data per policy"", ""Delete object storage artifacts"", ""Purge search/vector/cache projections"", ""Recompute dependent facts"", ""Write safe completion audit event"", ""Return completion state without exposing internal secrets""]}","{""states"": [""ACTIVE"", ""DELETION_REQUESTED"", ""QUARANTINED"", ""DELETION_IN_PROGRESS"", ""DELETED"", ""LEGAL_HOLD""], ""rules"": [""MVP must distinguish account deactivation from deletion."", ""Deletion request is ",Extracted programmatically,NEW,,MEDIUM
NC-0468,Pass3,Academic_Universe_MVP_Technical_Contract_v1.0_Pass3.json,/deletion_retention_contract/deletion_job_steps[0],,Authorize + re-authenticate if required,Authorize + re-authenticate if required,Authorize + re-authenticate if required,Extracted programmatically,NEW,,MEDIUM
NC-0469,Pass3,Academic_Universe_MVP_Technical_Contract_v1.0_Pass3.json,/deletion_retention_contract/deletion_job_steps[10],,Return completion state without exposing internal secrets,Return completion state without exposing internal secrets,Return completion state without exposing internal secrets,Extracted programmatically,NEW,,MEDIUM
NC-0470,Pass3,Academic_Universe_MVP_Technical_Contract_v1.0_Pass3.json,/deletion_retention_contract/deletion_job_steps[1],,Freeze target scope/version,Freeze target scope/version,Freeze target scope/version,Extracted programmatically,NEW,,MEDIUM
NC-0471,Pass3,Academic_Universe_MVP_Technical_Contract_v1.0_Pass3.json,/deletion_retention_contract/deletion_job_steps[2],,Create deletion request,Create deletion request,Create deletion request,Extracted programmatically,NEW,,MEDIUM
NC-0472,Pass3,Academic_Universe_MVP_Technical_Contract_v1.0_Pass3.json,/deletion_retention_contract/deletion_job_steps[3],,Stop new writes/sync for target scope,Stop new writes/sync for target scope,Stop new writes/sync for target scope,Extracted programmatically,NEW,,MEDIUM
NC-0473,Pass3,Academic_Universe_MVP_Technical_Contract_v1.0_Pass3.json,/deletion_retention_contract/deletion_job_steps[4],,Delete/revoke active credentials where applicable,Delete/revoke active credentials where applicable,Delete/revoke active credentials where applicable,Extracted programmatically,NEW,,MEDIUM
NC-0474,Pass3,Academic_Universe_MVP_Technical_Contract_v1.0_Pass3.json,/deletion_retention_contract/deletion_job_steps[5],,Delete canonical and derived data per policy,Delete canonical and derived data per policy,Delete canonical and derived data per policy,Extracted programmatically,NEW,,MEDIUM
NC-0475,Pass3,Academic_Universe_MVP_Technical_Contract_v1.0_Pass3.json,/deletion_retention_contract/deletion_job_steps[6],,Delete object storage artifacts,Delete object storage artifacts,Delete object storage artifacts,Extracted programmatically,NEW,,MEDIUM
NC-0476,Pass3,Academic_Universe_MVP_Technical_Contract_v1.0_Pass3.json,/deletion_retention_contract/deletion_job_steps[7],,Purge search/vector/cache projections,Purge search/vector/cache projections,Purge search/vector/cache projections,Extracted programmatically,NEW,,MEDIUM
NC-0477,Pass3,Academic_Universe_MVP_Technical_Contract_v1.0_Pass3.json,/deletion_retention_contract/deletion_job_steps[8],,Recompute dependent facts,Recompute dependent facts,Recompute dependent facts,Extracted programmatically,NEW,,MEDIUM
NC-0478,Pass3,Academic_Universe_MVP_Technical_Contract_v1.0_Pass3.json,/deletion_retention_contract/deletion_job_steps[9],,Write safe completion audit event,Write safe completion audit event,Write safe completion audit event,Extracted programmatically,NEW,,MEDIUM
NC-0479,Pass3,Academic_Universe_MVP_Technical_Contract_v1.0_Pass3.json,/deletion_retention_contract/rules[0],,MVP must distinguish account deactivation from deletion.,MVP must distinguish account deactivation from deletion.,MVP must distinguish account deactivation from deletion.,Extracted programmatically,NEW,,MEDIUM
NC-0480,Pass3,Academic_Universe_MVP_Technical_Contract_v1.0_Pass3.json,/deletion_retention_contract/rules[1],,Deletion request is auditable and versioned.,Deletion request is auditable and versioned.,Deletion request is auditable and versioned.,Extracted programmatically,NEW,,MEDIUM
NC-0481,Pass3,Academic_Universe_MVP_Technical_Contract_v1.0_Pass3.json,/deletion_retention_contract/rules[2],,"Canonical DB records, object storage, search/vector indexes, caches, and derived artifacts are separate deletion targets.","Canonical DB records, object storage, search/vector indexes, caches, and derived artifacts are separate deletion targets.","Canonical DB records, object storage, search/vector indexes, caches, and derived artifacts are separate deletion targets.",Extracted programmatically,NEW,,MEDIUM
NC-0482,Pass3,Academic_Universe_MVP_Technical_Contract_v1.0_Pass3.json,/deletion_retention_contract/rules[3],,Irreversible deletion requires explicit confirmation and re-authentication for sensitive scope.,Irreversible deletion requires explicit confirmation and re-authentication for sensitive scope.,Irreversible deletion requires explicit confirmation and re-authentication for sensitive scope.,Extracted programmatically,NEW,,MEDIUM
NC-0483,Pass3,Academic_Universe_MVP_Technical_Contract_v1.0_Pass3.json,/deletion_retention_contract/rules[4],,LEGAL_HOLD is policy-driven and cannot be invented ad hoc by application code.,LEGAL_HOLD is policy-driven and cannot be invented ad hoc by application code.,LEGAL_HOLD is policy-driven and cannot be invented ad hoc by application code.,Extracted programmatically,NEW,,MEDIUM
NC-0484,Pass3,Academic_Universe_MVP_Technical_Contract_v1.0_Pass3.json,/deletion_retention_contract/rules[5],,Backups follow documented retention windows; UI must not falsely claim instantaneous physical erasure from immutable backups.,Backups follow documented retention windows; UI must not falsely claim instantaneous physical erasure from immutable backups.,Backups follow documented retention windows; UI must not falsely claim instantaneous physical erasure from immutable backups.,Extracted programmatically,NEW,,MEDIUM
NC-0485,Pass3,Academic_Universe_MVP_Technical_Contract_v1.0_Pass3.json,/deletion_retention_contract/rules[6],,Disconnected integration stops future sync; token revocation and stored imported data deletion are separate actions.,Disconnected integration stops future sync; token revocation and stored imported data deletion are separate actions.,Disconnected integration stops future sync; token revocation and stored imported data deletion are separate actions.,Extracted programmatically,NEW,,MEDIUM
NC-0486,Pass3,Academic_Universe_MVP_Technical_Contract_v1.0_Pass3.json,/deletion_retention_contract/rules[7],,"Derived facts whose sole evidence is deleted must be re-evaluated, invalidated, or deleted according to policy.","Derived facts whose sole evidence is deleted must be re-evaluated, invalidated, or deleted according to policy.","Derived facts whose sole evidence is deleted must be re-evaluated, invalidated, or deleted according to policy.",Extracted programmatically,NEW,,MEDIUM
NC-0487,Pass3,Academic_Universe_MVP_Technical_Contract_v1.0_Pass3.json,/deletion_retention_contract/rules[8],,Audit logs store minimal safe event metadata and must not become a shadow copy of deleted content.,Audit logs store minimal safe event metadata and must not become a shadow copy of deleted content.,Audit logs store minimal safe event metadata and must not become a shadow copy of deleted content.,Extracted programmatically,NEW,,MEDIUM
NC-0488,Pass3,Academic_Universe_MVP_Technical_Contract_v1.0_Pass3.json,/fact_identity_contract,,"{""principle"": ""A fact identity is a tenant-scoped semantic address, not a hash of display text."", ""key_components"": [""organizationId"", ""userId"", ""entityType"", ""entityRef"", ""fieldPath"", ""scope qualifiers where required""], ""examples"": [{""fact"": ""current semester label"", ""identity"": ""org + user + AcademicTerm:<id> + fieldPath=termLabel""}, {""fact"": ""DBMS marks in midterm 1"", ""identity"": ""org + user + AssessmentResult:<id> + fieldPath=score""}, {""fact"": ""attendance snapshot"", ""identity"": ""org + user + AttendanceRecord:<id> + fieldPath=percentage""}], ""rules"": [""Normalize values for comparison, but preserve original observed value in evidence/provenance."", ""Never use confidence as identity."", ""Different temporal validity may coexist rather than conflict."", ""Different scopes may coexist: aggregate attendance vs subject attendance."", ""If entity resolution is uncertain, create unresolved linkage state; do not force entityRef.""]}","{""principle"": ""A fact identity is a tenant-scoped semantic address, not a hash of display text."", ""key_components"": [""organizationId"", ""userId"", ""entityType"", ""entityRef"", ""fieldPath"", ""scope qualifiers where required""], ""examples"": [{""fact"": ""current semester label"", ""identity"": ""org + user + AcademicTerm:<id> + fieldPath=termLabel""}, {""fact"": ""DBMS marks in midterm 1"", ""identity"": ""org + user + AssessmentResult:<id> + fieldPath=score""}, {""fact"": ""attendance snapshot"", ""identity"": ""org + user + AttendanceRecord:<id> + fieldPath=percentage""}], ""rules"": [""Normalize values for comparison, but preserve original observed value in evidence/provenance."", ""Never use confidence as identity."", ""Different temporal validity may coexist rather than conflict."", ""Different scopes may coexist: aggregate attendance vs subject attendance."", ""If entity resolution is uncertain, create unresolved linkage state; do not force entityRef.""]}","{""principle"": ""A fact identity is a tenant-scoped semantic address, not a hash of display text."", ""key_components"": [""organizationId"", ""userId"", ""entityType"", ""entityRef"", ""fieldPath"", ""scope qualifie",Extracted programmatically,NEW,,MEDIUM
NC-0489,Pass3,Academic_Universe_MVP_Technical_Contract_v1.0_Pass3.json,/fact_identity_contract/rules[0],,"Normalize values for comparison, but preserve original observed value in evidence/provenance.","Normalize values for comparison, but preserve original observed value in evidence/provenance.","Normalize values for comparison, but preserve original observed value in evidence/provenance.",Extracted programmatically,NEW,,MEDIUM
NC-0490,Pass3,Academic_Universe_MVP_Technical_Contract_v1.0_Pass3.json,/fact_identity_contract/rules[1],,Never use confidence as identity.,Never use confidence as identity.,Never use confidence as identity.,Extracted programmatically,NEW,,MEDIUM
NC-0491,Pass3,Academic_Universe_MVP_Technical_Contract_v1.0_Pass3.json,/fact_identity_contract/rules[2],,Different temporal validity may coexist rather than conflict.,Different temporal validity may coexist rather than conflict.,Different temporal validity may coexist rather than conflict.,Extracted programmatically,NEW,,MEDIUM
NC-0492,Pass3,Academic_Universe_MVP_Technical_Contract_v1.0_Pass3.json,/fact_identity_contract/rules[3],,Different scopes may coexist: aggregate attendance vs subject attendance.,Different scopes may coexist: aggregate attendance vs subject attendance.,Different scopes may coexist: aggregate attendance vs subject attendance.,Extracted programmatically,NEW,,MEDIUM
NC-0493,Pass3,Academic_Universe_MVP_Technical_Contract_v1.0_Pass3.json,/fact_identity_contract/rules[4],,"If entity resolution is uncertain, create unresolved linkage state; do not force entityRef.","If entity resolution is uncertain, create unresolved linkage state; do not force entityRef.","If entity resolution is uncertain, create unresolved linkage state; do not force entityRef.",Extracted programmatically,NEW,,MEDIUM
NC-0494,Pass3,Academic_Universe_MVP_Technical_Contract_v1.0_Pass3.json,/new_hard_invariants[0],,"Missing numeric data is null/UNKNOWN, never defaulted to zero or 100.","Missing numeric data is null/UNKNOWN, never defaulted to zero or 100.","Missing numeric data is null/UNKNOWN, never defaulted to zero or 100.",Extracted programmatically,NEW,,MEDIUM
NC-0495,Pass3,Academic_Universe_MVP_Technical_Contract_v1.0_Pass3.json,/new_hard_invariants[1],,Current and historical attendance are temporally distinct.,Current and historical attendance are temporally distinct.,Current and historical attendance are temporally distinct.,Extracted programmatically,NEW,,MEDIUM
NC-0496,Pass3,Academic_Universe_MVP_Technical_Contract_v1.0_Pass3.json,/new_hard_invariants[2],,Normalized equivalence may deduplicate; similarity alone may not.,Normalized equivalence may deduplicate; similarity alone may not.,Normalized equivalence may deduplicate; similarity alone may not.,Extracted programmatically,NEW,,MEDIUM
NC-0497,Pass3,Academic_Universe_MVP_Technical_Contract_v1.0_Pass3.json,/new_hard_invariants[3],,Fact canonicalization never crosses organizationId.,Fact canonicalization never crosses organizationId.,Fact canonicalization never crosses organizationId.,Extracted programmatically,NEW,,MEDIUM
NC-0498,Pass3,Academic_Universe_MVP_Technical_Contract_v1.0_Pass3.json,/new_hard_invariants[4],,Mentor retrieval is minimum-necessary and authorization-scoped.,Mentor retrieval is minimum-necessary and authorization-scoped.,Mentor retrieval is minimum-necessary and authorization-scoped.,Extracted programmatically,NEW,,MEDIUM
NC-0499,Pass3,Academic_Universe_MVP_Technical_Contract_v1.0_Pass3.json,/new_hard_invariants[5],,"Deletion includes projections/indexes/caches, not only primary MongoDB documents.","Deletion includes projections/indexes/caches, not only primary MongoDB documents.","Deletion includes projections/indexes/caches, not only primary MongoDB documents.",Extracted programmatically,NEW,,MEDIUM
NC-0500,Pass3,Academic_Universe_MVP_Technical_Contract_v1.0_Pass3.json,/scope_note,,New engineering recommendations derived from frozen MVP principles; not represented as recovered historical approvals.,New engineering recommendations derived from frozen MVP principles; not represented as recovered historical approvals.,New engineering recommendations derived from frozen MVP principles; not represented as recovered historical approvals.,Extracted programmatically,NEW,,MEDIUM
NC-0501,Pass4,Academic_Universe_MVP_Technical_Contract_v1.0_Pass4.json,/endpoint_catalog[0],,"{""method"": ""GET"", ""path"": ""/api/me/context"", ""auth"": ""AUTHENTICATED"", ""idempotency"": false, ""purpose"": ""Resolve server-authoritative user, memberships, active organization scope.""}","{""method"": ""GET"", ""path"": ""/api/me/context"", ""auth"": ""AUTHENTICATED"", ""idempotency"": false, ""purpose"": ""Resolve server-authoritative user, memberships, active organization scope.""}","{""method"": ""GET"", ""path"": ""/api/me/context"", ""auth"": ""AUTHENTICATED"", ""idempotency"": false, ""purpose"": ""Resolve server-authoritative user, memberships, active organization scope.""}",Extracted programmatically,NEW,,MEDIUM
NC-0502,Pass4,Academic_Universe_MVP_Technical_Contract_v1.0_Pass4.json,/endpoint_catalog[0]/auth,,AUTHENTICATED,AUTHENTICATED,AUTHENTICATED,Extracted programmatically,NEW,,MEDIUM
NC-0503,Pass4,Academic_Universe_MVP_Technical_Contract_v1.0_Pass4.json,/endpoint_catalog[0]/idempotency,,False,False,False,Extracted programmatically,NEW,,MEDIUM
NC-0504,Pass4,Academic_Universe_MVP_Technical_Contract_v1.0_Pass4.json,/endpoint_catalog[0]/method,,GET,GET,GET,Extracted programmatically,NEW,,MEDIUM
NC-0505,Pass4,Academic_Universe_MVP_Technical_Contract_v1.0_Pass4.json,/endpoint_catalog[0]/path,,/api/me/context,/api/me/context,/api/me/context,Extracted programmatically,NEW,,MEDIUM
NC-0506,Pass4,Academic_Universe_MVP_Technical_Contract_v1.0_Pass4.json,/endpoint_catalog[0]/purpose,,"Resolve server-authoritative user, memberships, active organization scope.","Resolve server-authoritative user, memberships, active organization scope.","Resolve server-authoritative user, memberships, active organization scope.",Extracted programmatically,NEW,,MEDIUM
NC-0507,Pass4,Academic_Universe_MVP_Technical_Contract_v1.0_Pass4.json,/endpoint_catalog[10],,"{""method"": ""GET"", ""path"": ""/api/facts/:factId/provenance"", ""auth"": ""OWN_RESOURCE"", ""idempotency"": false, ""purpose"": ""Explain source, evidence, verification and freshness.""}","{""method"": ""GET"", ""path"": ""/api/facts/:factId/provenance"", ""auth"": ""OWN_RESOURCE"", ""idempotency"": false, ""purpose"": ""Explain source, evidence, verification and freshness.""}","{""method"": ""GET"", ""path"": ""/api/facts/:factId/provenance"", ""auth"": ""OWN_RESOURCE"", ""idempotency"": false, ""purpose"": ""Explain source, evidence, verification and freshness.""}",Extracted programmatically,NEW,,MEDIUM
NC-0508,Pass4,Academic_Universe_MVP_Technical_Contract_v1.0_Pass4.json,/endpoint_catalog[10]/auth,,OWN_RESOURCE,OWN_RESOURCE,OWN_RESOURCE,Extracted programmatically,NEW,,MEDIUM
NC-0509,Pass4,Academic_Universe_MVP_Technical_Contract_v1.0_Pass4.json,/endpoint_catalog[10]/idempotency,,False,False,False,Extracted programmatically,NEW,,MEDIUM
NC-0510,Pass4,Academic_Universe_MVP_Technical_Contract_v1.0_Pass4.json,/endpoint_catalog[10]/method,,GET,GET,GET,Extracted programmatically,NEW,,MEDIUM
NC-0511,Pass4,Academic_Universe_MVP_Technical_Contract_v1.0_Pass4.json,/endpoint_catalog[10]/path,,/api/facts/:factId/provenance,/api/facts/:factId/provenance,/api/facts/:factId/provenance,Extracted programmatically,NEW,,MEDIUM
NC-0512,Pass4,Academic_Universe_MVP_Technical_Contract_v1.0_Pass4.json,/endpoint_catalog[10]/purpose,,"Explain source, evidence, verification and freshness.","Explain source, evidence, verification and freshness.","Explain source, evidence, verification and freshness.",Extracted programmatically,NEW,,MEDIUM
NC-0513,Pass4,Academic_Universe_MVP_Technical_Contract_v1.0_Pass4.json,/endpoint_catalog[11],,"{""method"": ""GET"", ""path"": ""/api/conflicts"", ""auth"": ""STUDENT"", ""idempotency"": false, ""purpose"": ""List own authorized conflict cases.""}","{""method"": ""GET"", ""path"": ""/api/conflicts"", ""auth"": ""STUDENT"", ""idempotency"": false, ""purpose"": ""List own authorized conflict cases.""}","{""method"": ""GET"", ""path"": ""/api/conflicts"", ""auth"": ""STUDENT"", ""idempotency"": false, ""purpose"": ""List own authorized conflict cases.""}",Extracted programmatically,NEW,,MEDIUM
NC-0514,Pass4,Academic_Universe_MVP_Technical_Contract_v1.0_Pass4.json,/endpoint_catalog[11]/auth,,STUDENT,STUDENT,STUDENT,Extracted programmatically,NEW,,MEDIUM
NC-0515,Pass4,Academic_Universe_MVP_Technical_Contract_v1.0_Pass4.json,/endpoint_catalog[11]/idempotency,,False,False,False,Extracted programmatically,NEW,,MEDIUM
NC-0516,Pass4,Academic_Universe_MVP_Technical_Contract_v1.0_Pass4.json,/endpoint_catalog[11]/method,,GET,GET,GET,Extracted programmatically,NEW,,MEDIUM
NC-0517,Pass4,Academic_Universe_MVP_Technical_Contract_v1.0_Pass4.json,/endpoint_catalog[11]/path,,/api/conflicts,/api/conflicts,/api/conflicts,Extracted programmatically,NEW,,MEDIUM
NC-0518,Pass4,Academic_Universe_MVP_Technical_Contract_v1.0_Pass4.json,/endpoint_catalog[11]/purpose,,List own authorized conflict cases.,List own authorized conflict cases.,List own authorized conflict cases.,Extracted programmatically,NEW,,MEDIUM
NC-0519,Pass4,Academic_Universe_MVP_Technical_Contract_v1.0_Pass4.json,/endpoint_catalog[12],,"{""method"": ""POST"", ""path"": ""/api/conflicts/:conflictId/resolve"", ""auth"": ""OWN_RESOURCE"", ""idempotency"": true, ""purpose"": ""Resolve conflict with optimistic versioning.""}","{""method"": ""POST"", ""path"": ""/api/conflicts/:conflictId/resolve"", ""auth"": ""OWN_RESOURCE"", ""idempotency"": true, ""purpose"": ""Resolve conflict with optimistic versioning.""}","{""method"": ""POST"", ""path"": ""/api/conflicts/:conflictId/resolve"", ""auth"": ""OWN_RESOURCE"", ""idempotency"": true, ""purpose"": ""Resolve conflict with optimistic versioning.""}",Extracted programmatically,NEW,,MEDIUM
NC-0520,Pass4,Academic_Universe_MVP_Technical_Contract_v1.0_Pass4.json,/endpoint_catalog[12]/auth,,OWN_RESOURCE,OWN_RESOURCE,OWN_RESOURCE,Extracted programmatically,NEW,,MEDIUM
NC-0521,Pass4,Academic_Universe_MVP_Technical_Contract_v1.0_Pass4.json,/endpoint_catalog[12]/idempotency,,True,True,True,Extracted programmatically,NEW,,MEDIUM
NC-0522,Pass4,Academic_Universe_MVP_Technical_Contract_v1.0_Pass4.json,/endpoint_catalog[12]/method,,POST,POST,POST,Extracted programmatically,NEW,,MEDIUM
NC-0523,Pass4,Academic_Universe_MVP_Technical_Contract_v1.0_Pass4.json,/endpoint_catalog[12]/path,,/api/conflicts/:conflictId/resolve,/api/conflicts/:conflictId/resolve,/api/conflicts/:conflictId/resolve,Extracted programmatically,NEW,,MEDIUM
NC-0524,Pass4,Academic_Universe_MVP_Technical_Contract_v1.0_Pass4.json,/endpoint_catalog[12]/purpose,,Resolve conflict with optimistic versioning.,Resolve conflict with optimistic versioning.,Resolve conflict with optimistic versioning.,Extracted programmatically,NEW,,MEDIUM
NC-0525,Pass4,Academic_Universe_MVP_Technical_Contract_v1.0_Pass4.json,/endpoint_catalog[13],,"{""method"": ""POST"", ""path"": ""/api/corrections"", ""auth"": ""STUDENT"", ""idempotency"": true, ""purpose"": ""Create source-aware correction request.""}","{""method"": ""POST"", ""path"": ""/api/corrections"", ""auth"": ""STUDENT"", ""idempotency"": true, ""purpose"": ""Create source-aware correction request.""}","{""method"": ""POST"", ""path"": ""/api/corrections"", ""auth"": ""STUDENT"", ""idempotency"": true, ""purpose"": ""Create source-aware correction request.""}",Extracted programmatically,NEW,,MEDIUM
NC-0526,Pass4,Academic_Universe_MVP_Technical_Contract_v1.0_Pass4.json,/endpoint_catalog[13]/auth,,STUDENT,STUDENT,STUDENT,Extracted programmatically,NEW,,MEDIUM
NC-0527,Pass4,Academic_Universe_MVP_Technical_Contract_v1.0_Pass4.json,/endpoint_catalog[13]/idempotency,,True,True,True,Extracted programmatically,NEW,,MEDIUM
NC-0528,Pass4,Academic_Universe_MVP_Technical_Contract_v1.0_Pass4.json,/endpoint_catalog[13]/method,,POST,POST,POST,Extracted programmatically,NEW,,MEDIUM
NC-0529,Pass4,Academic_Universe_MVP_Technical_Contract_v1.0_Pass4.json,/endpoint_catalog[13]/path,,/api/corrections,/api/corrections,/api/corrections,Extracted programmatically,NEW,,MEDIUM
NC-0530,Pass4,Academic_Universe_MVP_Technical_Contract_v1.0_Pass4.json,/endpoint_catalog[13]/purpose,,Create source-aware correction request.,Create source-aware correction request.,Create source-aware correction request.,Extracted programmatically,NEW,,MEDIUM
NC-0531,Pass4,Academic_Universe_MVP_Technical_Contract_v1.0_Pass4.json,/endpoint_catalog[14],,"{""method"": ""GET"", ""path"": ""/api/corrections"", ""auth"": ""STUDENT"", ""idempotency"": false, ""purpose"": ""Read own correction requests.""}","{""method"": ""GET"", ""path"": ""/api/corrections"", ""auth"": ""STUDENT"", ""idempotency"": false, ""purpose"": ""Read own correction requests.""}","{""method"": ""GET"", ""path"": ""/api/corrections"", ""auth"": ""STUDENT"", ""idempotency"": false, ""purpose"": ""Read own correction requests.""}",Extracted programmatically,NEW,,MEDIUM
NC-0532,Pass4,Academic_Universe_MVP_Technical_Contract_v1.0_Pass4.json,/endpoint_catalog[14]/auth,,STUDENT,STUDENT,STUDENT,Extracted programmatically,NEW,,MEDIUM
NC-0533,Pass4,Academic_Universe_MVP_Technical_Contract_v1.0_Pass4.json,/endpoint_catalog[14]/idempotency,,False,False,False,Extracted programmatically,NEW,,MEDIUM
NC-0534,Pass4,Academic_Universe_MVP_Technical_Contract_v1.0_Pass4.json,/endpoint_catalog[14]/method,,GET,GET,GET,Extracted programmatically,NEW,,MEDIUM
NC-0535,Pass4,Academic_Universe_MVP_Technical_Contract_v1.0_Pass4.json,/endpoint_catalog[14]/path,,/api/corrections,/api/corrections,/api/corrections,Extracted programmatically,NEW,,MEDIUM
NC-0536,Pass4,Academic_Universe_MVP_Technical_Contract_v1.0_Pass4.json,/endpoint_catalog[14]/purpose,,Read own correction requests.,Read own correction requests.,Read own correction requests.,Extracted programmatically,NEW,,MEDIUM
NC-0537,Pass4,Academic_Universe_MVP_Technical_Contract_v1.0_Pass4.json,/endpoint_catalog[15],,"{""method"": ""GET"", ""path"": ""/api/privacy/data-map"", ""auth"": ""STUDENT"", ""idempotency"": false, ""purpose"": ""Show stored categories, sources and control availability.""}","{""method"": ""GET"", ""path"": ""/api/privacy/data-map"", ""auth"": ""STUDENT"", ""idempotency"": false, ""purpose"": ""Show stored categories, sources and control availability.""}","{""method"": ""GET"", ""path"": ""/api/privacy/data-map"", ""auth"": ""STUDENT"", ""idempotency"": false, ""purpose"": ""Show stored categories, sources and control availability.""}",Extracted programmatically,NEW,,MEDIUM
NC-0538,Pass4,Academic_Universe_MVP_Technical_Contract_v1.0_Pass4.json,/endpoint_catalog[15]/auth,,STUDENT,STUDENT,STUDENT,Extracted programmatically,NEW,,MEDIUM
NC-0539,Pass4,Academic_Universe_MVP_Technical_Contract_v1.0_Pass4.json,/endpoint_catalog[15]/idempotency,,False,False,False,Extracted programmatically,NEW,,MEDIUM
NC-0540,Pass4,Academic_Universe_MVP_Technical_Contract_v1.0_Pass4.json,/endpoint_catalog[15]/method,,GET,GET,GET,Extracted programmatically,NEW,,MEDIUM
NC-0541,Pass4,Academic_Universe_MVP_Technical_Contract_v1.0_Pass4.json,/endpoint_catalog[15]/path,,/api/privacy/data-map,/api/privacy/data-map,/api/privacy/data-map,Extracted programmatically,NEW,,MEDIUM
NC-0542,Pass4,Academic_Universe_MVP_Technical_Contract_v1.0_Pass4.json,/endpoint_catalog[15]/purpose,,"Show stored categories, sources and control availability.","Show stored categories, sources and control availability.","Show stored categories, sources and control availability.",Extracted programmatically,NEW,,MEDIUM
NC-0543,Pass4,Academic_Universe_MVP_Technical_Contract_v1.0_Pass4.json,/endpoint_catalog[16],,"{""method"": ""POST"", ""path"": ""/api/privacy/actions"", ""auth"": ""STUDENT_REAUTH_IF_SENSITIVE"", ""idempotency"": true, ""purpose"": ""Request delete/disconnect/governance action.""}","{""method"": ""POST"", ""path"": ""/api/privacy/actions"", ""auth"": ""STUDENT_REAUTH_IF_SENSITIVE"", ""idempotency"": true, ""purpose"": ""Request delete/disconnect/governance action.""}","{""method"": ""POST"", ""path"": ""/api/privacy/actions"", ""auth"": ""STUDENT_REAUTH_IF_SENSITIVE"", ""idempotency"": true, ""purpose"": ""Request delete/disconnect/governance action.""}",Extracted programmatically,NEW,,MEDIUM
NC-0544,Pass4,Academic_Universe_MVP_Technical_Contract_v1.0_Pass4.json,/endpoint_catalog[16]/auth,,STUDENT_REAUTH_IF_SENSITIVE,STUDENT_REAUTH_IF_SENSITIVE,STUDENT_REAUTH_IF_SENSITIVE,Extracted programmatically,NEW,,MEDIUM
NC-0545,Pass4,Academic_Universe_MVP_Technical_Contract_v1.0_Pass4.json,/endpoint_catalog[16]/idempotency,,True,True,True,Extracted programmatically,NEW,,MEDIUM
NC-0546,Pass4,Academic_Universe_MVP_Technical_Contract_v1.0_Pass4.json,/endpoint_catalog[16]/method,,POST,POST,POST,Extracted programmatically,NEW,,MEDIUM
NC-0547,Pass4,Academic_Universe_MVP_Technical_Contract_v1.0_Pass4.json,/endpoint_catalog[16]/path,,/api/privacy/actions,/api/privacy/actions,/api/privacy/actions,Extracted programmatically,NEW,,MEDIUM
NC-0548,Pass4,Academic_Universe_MVP_Technical_Contract_v1.0_Pass4.json,/endpoint_catalog[16]/purpose,,Request delete/disconnect/governance action.,Request delete/disconnect/governance action.,Request delete/disconnect/governance action.,Extracted programmatically,NEW,,MEDIUM
NC-0549,Pass4,Academic_Universe_MVP_Technical_Contract_v1.0_Pass4.json,/endpoint_catalog[17],,"{""method"": ""GET"", ""path"": ""/api/academic/terms"", ""auth"": ""STUDENT"", ""idempotency"": false, ""purpose"": ""Read own terms.""}","{""method"": ""GET"", ""path"": ""/api/academic/terms"", ""auth"": ""STUDENT"", ""idempotency"": false, ""purpose"": ""Read own terms.""}","{""method"": ""GET"", ""path"": ""/api/academic/terms"", ""auth"": ""STUDENT"", ""idempotency"": false, ""purpose"": ""Read own terms.""}",Extracted programmatically,NEW,,MEDIUM
NC-0550,Pass4,Academic_Universe_MVP_Technical_Contract_v1.0_Pass4.json,/endpoint_catalog[17]/auth,,STUDENT,STUDENT,STUDENT,Extracted programmatically,NEW,,MEDIUM
NC-0551,Pass4,Academic_Universe_MVP_Technical_Contract_v1.0_Pass4.json,/endpoint_catalog[17]/idempotency,,False,False,False,Extracted programmatically,NEW,,MEDIUM
NC-0552,Pass4,Academic_Universe_MVP_Technical_Contract_v1.0_Pass4.json,/endpoint_catalog[17]/method,,GET,GET,GET,Extracted programmatically,NEW,,MEDIUM
NC-0553,Pass4,Academic_Universe_MVP_Technical_Contract_v1.0_Pass4.json,/endpoint_catalog[17]/path,,/api/academic/terms,/api/academic/terms,/api/academic/terms,Extracted programmatically,NEW,,MEDIUM
NC-0554,Pass4,Academic_Universe_MVP_Technical_Contract_v1.0_Pass4.json,/endpoint_catalog[17]/purpose,,Read own terms.,Read own terms.,Read own terms.,Extracted programmatically,NEW,,MEDIUM
NC-0555,Pass4,Academic_Universe_MVP_Technical_Contract_v1.0_Pass4.json,/endpoint_catalog[18],,"{""method"": ""GET"", ""path"": ""/api/academic/terms/:termId/subjects"", ""auth"": ""OWN_RESOURCE"", ""idempotency"": false, ""purpose"": ""Read subjects in own term.""}","{""method"": ""GET"", ""path"": ""/api/academic/terms/:termId/subjects"", ""auth"": ""OWN_RESOURCE"", ""idempotency"": false, ""purpose"": ""Read subjects in own term.""}","{""method"": ""GET"", ""path"": ""/api/academic/terms/:termId/subjects"", ""auth"": ""OWN_RESOURCE"", ""idempotency"": false, ""purpose"": ""Read subjects in own term.""}",Extracted programmatically,NEW,,MEDIUM
NC-0556,Pass4,Academic_Universe_MVP_Technical_Contract_v1.0_Pass4.json,/endpoint_catalog[18]/auth,,OWN_RESOURCE,OWN_RESOURCE,OWN_RESOURCE,Extracted programmatically,NEW,,MEDIUM
NC-0557,Pass4,Academic_Universe_MVP_Technical_Contract_v1.0_Pass4.json,/endpoint_catalog[18]/idempotency,,False,False,False,Extracted programmatically,NEW,,MEDIUM
NC-0558,Pass4,Academic_Universe_MVP_Technical_Contract_v1.0_Pass4.json,/endpoint_catalog[18]/method,,GET,GET,GET,Extracted programmatically,NEW,,MEDIUM
NC-0559,Pass4,Academic_Universe_MVP_Technical_Contract_v1.0_Pass4.json,/endpoint_catalog[18]/path,,/api/academic/terms/:termId/subjects,/api/academic/terms/:termId/subjects,/api/academic/terms/:termId/subjects,Extracted programmatically,NEW,,MEDIUM
NC-0560,Pass4,Academic_Universe_MVP_Technical_Contract_v1.0_Pass4.json,/endpoint_catalog[18]/purpose,,Read subjects in own term.,Read subjects in own term.,Read subjects in own term.,Extracted programmatically,NEW,,MEDIUM
NC-0561,Pass4,Academic_Universe_MVP_Technical_Contract_v1.0_Pass4.json,/endpoint_catalog[19],,"{""method"": ""GET"", ""path"": ""/api/academic/results"", ""auth"": ""STUDENT"", ""idempotency"": false, ""purpose"": ""Read own assessment result views.""}","{""method"": ""GET"", ""path"": ""/api/academic/results"", ""auth"": ""STUDENT"", ""idempotency"": false, ""purpose"": ""Read own assessment result views.""}","{""method"": ""GET"", ""path"": ""/api/academic/results"", ""auth"": ""STUDENT"", ""idempotency"": false, ""purpose"": ""Read own assessment result views.""}",Extracted programmatically,NEW,,MEDIUM
NC-0562,Pass4,Academic_Universe_MVP_Technical_Contract_v1.0_Pass4.json,/endpoint_catalog[19]/auth,,STUDENT,STUDENT,STUDENT,Extracted programmatically,NEW,,MEDIUM
NC-0563,Pass4,Academic_Universe_MVP_Technical_Contract_v1.0_Pass4.json,/endpoint_catalog[19]/idempotency,,False,False,False,Extracted programmatically,NEW,,MEDIUM
NC-0564,Pass4,Academic_Universe_MVP_Technical_Contract_v1.0_Pass4.json,/endpoint_catalog[19]/method,,GET,GET,GET,Extracted programmatically,NEW,,MEDIUM
NC-0565,Pass4,Academic_Universe_MVP_Technical_Contract_v1.0_Pass4.json,/endpoint_catalog[19]/path,,/api/academic/results,/api/academic/results,/api/academic/results,Extracted programmatically,NEW,,MEDIUM
NC-0566,Pass4,Academic_Universe_MVP_Technical_Contract_v1.0_Pass4.json,/endpoint_catalog[19]/purpose,,Read own assessment result views.,Read own assessment result views.,Read own assessment result views.,Extracted programmatically,NEW,,MEDIUM
NC-0567,Pass4,Academic_Universe_MVP_Technical_Contract_v1.0_Pass4.json,/endpoint_catalog[1],,"{""method"": ""GET"", ""path"": ""/api/student/profile"", ""auth"": ""STUDENT"", ""idempotency"": false, ""purpose"": ""Read own tenant-scoped profile.""}","{""method"": ""GET"", ""path"": ""/api/student/profile"", ""auth"": ""STUDENT"", ""idempotency"": false, ""purpose"": ""Read own tenant-scoped profile.""}","{""method"": ""GET"", ""path"": ""/api/student/profile"", ""auth"": ""STUDENT"", ""idempotency"": false, ""purpose"": ""Read own tenant-scoped profile.""}",Extracted programmatically,NEW,,MEDIUM
NC-0568,Pass4,Academic_Universe_MVP_Technical_Contract_v1.0_Pass4.json,/endpoint_catalog[1]/auth,,STUDENT,STUDENT,STUDENT,Extracted programmatically,NEW,,MEDIUM
NC-0569,Pass4,Academic_Universe_MVP_Technical_Contract_v1.0_Pass4.json,/endpoint_catalog[1]/idempotency,,False,False,False,Extracted programmatically,NEW,,MEDIUM
NC-0570,Pass4,Academic_Universe_MVP_Technical_Contract_v1.0_Pass4.json,/endpoint_catalog[1]/method,,GET,GET,GET,Extracted programmatically,NEW,,MEDIUM
NC-0571,Pass4,Academic_Universe_MVP_Technical_Contract_v1.0_Pass4.json,/endpoint_catalog[1]/path,,/api/student/profile,/api/student/profile,/api/student/profile,Extracted programmatically,NEW,,MEDIUM
NC-0572,Pass4,Academic_Universe_MVP_Technical_Contract_v1.0_Pass4.json,/endpoint_catalog[1]/purpose,,Read own tenant-scoped profile.,Read own tenant-scoped profile.,Read own tenant-scoped profile.,Extracted programmatically,NEW,,MEDIUM
NC-0573,Pass4,Academic_Universe_MVP_Technical_Contract_v1.0_Pass4.json,/endpoint_catalog[20],,"{""method"": ""GET"", ""path"": ""/api/academic/attendance"", ""auth"": ""STUDENT"", ""idempotency"": false, ""purpose"": ""Read own current/historical attendance views.""}","{""method"": ""GET"", ""path"": ""/api/academic/attendance"", ""auth"": ""STUDENT"", ""idempotency"": false, ""purpose"": ""Read own current/historical attendance views.""}","{""method"": ""GET"", ""path"": ""/api/academic/attendance"", ""auth"": ""STUDENT"", ""idempotency"": false, ""purpose"": ""Read own current/historical attendance views.""}",Extracted programmatically,NEW,,MEDIUM
NC-0574,Pass4,Academic_Universe_MVP_Technical_Contract_v1.0_Pass4.json,/endpoint_catalog[20]/auth,,STUDENT,STUDENT,STUDENT,Extracted programmatically,NEW,,MEDIUM
NC-0575,Pass4,Academic_Universe_MVP_Technical_Contract_v1.0_Pass4.json,/endpoint_catalog[20]/idempotency,,False,False,False,Extracted programmatically,NEW,,MEDIUM
NC-0576,Pass4,Academic_Universe_MVP_Technical_Contract_v1.0_Pass4.json,/endpoint_catalog[20]/method,,GET,GET,GET,Extracted programmatically,NEW,,MEDIUM
NC-0577,Pass4,Academic_Universe_MVP_Technical_Contract_v1.0_Pass4.json,/endpoint_catalog[20]/path,,/api/academic/attendance,/api/academic/attendance,/api/academic/attendance,Extracted programmatically,NEW,,MEDIUM
NC-0578,Pass4,Academic_Universe_MVP_Technical_Contract_v1.0_Pass4.json,/endpoint_catalog[20]/purpose,,Read own current/historical attendance views.,Read own current/historical attendance views.,Read own current/historical attendance views.,Extracted programmatically,NEW,,MEDIUM
NC-0579,Pass4,Academic_Universe_MVP_Technical_Contract_v1.0_Pass4.json,/endpoint_catalog[21],,"{""method"": ""POST"", ""path"": ""/api/mentor/query"", ""auth"": ""STUDENT"", ""idempotency"": true, ""purpose"": ""Run grounded authorization-scoped mentor query.""}","{""method"": ""POST"", ""path"": ""/api/mentor/query"", ""auth"": ""STUDENT"", ""idempotency"": true, ""purpose"": ""Run grounded authorization-scoped mentor query.""}","{""method"": ""POST"", ""path"": ""/api/mentor/query"", ""auth"": ""STUDENT"", ""idempotency"": true, ""purpose"": ""Run grounded authorization-scoped mentor query.""}",Extracted programmatically,NEW,,MEDIUM
NC-0580,Pass4,Academic_Universe_MVP_Technical_Contract_v1.0_Pass4.json,/endpoint_catalog[21]/auth,,STUDENT,STUDENT,STUDENT,Extracted programmatically,NEW,,MEDIUM
NC-0581,Pass4,Academic_Universe_MVP_Technical_Contract_v1.0_Pass4.json,/endpoint_catalog[21]/idempotency,,True,True,True,Extracted programmatically,NEW,,MEDIUM
NC-0582,Pass4,Academic_Universe_MVP_Technical_Contract_v1.0_Pass4.json,/endpoint_catalog[21]/method,,POST,POST,POST,Extracted programmatically,NEW,,MEDIUM
NC-0583,Pass4,Academic_Universe_MVP_Technical_Contract_v1.0_Pass4.json,/endpoint_catalog[21]/path,,/api/mentor/query,/api/mentor/query,/api/mentor/query,Extracted programmatically,NEW,,MEDIUM
NC-0584,Pass4,Academic_Universe_MVP_Technical_Contract_v1.0_Pass4.json,/endpoint_catalog[21]/purpose,,Run grounded authorization-scoped mentor query.,Run grounded authorization-scoped mentor query.,Run grounded authorization-scoped mentor query.,Extracted programmatically,NEW,,MEDIUM
NC-0585,Pass4,Academic_Universe_MVP_Technical_Contract_v1.0_Pass4.json,/endpoint_catalog[22],,"{""method"": ""GET"", ""path"": ""/api/mentor/threads/:threadId"", ""auth"": ""OWN_RESOURCE"", ""idempotency"": false, ""purpose"": ""Read own mentor thread safe view.""}","{""method"": ""GET"", ""path"": ""/api/mentor/threads/:threadId"", ""auth"": ""OWN_RESOURCE"", ""idempotency"": false, ""purpose"": ""Read own mentor thread safe view.""}","{""method"": ""GET"", ""path"": ""/api/mentor/threads/:threadId"", ""auth"": ""OWN_RESOURCE"", ""idempotency"": false, ""purpose"": ""Read own mentor thread safe view.""}",Extracted programmatically,NEW,,MEDIUM
NC-0586,Pass4,Academic_Universe_MVP_Technical_Contract_v1.0_Pass4.json,/endpoint_catalog[22]/auth,,OWN_RESOURCE,OWN_RESOURCE,OWN_RESOURCE,Extracted programmatically,NEW,,MEDIUM
NC-0587,Pass4,Academic_Universe_MVP_Technical_Contract_v1.0_Pass4.json,/endpoint_catalog[22]/idempotency,,False,False,False,Extracted programmatically,NEW,,MEDIUM
NC-0588,Pass4,Academic_Universe_MVP_Technical_Contract_v1.0_Pass4.json,/endpoint_catalog[22]/method,,GET,GET,GET,Extracted programmatically,NEW,,MEDIUM
NC-0589,Pass4,Academic_Universe_MVP_Technical_Contract_v1.0_Pass4.json,/endpoint_catalog[22]/path,,/api/mentor/threads/:threadId,/api/mentor/threads/:threadId,/api/mentor/threads/:threadId,Extracted programmatically,NEW,,MEDIUM
NC-0590,Pass4,Academic_Universe_MVP_Technical_Contract_v1.0_Pass4.json,/endpoint_catalog[22]/purpose,,Read own mentor thread safe view.,Read own mentor thread safe view.,Read own mentor thread safe view.,Extracted programmatically,NEW,,MEDIUM
NC-0591,Pass4,Academic_Universe_MVP_Technical_Contract_v1.0_Pass4.json,/endpoint_catalog[2],,"{""method"": ""PATCH"", ""path"": ""/api/student/profile"", ""auth"": ""STUDENT"", ""idempotency"": true, ""purpose"": ""Update permitted student-controlled fields with version check.""}","{""method"": ""PATCH"", ""path"": ""/api/student/profile"", ""auth"": ""STUDENT"", ""idempotency"": true, ""purpose"": ""Update permitted student-controlled fields with version check.""}","{""method"": ""PATCH"", ""path"": ""/api/student/profile"", ""auth"": ""STUDENT"", ""idempotency"": true, ""purpose"": ""Update permitted student-controlled fields with version check.""}",Extracted programmatically,NEW,,MEDIUM
NC-0592,Pass4,Academic_Universe_MVP_Technical_Contract_v1.0_Pass4.json,/endpoint_catalog[2]/auth,,STUDENT,STUDENT,STUDENT,Extracted programmatically,NEW,,MEDIUM
NC-0593,Pass4,Academic_Universe_MVP_Technical_Contract_v1.0_Pass4.json,/endpoint_catalog[2]/idempotency,,True,True,True,Extracted programmatically,NEW,,MEDIUM
NC-0594,Pass4,Academic_Universe_MVP_Technical_Contract_v1.0_Pass4.json,/endpoint_catalog[2]/method,,PATCH,PATCH,PATCH,Extracted programmatically,NEW,,MEDIUM
NC-0595,Pass4,Academic_Universe_MVP_Technical_Contract_v1.0_Pass4.json,/endpoint_catalog[2]/path,,/api/student/profile,/api/student/profile,/api/student/profile,Extracted programmatically,NEW,,MEDIUM
NC-0596,Pass4,Academic_Universe_MVP_Technical_Contract_v1.0_Pass4.json,/endpoint_catalog[2]/purpose,,Update permitted student-controlled fields with version check.,Update permitted student-controlled fields with version check.,Update permitted student-controlled fields with version check.,Extracted programmatically,NEW,,MEDIUM
NC-0597,Pass4,Academic_Universe_MVP_Technical_Contract_v1.0_Pass4.json,/endpoint_catalog[3],,"{""method"": ""GET"", ""path"": ""/api/onboarding/state"", ""auth"": ""STUDENT"", ""idempotency"": false, ""purpose"": ""Read onboarding state.""}","{""method"": ""GET"", ""path"": ""/api/onboarding/state"", ""auth"": ""STUDENT"", ""idempotency"": false, ""purpose"": ""Read onboarding state.""}","{""method"": ""GET"", ""path"": ""/api/onboarding/state"", ""auth"": ""STUDENT"", ""idempotency"": false, ""purpose"": ""Read onboarding state.""}",Extracted programmatically,NEW,,MEDIUM
NC-0598,Pass4,Academic_Universe_MVP_Technical_Contract_v1.0_Pass4.json,/endpoint_catalog[3]/auth,,STUDENT,STUDENT,STUDENT,Extracted programmatically,NEW,,MEDIUM
NC-0599,Pass4,Academic_Universe_MVP_Technical_Contract_v1.0_Pass4.json,/endpoint_catalog[3]/idempotency,,False,False,False,Extracted programmatically,NEW,,MEDIUM
NC-0600,Pass4,Academic_Universe_MVP_Technical_Contract_v1.0_Pass4.json,/endpoint_catalog[3]/method,,GET,GET,GET,Extracted programmatically,NEW,,MEDIUM
NC-0601,Pass4,Academic_Universe_MVP_Technical_Contract_v1.0_Pass4.json,/endpoint_catalog[3]/path,,/api/onboarding/state,/api/onboarding/state,/api/onboarding/state,Extracted programmatically,NEW,,MEDIUM
NC-0602,Pass4,Academic_Universe_MVP_Technical_Contract_v1.0_Pass4.json,/endpoint_catalog[3]/purpose,,Read onboarding state.,Read onboarding state.,Read onboarding state.,Extracted programmatically,NEW,,MEDIUM
NC-0603,Pass4,Academic_Universe_MVP_Technical_Contract_v1.0_Pass4.json,/endpoint_catalog[4],,"{""method"": ""PATCH"", ""path"": ""/api/onboarding/state"", ""auth"": ""STUDENT"", ""idempotency"": true, ""purpose"": ""Advance/dismiss permitted onboarding steps.""}","{""method"": ""PATCH"", ""path"": ""/api/onboarding/state"", ""auth"": ""STUDENT"", ""idempotency"": true, ""purpose"": ""Advance/dismiss permitted onboarding steps.""}","{""method"": ""PATCH"", ""path"": ""/api/onboarding/state"", ""auth"": ""STUDENT"", ""idempotency"": true, ""purpose"": ""Advance/dismiss permitted onboarding steps.""}",Extracted programmatically,NEW,,MEDIUM
NC-0604,Pass4,Academic_Universe_MVP_Technical_Contract_v1.0_Pass4.json,/endpoint_catalog[4]/auth,,STUDENT,STUDENT,STUDENT,Extracted programmatically,NEW,,MEDIUM
NC-0605,Pass4,Academic_Universe_MVP_Technical_Contract_v1.0_Pass4.json,/endpoint_catalog[4]/idempotency,,True,True,True,Extracted programmatically,NEW,,MEDIUM
NC-0606,Pass4,Academic_Universe_MVP_Technical_Contract_v1.0_Pass4.json,/endpoint_catalog[4]/method,,PATCH,PATCH,PATCH,Extracted programmatically,NEW,,MEDIUM
NC-0607,Pass4,Academic_Universe_MVP_Technical_Contract_v1.0_Pass4.json,/endpoint_catalog[4]/path,,/api/onboarding/state,/api/onboarding/state,/api/onboarding/state,Extracted programmatically,NEW,,MEDIUM
NC-0608,Pass4,Academic_Universe_MVP_Technical_Contract_v1.0_Pass4.json,/endpoint_catalog[4]/purpose,,Advance/dismiss permitted onboarding steps.,Advance/dismiss permitted onboarding steps.,Advance/dismiss permitted onboarding steps.,Extracted programmatically,NEW,,MEDIUM
NC-0609,Pass4,Academic_Universe_MVP_Technical_Contract_v1.0_Pass4.json,/endpoint_catalog[5],,"{""method"": ""POST"", ""path"": ""/api/uploads"", ""auth"": ""STUDENT"", ""idempotency"": true, ""purpose"": ""Create validated document upload intent/record.""}","{""method"": ""POST"", ""path"": ""/api/uploads"", ""auth"": ""STUDENT"", ""idempotency"": true, ""purpose"": ""Create validated document upload intent/record.""}","{""method"": ""POST"", ""path"": ""/api/uploads"", ""auth"": ""STUDENT"", ""idempotency"": true, ""purpose"": ""Create validated document upload intent/record.""}",Extracted programmatically,NEW,,MEDIUM
NC-0610,Pass4,Academic_Universe_MVP_Technical_Contract_v1.0_Pass4.json,/endpoint_catalog[5]/auth,,STUDENT,STUDENT,STUDENT,Extracted programmatically,NEW,,MEDIUM
NC-0611,Pass4,Academic_Universe_MVP_Technical_Contract_v1.0_Pass4.json,/endpoint_catalog[5]/idempotency,,True,True,True,Extracted programmatically,NEW,,MEDIUM
NC-0612,Pass4,Academic_Universe_MVP_Technical_Contract_v1.0_Pass4.json,/endpoint_catalog[5]/method,,POST,POST,POST,Extracted programmatically,NEW,,MEDIUM
NC-0613,Pass4,Academic_Universe_MVP_Technical_Contract_v1.0_Pass4.json,/endpoint_catalog[5]/path,,/api/uploads,/api/uploads,/api/uploads,Extracted programmatically,NEW,,MEDIUM
NC-0614,Pass4,Academic_Universe_MVP_Technical_Contract_v1.0_Pass4.json,/endpoint_catalog[5]/purpose,,Create validated document upload intent/record.,Create validated document upload intent/record.,Create validated document upload intent/record.,Extracted programmatically,NEW,,MEDIUM
NC-0615,Pass4,Academic_Universe_MVP_Technical_Contract_v1.0_Pass4.json,/endpoint_catalog[6],,"{""method"": ""GET"", ""path"": ""/api/uploads/:documentId"", ""auth"": ""OWN_RESOURCE"", ""idempotency"": false, ""purpose"": ""Read document processing state.""}","{""method"": ""GET"", ""path"": ""/api/uploads/:documentId"", ""auth"": ""OWN_RESOURCE"", ""idempotency"": false, ""purpose"": ""Read document processing state.""}","{""method"": ""GET"", ""path"": ""/api/uploads/:documentId"", ""auth"": ""OWN_RESOURCE"", ""idempotency"": false, ""purpose"": ""Read document processing state.""}",Extracted programmatically,NEW,,MEDIUM
NC-0616,Pass4,Academic_Universe_MVP_Technical_Contract_v1.0_Pass4.json,/endpoint_catalog[6]/auth,,OWN_RESOURCE,OWN_RESOURCE,OWN_RESOURCE,Extracted programmatically,NEW,,MEDIUM
NC-0617,Pass4,Academic_Universe_MVP_Technical_Contract_v1.0_Pass4.json,/endpoint_catalog[6]/idempotency,,False,False,False,Extracted programmatically,NEW,,MEDIUM
NC-0618,Pass4,Academic_Universe_MVP_Technical_Contract_v1.0_Pass4.json,/endpoint_catalog[6]/method,,GET,GET,GET,Extracted programmatically,NEW,,MEDIUM
NC-0619,Pass4,Academic_Universe_MVP_Technical_Contract_v1.0_Pass4.json,/endpoint_catalog[6]/path,,/api/uploads/:documentId,/api/uploads/:documentId,/api/uploads/:documentId,Extracted programmatically,NEW,,MEDIUM
NC-0620,Pass4,Academic_Universe_MVP_Technical_Contract_v1.0_Pass4.json,/endpoint_catalog[6]/purpose,,Read document processing state.,Read document processing state.,Read document processing state.,Extracted programmatically,NEW,,MEDIUM
NC-0621,Pass4,Academic_Universe_MVP_Technical_Contract_v1.0_Pass4.json,/endpoint_catalog[7],,"{""method"": ""GET"", ""path"": ""/api/uploads/:documentId/candidates"", ""auth"": ""OWN_RESOURCE"", ""idempotency"": false, ""purpose"": ""Read candidate facts and review session.""}","{""method"": ""GET"", ""path"": ""/api/uploads/:documentId/candidates"", ""auth"": ""OWN_RESOURCE"", ""idempotency"": false, ""purpose"": ""Read candidate facts and review session.""}","{""method"": ""GET"", ""path"": ""/api/uploads/:documentId/candidates"", ""auth"": ""OWN_RESOURCE"", ""idempotency"": false, ""purpose"": ""Read candidate facts and review session.""}",Extracted programmatically,NEW,,MEDIUM
NC-0622,Pass4,Academic_Universe_MVP_Technical_Contract_v1.0_Pass4.json,/endpoint_catalog[7]/auth,,OWN_RESOURCE,OWN_RESOURCE,OWN_RESOURCE,Extracted programmatically,NEW,,MEDIUM
NC-0623,Pass4,Academic_Universe_MVP_Technical_Contract_v1.0_Pass4.json,/endpoint_catalog[7]/idempotency,,False,False,False,Extracted programmatically,NEW,,MEDIUM
NC-0624,Pass4,Academic_Universe_MVP_Technical_Contract_v1.0_Pass4.json,/endpoint_catalog[7]/method,,GET,GET,GET,Extracted programmatically,NEW,,MEDIUM
NC-0625,Pass4,Academic_Universe_MVP_Technical_Contract_v1.0_Pass4.json,/endpoint_catalog[7]/path,,/api/uploads/:documentId/candidates,/api/uploads/:documentId/candidates,/api/uploads/:documentId/candidates,Extracted programmatically,NEW,,MEDIUM
NC-0626,Pass4,Academic_Universe_MVP_Technical_Contract_v1.0_Pass4.json,/endpoint_catalog[7]/purpose,,Read candidate facts and review session.,Read candidate facts and review session.,Read candidate facts and review session.,Extracted programmatically,NEW,,MEDIUM
NC-0627,Pass4,Academic_Universe_MVP_Technical_Contract_v1.0_Pass4.json,/endpoint_catalog[8],,"{""method"": ""POST"", ""path"": ""/api/reviews/:reviewSessionId/submit"", ""auth"": ""OWN_RESOURCE"", ""idempotency"": true, ""purpose"": ""Atomically confirm/edit/reject candidate facts.""}","{""method"": ""POST"", ""path"": ""/api/reviews/:reviewSessionId/submit"", ""auth"": ""OWN_RESOURCE"", ""idempotency"": true, ""purpose"": ""Atomically confirm/edit/reject candidate facts.""}","{""method"": ""POST"", ""path"": ""/api/reviews/:reviewSessionId/submit"", ""auth"": ""OWN_RESOURCE"", ""idempotency"": true, ""purpose"": ""Atomically confirm/edit/reject candidate facts.""}",Extracted programmatically,NEW,,MEDIUM
NC-0628,Pass4,Academic_Universe_MVP_Technical_Contract_v1.0_Pass4.json,/endpoint_catalog[8]/auth,,OWN_RESOURCE,OWN_RESOURCE,OWN_RESOURCE,Extracted programmatically,NEW,,MEDIUM
NC-0629,Pass4,Academic_Universe_MVP_Technical_Contract_v1.0_Pass4.json,/endpoint_catalog[8]/idempotency,,True,True,True,Extracted programmatically,NEW,,MEDIUM
NC-0630,Pass4,Academic_Universe_MVP_Technical_Contract_v1.0_Pass4.json,/endpoint_catalog[8]/method,,POST,POST,POST,Extracted programmatically,NEW,,MEDIUM
NC-0631,Pass4,Academic_Universe_MVP_Technical_Contract_v1.0_Pass4.json,/endpoint_catalog[8]/path,,/api/reviews/:reviewSessionId/submit,/api/reviews/:reviewSessionId/submit,/api/reviews/:reviewSessionId/submit,Extracted programmatically,NEW,,MEDIUM
NC-0632,Pass4,Academic_Universe_MVP_Technical_Contract_v1.0_Pass4.json,/endpoint_catalog[8]/purpose,,Atomically confirm/edit/reject candidate facts.,Atomically confirm/edit/reject candidate facts.,Atomically confirm/edit/reject candidate facts.,Extracted programmatically,NEW,,MEDIUM
NC-0633,Pass4,Academic_Universe_MVP_Technical_Contract_v1.0_Pass4.json,/endpoint_catalog[9],,"{""method"": ""GET"", ""path"": ""/api/facts"", ""auth"": ""STUDENT"", ""idempotency"": false, ""purpose"": ""Query safe canonical fact views with bounded filters.""}","{""method"": ""GET"", ""path"": ""/api/facts"", ""auth"": ""STUDENT"", ""idempotency"": false, ""purpose"": ""Query safe canonical fact views with bounded filters.""}","{""method"": ""GET"", ""path"": ""/api/facts"", ""auth"": ""STUDENT"", ""idempotency"": false, ""purpose"": ""Query safe canonical fact views with bounded filters.""}",Extracted programmatically,NEW,,MEDIUM
NC-0634,Pass4,Academic_Universe_MVP_Technical_Contract_v1.0_Pass4.json,/endpoint_catalog[9]/auth,,STUDENT,STUDENT,STUDENT,Extracted programmatically,NEW,,MEDIUM
NC-0635,Pass4,Academic_Universe_MVP_Technical_Contract_v1.0_Pass4.json,/endpoint_catalog[9]/idempotency,,False,False,False,Extracted programmatically,NEW,,MEDIUM
NC-0636,Pass4,Academic_Universe_MVP_Technical_Contract_v1.0_Pass4.json,/endpoint_catalog[9]/method,,GET,GET,GET,Extracted programmatically,NEW,,MEDIUM
NC-0637,Pass4,Academic_Universe_MVP_Technical_Contract_v1.0_Pass4.json,/endpoint_catalog[9]/path,,/api/facts,/api/facts,/api/facts,Extracted programmatically,NEW,,MEDIUM
NC-0638,Pass4,Academic_Universe_MVP_Technical_Contract_v1.0_Pass4.json,/endpoint_catalog[9]/purpose,,Query safe canonical fact views with bounded filters.,Query safe canonical fact views with bounded filters.,Query safe canonical fact views with bounded filters.,Extracted programmatically,NEW,,MEDIUM
NC-0644,Pass4,Academic_Universe_MVP_Technical_Contract_v1.0_Pass4.json,/idempotency_contract,,"{""header"": ""Idempotency-Key"", ""scope"": ""organizationId + authenticated userId + route contract + key"", ""rules"": [""Required for externally retryable mutation endpoints marked idempotent."", ""Same key + same normalized request fingerprint returns prior committed response."", ""Same key + different fingerprint returns 409 IDEMPOTENCY_CONFLICT."", ""Keys have documented retention; expiry never changes already committed domain truth."", ""Do not use idempotency keys as authorization tokens."", ""Async jobs derive stable dedupe keys from immutable resource/version identity.""]}","{""header"": ""Idempotency-Key"", ""scope"": ""organizationId + authenticated userId + route contract + key"", ""rules"": [""Required for externally retryable mutation endpoints marked idempotent."", ""Same key + same normalized request fingerprint returns prior committed response."", ""Same key + different fingerprint returns 409 IDEMPOTENCY_CONFLICT."", ""Keys have documented retention; expiry never changes already committed domain truth."", ""Do not use idempotency keys as authorization tokens."", ""Async jobs derive stable dedupe keys from immutable resource/version identity.""]}","{""header"": ""Idempotency-Key"", ""scope"": ""organizationId + authenticated userId + route contract + key"", ""rules"": [""Required for externally retryable mutation endpoints marked idempotent."", ""Same key + ",Extracted programmatically,NEW,,MEDIUM
NC-0645,Pass4,Academic_Universe_MVP_Technical_Contract_v1.0_Pass4.json,/idempotency_contract/header,,Idempotency-Key,Idempotency-Key,Idempotency-Key,Extracted programmatically,NEW,,MEDIUM
NC-0646,Pass4,Academic_Universe_MVP_Technical_Contract_v1.0_Pass4.json,/idempotency_contract/rules[0],,Required for externally retryable mutation endpoints marked idempotent.,Required for externally retryable mutation endpoints marked idempotent.,Required for externally retryable mutation endpoints marked idempotent.,Extracted programmatically,NEW,,MEDIUM
NC-0647,Pass4,Academic_Universe_MVP_Technical_Contract_v1.0_Pass4.json,/idempotency_contract/rules[1],,Same key + same normalized request fingerprint returns prior committed response.,Same key + same normalized request fingerprint returns prior committed response.,Same key + same normalized request fingerprint returns prior committed response.,Extracted programmatically,NEW,,MEDIUM
NC-0648,Pass4,Academic_Universe_MVP_Technical_Contract_v1.0_Pass4.json,/idempotency_contract/rules[2],,Same key + different fingerprint returns 409 IDEMPOTENCY_CONFLICT.,Same key + different fingerprint returns 409 IDEMPOTENCY_CONFLICT.,Same key + different fingerprint returns 409 IDEMPOTENCY_CONFLICT.,Extracted programmatically,NEW,,MEDIUM
NC-0649,Pass4,Academic_Universe_MVP_Technical_Contract_v1.0_Pass4.json,/idempotency_contract/rules[3],,Keys have documented retention; expiry never changes already committed domain truth.,Keys have documented retention; expiry never changes already committed domain truth.,Keys have documented retention; expiry never changes already committed domain truth.,Extracted programmatically,NEW,,MEDIUM
NC-0650,Pass4,Academic_Universe_MVP_Technical_Contract_v1.0_Pass4.json,/idempotency_contract/rules[4],,Do not use idempotency keys as authorization tokens.,Do not use idempotency keys as authorization tokens.,Do not use idempotency keys as authorization tokens.,Extracted programmatically,NEW,,MEDIUM
NC-0651,Pass4,Academic_Universe_MVP_Technical_Contract_v1.0_Pass4.json,/idempotency_contract/rules[5],,Async jobs derive stable dedupe keys from immutable resource/version identity.,Async jobs derive stable dedupe keys from immutable resource/version identity.,Async jobs derive stable dedupe keys from immutable resource/version identity.,Extracted programmatically,NEW,,MEDIUM
NC-0652,Pass4,Academic_Universe_MVP_Technical_Contract_v1.0_Pass4.json,/idempotency_contract/scope,,organizationId + authenticated userId + route contract + key,organizationId + authenticated userId + route contract + key,organizationId + authenticated userId + route contract + key,Extracted programmatically,NEW,,MEDIUM
NC-0653,Pass4,Academic_Universe_MVP_Technical_Contract_v1.0_Pass4.json,/scope_note,,Proposed implementation contracts derived from frozen MVP principles; not claimed as historical approvals.,Proposed implementation contracts derived from frozen MVP principles; not claimed as historical approvals.,Proposed implementation contracts derived from frozen MVP principles; not claimed as historical approvals.,Extracted programmatically,NEW,,MEDIUM
NC-0654,Pass4,Academic_Universe_MVP_Technical_Contract_v1.0_Pass4.json,/sprint_acceptance_tests,,"{""Sprint 0"": [""Inventory existing routes, schemas, auth middleware, Firestore collections, Cloudinary flows and AI calls."", ""Every component receives KEEP/REFACTOR/REPLACE/DEFER with evidence and owner.""], ""Sprint 1"": [""Cross-tenant guessed-ID GET returns 404/403 without leakage."", ""Body/query/header organizationId tampering cannot switch scope."", ""Tenant-owned repository call without TenantContext is impossible by interface.""], ""Sprint 2"": [""Fresh login on second device restores profile/onboarding state."", ""Incomplete profile remains valid."", ""Optimistic version conflict returns 409.""], ""Sprint 3"": [""Unsupported MIME rejected."", ""Duplicate retry with same idempotency key does not create second Document."", ""Extraction failure never creates canonical Fact."", ""Candidate facts require review.""], ""Sprint 4"": [""Every MVP academic Fact has provenance."", ""Unknown freshness remains UNKNOWN."", ""Stale fact is distinguishable from missing fact.""], ""Sprint 5"": [""Conflicting candidate does not silently overwrite canonical fact."", ""Correction cannot target another user's fact."", ""Sensitive privacy action requires explicit confirmation/re-auth policy."", ""Deletion purges authorized projections/indexes/caches according to lifecycle.""], ""Sprint 6"": [""Marksheet upload maps reviewed subjects/results to correct term."", ""Missing maxScore does not default to 100."", ""Aggregate attendance is not guessed as subject attendance.""], ""Sprint 7"": [""Missing data prompt distinguishes unknown from zero."", ""Dismissed prompt persists."", ""No spam loop after dismissal.""], ""Sprint 8"": [""No evidence returns INSUFFICIENT_DATA."", ""Unresolved conflict returns CONFLICTED or explicit disclosure."", ""Stale evidence is disclosed."", ""Semantic retrieval cannot cross tenant."", ""CandidateFact is excluded from settled factual answer.""], ""Sprint 9"": [""Rate limits, retry, idempotency, observability and backup/recovery drills pass."", ""Critical journey passes on mobile and fresh session."", ""Security regression suite passes before release.""]}","{""Sprint 0"": [""Inventory existing routes, schemas, auth middleware, Firestore collections, Cloudinary flows and AI calls."", ""Every component receives KEEP/REFACTOR/REPLACE/DEFER with evidence and owner.""], ""Sprint 1"": [""Cross-tenant guessed-ID GET returns 404/403 without leakage."", ""Body/query/header organizationId tampering cannot switch scope."", ""Tenant-owned repository call without TenantContext is impossible by interface.""], ""Sprint 2"": [""Fresh login on second device restores profile/onboarding state."", ""Incomplete profile remains valid."", ""Optimistic version conflict returns 409.""], ""Sprint 3"": [""Unsupported MIME rejected."", ""Duplicate retry with same idempotency key does not create second Document."", ""Extraction failure never creates canonical Fact."", ""Candidate facts require review.""], ""Sprint 4"": [""Every MVP academic Fact has provenance."", ""Unknown freshness remains UNKNOWN."", ""Stale fact is distinguishable from missing fact.""], ""Sprint 5"": [""Conflicting candidate does not silently overwrite canonical fact."", ""Correction cannot target another user's fact."", ""Sensitive privacy action requires explicit confirmation/re-auth policy."", ""Deletion purges authorized projections/indexes/caches according to lifecycle.""], ""Sprint 6"": [""Marksheet upload maps reviewed subjects/results to correct term."", ""Missing maxScore does not default to 100."", ""Aggregate attendance is not guessed as subject attendance.""], ""Sprint 7"": [""Missing data prompt distinguishes unknown from zero."", ""Dismissed prompt persists."", ""No spam loop after dismissal.""], ""Sprint 8"": [""No evidence returns INSUFFICIENT_DATA."", ""Unresolved conflict returns CONFLICTED or explicit disclosure."", ""Stale evidence is disclosed."", ""Semantic retrieval cannot cross tenant."", ""CandidateFact is excluded from settled factual answer.""], ""Sprint 9"": [""Rate limits, retry, idempotency, observability and backup/recovery drills pass."", ""Critical journey passes on mobile and fresh session."", ""Security regression suite passes before release.""]}","{""Sprint 0"": [""Inventory existing routes, schemas, auth middleware, Firestore collections, Cloudinary flows and AI calls."", ""Every component receives KEEP/REFACTOR/REPLACE/DEFER with evidence and owne",Extracted programmatically,NEW,,MEDIUM
NC-0655,Pass4,Academic_Universe_MVP_Technical_Contract_v1.0_Pass4.json,/sprint_acceptance_tests/Sprint 0[0],,"Inventory existing routes, schemas, auth middleware, Firestore collections, Cloudinary flows and AI calls.","Inventory existing routes, schemas, auth middleware, Firestore collections, Cloudinary flows and AI calls.","Inventory existing routes, schemas, auth middleware, Firestore collections, Cloudinary flows and AI calls.",Extracted programmatically,NEW,,MEDIUM
NC-0656,Pass4,Academic_Universe_MVP_Technical_Contract_v1.0_Pass4.json,/sprint_acceptance_tests/Sprint 0[1],,Every component receives KEEP/REFACTOR/REPLACE/DEFER with evidence and owner.,Every component receives KEEP/REFACTOR/REPLACE/DEFER with evidence and owner.,Every component receives KEEP/REFACTOR/REPLACE/DEFER with evidence and owner.,Extracted programmatically,NEW,,MEDIUM
NC-0657,Pass4,Academic_Universe_MVP_Technical_Contract_v1.0_Pass4.json,/sprint_acceptance_tests/Sprint 1[0],,Cross-tenant guessed-ID GET returns 404/403 without leakage.,Cross-tenant guessed-ID GET returns 404/403 without leakage.,Cross-tenant guessed-ID GET returns 404/403 without leakage.,Extracted programmatically,NEW,,MEDIUM
NC-0658,Pass4,Academic_Universe_MVP_Technical_Contract_v1.0_Pass4.json,/sprint_acceptance_tests/Sprint 1[1],,Body/query/header organizationId tampering cannot switch scope.,Body/query/header organizationId tampering cannot switch scope.,Body/query/header organizationId tampering cannot switch scope.,Extracted programmatically,NEW,,MEDIUM
NC-0659,Pass4,Academic_Universe_MVP_Technical_Contract_v1.0_Pass4.json,/sprint_acceptance_tests/Sprint 1[2],,Tenant-owned repository call without TenantContext is impossible by interface.,Tenant-owned repository call without TenantContext is impossible by interface.,Tenant-owned repository call without TenantContext is impossible by interface.,Extracted programmatically,NEW,,MEDIUM
NC-0660,Pass4,Academic_Universe_MVP_Technical_Contract_v1.0_Pass4.json,/sprint_acceptance_tests/Sprint 2[0],,Fresh login on second device restores profile/onboarding state.,Fresh login on second device restores profile/onboarding state.,Fresh login on second device restores profile/onboarding state.,Extracted programmatically,NEW,,MEDIUM
NC-0661,Pass4,Academic_Universe_MVP_Technical_Contract_v1.0_Pass4.json,/sprint_acceptance_tests/Sprint 2[1],,Incomplete profile remains valid.,Incomplete profile remains valid.,Incomplete profile remains valid.,Extracted programmatically,NEW,,MEDIUM
NC-0662,Pass4,Academic_Universe_MVP_Technical_Contract_v1.0_Pass4.json,/sprint_acceptance_tests/Sprint 2[2],,Optimistic version conflict returns 409.,Optimistic version conflict returns 409.,Optimistic version conflict returns 409.,Extracted programmatically,NEW,,MEDIUM
NC-0663,Pass4,Academic_Universe_MVP_Technical_Contract_v1.0_Pass4.json,/sprint_acceptance_tests/Sprint 3[0],,Unsupported MIME rejected.,Unsupported MIME rejected.,Unsupported MIME rejected.,Extracted programmatically,NEW,,MEDIUM
NC-0664,Pass4,Academic_Universe_MVP_Technical_Contract_v1.0_Pass4.json,/sprint_acceptance_tests/Sprint 3[1],,Duplicate retry with same idempotency key does not create second Document.,Duplicate retry with same idempotency key does not create second Document.,Duplicate retry with same idempotency key does not create second Document.,Extracted programmatically,NEW,,MEDIUM
NC-0665,Pass4,Academic_Universe_MVP_Technical_Contract_v1.0_Pass4.json,/sprint_acceptance_tests/Sprint 3[2],,Extraction failure never creates canonical Fact.,Extraction failure never creates canonical Fact.,Extraction failure never creates canonical Fact.,Extracted programmatically,NEW,,MEDIUM
NC-0666,Pass4,Academic_Universe_MVP_Technical_Contract_v1.0_Pass4.json,/sprint_acceptance_tests/Sprint 3[3],,Candidate facts require review.,Candidate facts require review.,Candidate facts require review.,Extracted programmatically,NEW,,MEDIUM
NC-0667,Pass4,Academic_Universe_MVP_Technical_Contract_v1.0_Pass4.json,/sprint_acceptance_tests/Sprint 4[0],,Every MVP academic Fact has provenance.,Every MVP academic Fact has provenance.,Every MVP academic Fact has provenance.,Extracted programmatically,NEW,,MEDIUM
NC-0668,Pass4,Academic_Universe_MVP_Technical_Contract_v1.0_Pass4.json,/sprint_acceptance_tests/Sprint 4[1],,Unknown freshness remains UNKNOWN.,Unknown freshness remains UNKNOWN.,Unknown freshness remains UNKNOWN.,Extracted programmatically,NEW,,MEDIUM
NC-0669,Pass4,Academic_Universe_MVP_Technical_Contract_v1.0_Pass4.json,/sprint_acceptance_tests/Sprint 4[2],,Stale fact is distinguishable from missing fact.,Stale fact is distinguishable from missing fact.,Stale fact is distinguishable from missing fact.,Extracted programmatically,NEW,,MEDIUM
NC-0670,Pass4,Academic_Universe_MVP_Technical_Contract_v1.0_Pass4.json,/sprint_acceptance_tests/Sprint 5[0],,Conflicting candidate does not silently overwrite canonical fact.,Conflicting candidate does not silently overwrite canonical fact.,Conflicting candidate does not silently overwrite canonical fact.,Extracted programmatically,NEW,,MEDIUM
NC-0671,Pass4,Academic_Universe_MVP_Technical_Contract_v1.0_Pass4.json,/sprint_acceptance_tests/Sprint 5[1],,Correction cannot target another user's fact.,Correction cannot target another user's fact.,Correction cannot target another user's fact.,Extracted programmatically,NEW,,MEDIUM
NC-0672,Pass4,Academic_Universe_MVP_Technical_Contract_v1.0_Pass4.json,/sprint_acceptance_tests/Sprint 5[2],,Sensitive privacy action requires explicit confirmation/re-auth policy.,Sensitive privacy action requires explicit confirmation/re-auth policy.,Sensitive privacy action requires explicit confirmation/re-auth policy.,Extracted programmatically,NEW,,MEDIUM
NC-0673,Pass4,Academic_Universe_MVP_Technical_Contract_v1.0_Pass4.json,/sprint_acceptance_tests/Sprint 5[3],,Deletion purges authorized projections/indexes/caches according to lifecycle.,Deletion purges authorized projections/indexes/caches according to lifecycle.,Deletion purges authorized projections/indexes/caches according to lifecycle.,Extracted programmatically,NEW,,MEDIUM
NC-0674,Pass4,Academic_Universe_MVP_Technical_Contract_v1.0_Pass4.json,/sprint_acceptance_tests/Sprint 6[0],,Marksheet upload maps reviewed subjects/results to correct term.,Marksheet upload maps reviewed subjects/results to correct term.,Marksheet upload maps reviewed subjects/results to correct term.,Extracted programmatically,NEW,,MEDIUM
NC-0675,Pass4,Academic_Universe_MVP_Technical_Contract_v1.0_Pass4.json,/sprint_acceptance_tests/Sprint 6[1],,Missing maxScore does not default to 100.,Missing maxScore does not default to 100.,Missing maxScore does not default to 100.,Extracted programmatically,NEW,,MEDIUM
NC-0676,Pass4,Academic_Universe_MVP_Technical_Contract_v1.0_Pass4.json,/sprint_acceptance_tests/Sprint 6[2],,Aggregate attendance is not guessed as subject attendance.,Aggregate attendance is not guessed as subject attendance.,Aggregate attendance is not guessed as subject attendance.,Extracted programmatically,NEW,,MEDIUM
NC-0677,Pass4,Academic_Universe_MVP_Technical_Contract_v1.0_Pass4.json,/sprint_acceptance_tests/Sprint 7[0],,Missing data prompt distinguishes unknown from zero.,Missing data prompt distinguishes unknown from zero.,Missing data prompt distinguishes unknown from zero.,Extracted programmatically,NEW,,MEDIUM
NC-0678,Pass4,Academic_Universe_MVP_Technical_Contract_v1.0_Pass4.json,/sprint_acceptance_tests/Sprint 7[1],,Dismissed prompt persists.,Dismissed prompt persists.,Dismissed prompt persists.,Extracted programmatically,NEW,,MEDIUM
NC-0679,Pass4,Academic_Universe_MVP_Technical_Contract_v1.0_Pass4.json,/sprint_acceptance_tests/Sprint 7[2],,No spam loop after dismissal.,No spam loop after dismissal.,No spam loop after dismissal.,Extracted programmatically,NEW,,MEDIUM
NC-0680,Pass4,Academic_Universe_MVP_Technical_Contract_v1.0_Pass4.json,/sprint_acceptance_tests/Sprint 8[0],,No evidence returns INSUFFICIENT_DATA.,No evidence returns INSUFFICIENT_DATA.,No evidence returns INSUFFICIENT_DATA.,Extracted programmatically,NEW,,MEDIUM
NC-0681,Pass4,Academic_Universe_MVP_Technical_Contract_v1.0_Pass4.json,/sprint_acceptance_tests/Sprint 8[1],,Unresolved conflict returns CONFLICTED or explicit disclosure.,Unresolved conflict returns CONFLICTED or explicit disclosure.,Unresolved conflict returns CONFLICTED or explicit disclosure.,Extracted programmatically,NEW,,MEDIUM
NC-0682,Pass4,Academic_Universe_MVP_Technical_Contract_v1.0_Pass4.json,/sprint_acceptance_tests/Sprint 8[2],,Stale evidence is disclosed.,Stale evidence is disclosed.,Stale evidence is disclosed.,Extracted programmatically,NEW,,MEDIUM
NC-0683,Pass4,Academic_Universe_MVP_Technical_Contract_v1.0_Pass4.json,/sprint_acceptance_tests/Sprint 8[3],,Semantic retrieval cannot cross tenant.,Semantic retrieval cannot cross tenant.,Semantic retrieval cannot cross tenant.,Extracted programmatically,NEW,,MEDIUM
NC-0684,Pass4,Academic_Universe_MVP_Technical_Contract_v1.0_Pass4.json,/sprint_acceptance_tests/Sprint 8[4],,CandidateFact is excluded from settled factual answer.,CandidateFact is excluded from settled factual answer.,CandidateFact is excluded from settled factual answer.,Extracted programmatically,NEW,,MEDIUM
NC-0685,Pass4,Academic_Universe_MVP_Technical_Contract_v1.0_Pass4.json,/sprint_acceptance_tests/Sprint 9[0],,"Rate limits, retry, idempotency, observability and backup/recovery drills pass.","Rate limits, retry, idempotency, observability and backup/recovery drills pass.","Rate limits, retry, idempotency, observability and backup/recovery drills pass.",Extracted programmatically,NEW,,MEDIUM
NC-0686,Pass4,Academic_Universe_MVP_Technical_Contract_v1.0_Pass4.json,/sprint_acceptance_tests/Sprint 9[1],,Critical journey passes on mobile and fresh session.,Critical journey passes on mobile and fresh session.,Critical journey passes on mobile and fresh session.,Extracted programmatically,NEW,,MEDIUM
NC-0687,Pass4,Academic_Universe_MVP_Technical_Contract_v1.0_Pass4.json,/sprint_acceptance_tests/Sprint 9[2],,Security regression suite passes before release.,Security regression suite passes before release.,Security regression suite passes before release.,Extracted programmatically,NEW,,MEDIUM
NC-0688,Pass4,Academic_Universe_MVP_Technical_Contract_v1.0_Pass4.json,/transactional_outbox,,"{""pattern"": ""MongoDB transaction + transactional outbox record; asynchronous dispatcher publishes after commit."", ""events"": [""DocumentUploaded.v1"", ""DocumentAccepted.v1"", ""ExtractionRequested.v1"", ""ExtractionCompleted.v1"", ""ReviewSubmitted.v1"", ""FactCanonicalized.v1"", ""ConflictDetected.v1"", ""ConflictResolved.v1"", ""CorrectionRequested.v1"", ""CorrectionApplied.v1"", ""PrivacyActionRequested.v1"", ""DeletionScopeFrozen.v1"", ""DeletionCompleted.v1"", ""MentorQueryCompleted.v1""], ""rules"": [""Domain mutation and outbox insert share transaction when both are in MongoDB."", ""Consumers are idempotent."", ""Event payloads carry organizationId, eventId, occurredAt, schemaVersion, aggregate identity."", ""Do not place raw document bytes, secrets, OAuth tokens, or unrestricted mentor content in events."", ""Event version changes are explicit; consumers must not infer shape by deployment date.""]}","{""pattern"": ""MongoDB transaction + transactional outbox record; asynchronous dispatcher publishes after commit."", ""events"": [""DocumentUploaded.v1"", ""DocumentAccepted.v1"", ""ExtractionRequested.v1"", ""ExtractionCompleted.v1"", ""ReviewSubmitted.v1"", ""FactCanonicalized.v1"", ""ConflictDetected.v1"", ""ConflictResolved.v1"", ""CorrectionRequested.v1"", ""CorrectionApplied.v1"", ""PrivacyActionRequested.v1"", ""DeletionScopeFrozen.v1"", ""DeletionCompleted.v1"", ""MentorQueryCompleted.v1""], ""rules"": [""Domain mutation and outbox insert share transaction when both are in MongoDB."", ""Consumers are idempotent."", ""Event payloads carry organizationId, eventId, occurredAt, schemaVersion, aggregate identity."", ""Do not place raw document bytes, secrets, OAuth tokens, or unrestricted mentor content in events."", ""Event version changes are explicit; consumers must not infer shape by deployment date.""]}","{""pattern"": ""MongoDB transaction + transactional outbox record; asynchronous dispatcher publishes after commit."", ""events"": [""DocumentUploaded.v1"", ""DocumentAccepted.v1"", ""ExtractionRequested.v1"", ""Ex",Extracted programmatically,NEW,,MEDIUM
NC-0689,Pass4,Academic_Universe_MVP_Technical_Contract_v1.0_Pass4.json,/transactional_outbox/events[0],,DocumentUploaded.v1,DocumentUploaded.v1,DocumentUploaded.v1,Extracted programmatically,NEW,,MEDIUM
NC-0690,Pass4,Academic_Universe_MVP_Technical_Contract_v1.0_Pass4.json,/transactional_outbox/events[10],,PrivacyActionRequested.v1,PrivacyActionRequested.v1,PrivacyActionRequested.v1,Extracted programmatically,NEW,,MEDIUM
NC-0691,Pass4,Academic_Universe_MVP_Technical_Contract_v1.0_Pass4.json,/transactional_outbox/events[11],,DeletionScopeFrozen.v1,DeletionScopeFrozen.v1,DeletionScopeFrozen.v1,Extracted programmatically,NEW,,MEDIUM
NC-0692,Pass4,Academic_Universe_MVP_Technical_Contract_v1.0_Pass4.json,/transactional_outbox/events[12],,DeletionCompleted.v1,DeletionCompleted.v1,DeletionCompleted.v1,Extracted programmatically,NEW,,MEDIUM
NC-0693,Pass4,Academic_Universe_MVP_Technical_Contract_v1.0_Pass4.json,/transactional_outbox/events[13],,MentorQueryCompleted.v1,MentorQueryCompleted.v1,MentorQueryCompleted.v1,Extracted programmatically,NEW,,MEDIUM
NC-0694,Pass4,Academic_Universe_MVP_Technical_Contract_v1.0_Pass4.json,/transactional_outbox/events[1],,DocumentAccepted.v1,DocumentAccepted.v1,DocumentAccepted.v1,Extracted programmatically,NEW,,MEDIUM
NC-0695,Pass4,Academic_Universe_MVP_Technical_Contract_v1.0_Pass4.json,/transactional_outbox/events[2],,ExtractionRequested.v1,ExtractionRequested.v1,ExtractionRequested.v1,Extracted programmatically,NEW,,MEDIUM
NC-0696,Pass4,Academic_Universe_MVP_Technical_Contract_v1.0_Pass4.json,/transactional_outbox/events[3],,ExtractionCompleted.v1,ExtractionCompleted.v1,ExtractionCompleted.v1,Extracted programmatically,NEW,,MEDIUM
NC-0697,Pass4,Academic_Universe_MVP_Technical_Contract_v1.0_Pass4.json,/transactional_outbox/events[4],,ReviewSubmitted.v1,ReviewSubmitted.v1,ReviewSubmitted.v1,Extracted programmatically,NEW,,MEDIUM
NC-0698,Pass4,Academic_Universe_MVP_Technical_Contract_v1.0_Pass4.json,/transactional_outbox/events[5],,FactCanonicalized.v1,FactCanonicalized.v1,FactCanonicalized.v1,Extracted programmatically,NEW,,MEDIUM
NC-0699,Pass4,Academic_Universe_MVP_Technical_Contract_v1.0_Pass4.json,/transactional_outbox/events[6],,ConflictDetected.v1,ConflictDetected.v1,ConflictDetected.v1,Extracted programmatically,NEW,,MEDIUM
NC-0700,Pass4,Academic_Universe_MVP_Technical_Contract_v1.0_Pass4.json,/transactional_outbox/events[7],,ConflictResolved.v1,ConflictResolved.v1,ConflictResolved.v1,Extracted programmatically,NEW,,MEDIUM
NC-0701,Pass4,Academic_Universe_MVP_Technical_Contract_v1.0_Pass4.json,/transactional_outbox/events[8],,CorrectionRequested.v1,CorrectionRequested.v1,CorrectionRequested.v1,Extracted programmatically,NEW,,MEDIUM
NC-0702,Pass4,Academic_Universe_MVP_Technical_Contract_v1.0_Pass4.json,/transactional_outbox/events[9],,CorrectionApplied.v1,CorrectionApplied.v1,CorrectionApplied.v1,Extracted programmatically,NEW,,MEDIUM
NC-0703,Pass4,Academic_Universe_MVP_Technical_Contract_v1.0_Pass4.json,/transactional_outbox/pattern,,MongoDB transaction + transactional outbox record; asynchronous dispatcher publishes after commit.,MongoDB transaction + transactional outbox record; asynchronous dispatcher publishes after commit.,MongoDB transaction + transactional outbox record; asynchronous dispatcher publishes after commit.,Extracted programmatically,NEW,,MEDIUM
NC-0704,Pass4,Academic_Universe_MVP_Technical_Contract_v1.0_Pass4.json,/transactional_outbox/rules[0],,Domain mutation and outbox insert share transaction when both are in MongoDB.,Domain mutation and outbox insert share transaction when both are in MongoDB.,Domain mutation and outbox insert share transaction when both are in MongoDB.,Extracted programmatically,NEW,,MEDIUM
NC-0705,Pass4,Academic_Universe_MVP_Technical_Contract_v1.0_Pass4.json,/transactional_outbox/rules[1],,Consumers are idempotent.,Consumers are idempotent.,Consumers are idempotent.,Extracted programmatically,NEW,,MEDIUM
NC-0706,Pass4,Academic_Universe_MVP_Technical_Contract_v1.0_Pass4.json,/transactional_outbox/rules[2],,"Event payloads carry organizationId, eventId, occurredAt, schemaVersion, aggregate identity.","Event payloads carry organizationId, eventId, occurredAt, schemaVersion, aggregate identity.","Event payloads carry organizationId, eventId, occurredAt, schemaVersion, aggregate identity.",Extracted programmatically,NEW,,MEDIUM
NC-0707,Pass4,Academic_Universe_MVP_Technical_Contract_v1.0_Pass4.json,/transactional_outbox/rules[3],,"Do not place raw document bytes, secrets, OAuth tokens, or unrestricted mentor content in events.","Do not place raw document bytes, secrets, OAuth tokens, or unrestricted mentor content in events.","Do not place raw document bytes, secrets, OAuth tokens, or unrestricted mentor content in events.",Extracted programmatically,NEW,,MEDIUM
NC-0708,Pass4,Academic_Universe_MVP_Technical_Contract_v1.0_Pass4.json,/transactional_outbox/rules[4],,Event version changes are explicit; consumers must not infer shape by deployment date.,Event version changes are explicit; consumers must not infer shape by deployment date.,Event version changes are explicit; consumers must not infer shape by deployment date.,Extracted programmatically,NEW,,MEDIUM
