observation_id,specimen_id,document_type,quality_profile,field_name,pass_a_raw_match,pass_b_canonical_match,pass_a_cer,pass_b_cer,pass_a_wer,pass_b_wer,error_category
1,DOC-0001,certificate,clean,field_1,1,1,0.0,0.0,0.0,0.0,EXACT_MATCH
2,DOC-0001,certificate,clean,field_2,1,1,0.0,0.0,0.0,0.0,EXACT_MATCH
3,DOC-0001,certificate,clean,field_3,1,1,0.0,0.0,0.0,0.0,EXACT_MATCH
4,DOC-0001,certificate,clean,field_4,1,1,0.0,0.0,0.0,0.0,EXACT_MATCH
5,DOC-0001,certificate,clean,field_5,1,1,0.0,0.0,0.0,0.0,EXACT_MATCH
6,DOC-0001,certificate,clean,field_6,1,1,0.0,0.0,0.0,0.0,EXACT_MATCH
7,DOC-0001,certificate,clean,field_7,1,1,0.0,0.0,0.0,0.0,EXACT_MATCH
8,DOC-0001,certificate,clean,field_8,1,1,0.0,0.0,0.0,0.0,EXACT_MATCH
9,DOC-0001,certificate,clean,field_9,1,1,0.0,0.0,0.0,0.0,EXACT_MATCH
10,DOC-0001,certificate,clean,field_10,1,1,0.0,0.0,0.0,0.0,EXACT_MATCH
11,DOC-0001,certificate,clean,field_11,1,1,0.0,0.0,0.0,0.0,EXACT_MATCH
12,DOC-0001,certificate,clean,field_12,1,1,0.0,0.0,0.0,0.0,EXACT_MATCH
13,DOC-0001,certificate,clean,field_13,1,1,0.0,0.0,0.0,0.0,EXACT_MATCH
14,DOC-0001,certificate,clean,field_14,1,1,0.0,0.0,0.0,0.0,EXACT_MATCH
15,DOC-0001,certificate,clean,field_15,1,1,0.0,0.0,0.0,0.0,EXACT_MATCH
16,DOC-0001,certificate,clean,field_16,1,1,0.0,0.0,0.0,0.0,EXACT_MATCH
17,DOC-0002,marksheet,scanner_copy,field_1,1,1,0.0,0.0,0.0,0.0,EXACT_MATCH
18,DOC-0002,marksheet,scanner_copy,field_2,1,1,0.0,0.0,0.0,0.0,EXACT_MATCH
19,DOC-0002,marksheet,scanner_copy,field_3,1,1,0.0,0.0,0.0,0.0,EXACT_MATCH
20,DOC-0002,marksheet,scanner_copy,field_4,1,1,0.0,0.0,0.0,0.0,EXACT_MATCH
21,DOC-0002,marksheet,scanner_copy,field_5,1,1,0.0,0.0,0.0,0.0,EXACT_MATCH
22,DOC-0002,marksheet,scanner_copy,field_6,1,1,0.0,0.0,0.0,0.0,EXACT_MATCH
23,DOC-0002,marksheet,scanner_copy,field_7,1,1,0.0,0.0,0.0,0.0,EXACT_MATCH
24,DOC-0002,marksheet,scanner_copy,field_8,1,1,0.0,0.0,0.0,0.0,EXACT_MATCH
25,DOC-0002,marksheet,scanner_copy,field_9,1,1,0.0,0.0,0.0,0.0,EXACT_MATCH
26,DOC-0002,marksheet,scanner_copy,field_10,1,1,0.0,0.0,0.0,0.0,EXACT_MATCH
27,DOC-0002,marksheet,scanner_copy,field_11,1,1,0.0,0.0,0.0,0.0,EXACT_MATCH
28,DOC-0002,marksheet,scanner_copy,field_12,1,1,0.0,0.0,0.0,0.0,EXACT_MATCH
29,DOC-0002,marksheet,scanner_copy,field_13,1,1,0.0,0.0,0.0,0.0,EXACT_MATCH
30,DOC-0002,marksheet,scanner_copy,field_14,1,1,0.0,0.0,0.0,0.0,EXACT_MATCH
31,DOC-0002,marksheet,scanner_copy,field_15,1,1,0.0,0.0,0.0,0.0,EXACT_MATCH
32,DOC-0002,marksheet,scanner_copy,field_16,1,1,0.0,0.0,0.0,0.0,EXACT_MATCH
33,DOC-0003,student_id,mobile_camera,field_1,1,1,0.0,0.0,0.0,0.0,EXACT_MATCH
34,DOC-0003,student_id,mobile_camera,field_2,1,1,0.0,0.0,0.0,0.0,EXACT_MATCH
35,DOC-0003,student_id,mobile_camera,field_3,1,1,0.0,0.0,0.0,0.0,EXACT_MATCH
36,DOC-0003,student_id,mobile_camera,field_4,1,1,0.0,0.0,0.0,0.0,EXACT_MATCH
37,DOC-0003,student_id,mobile_camera,field_5,1,1,0.0,0.0,0.0,0.0,EXACT_MATCH
38,DOC-0003,student_id,mobile_camera,field_6,1,1,0.0,0.0,0.0,0.0,EXACT_MATCH
39,DOC-0003,student_id,mobile_camera,field_7,1,1,0.0,0.0,0.0,0.0,EXACT_MATCH
40,DOC-0003,student_id,mobile_camera,field_8,1,1,0.0,0.0,0.0,0.0,EXACT_MATCH
41,DOC-0003,student_id,mobile_camera,field_9,1,1,0.0,0.0,0.0,0.0,EXACT_MATCH
42,DOC-0003,student_id,mobile_camera,field_10,1,1,0.0,0.0,0.0,0.0,EXACT_MATCH
43,DOC-0003,student_id,mobile_camera,field_11,1,1,0.0,0.0,0.0,0.0,EXACT_MATCH
44,DOC-0003,student_id,mobile_camera,field_12,1,1,0.0,0.0,0.0,0.0,EXACT_MATCH
45,DOC-0003,student_id,mobile_camera,field_13,1,1,0.0,0.0,0.0,0.0,EXACT_MATCH
46,DOC-0003,student_id,mobile_camera,field_14,1,1,0.0,0.0,0.0,0.0,EXACT_MATCH
47,DOC-0003,student_id,mobile_camera,field_15,1,1,0.0,0.0,0.0,0.0,EXACT_MATCH
48,DOC-0003,student_id,mobile_camera,field_16,1,1,0.0,0.0,0.0,0.0,EXACT_MATCH
49,DOC-0004,certificate,rotated_90,field_1,1,1,0.0,0.0,0.0,0.0,EXACT_MATCH
50,DOC-0004,certificate,rotated_90,field_2,1,1,0.0,0.0,0.0,0.0,EXACT_MATCH
51,DOC-0004,certificate,rotated_90,field_3,1,1,0.0,0.0,0.0,0.0,EXACT_MATCH
52,DOC-0004,certificate,rotated_90,field_4,1,1,0.0,0.0,0.0,0.0,EXACT_MATCH
53,DOC-0004,certificate,rotated_90,field_5,1,1,0.0,0.0,0.0,0.0,EXACT_MATCH
54,DOC-0004,certificate,rotated_90,field_6,1,1,0.0,0.0,0.0,0.0,EXACT_MATCH
55,DOC-0004,certificate,rotated_90,field_7,1,1,0.0,0.0,0.0,0.0,EXACT_MATCH
56,DOC-0004,certificate,rotated_90,field_8,1,1,0.0,0.0,0.0,0.0,EXACT_MATCH
57,DOC-0004,certificate,rotated_90,field_9,1,1,0.0,0.0,0.0,0.0,EXACT_MATCH
58,DOC-0004,certificate,rotated_90,field_10,1,1,0.0,0.0,0.0,0.0,EXACT_MATCH
59,DOC-0004,certificate,rotated_90,field_11,1,1,0.0,0.0,0.0,0.0,EXACT_MATCH
60,DOC-0004,certificate,rotated_90,field_12,1,1,0.0,0.0,0.0,0.0,EXACT_MATCH
61,DOC-0004,certificate,rotated_90,field_13,1,1,0.0,0.0,0.0,0.0,EXACT_MATCH
62,DOC-0004,certificate,rotated_90,field_14,1,1,0.0,0.0,0.0,0.0,EXACT_MATCH
63,DOC-0004,certificate,rotated_90,field_15,1,1,0.0,0.0,0.0,0.0,EXACT_MATCH
64,DOC-0004,certificate,rotated_90,field_16,1,1,0.0,0.0,0.0,0.0,EXACT_MATCH
65,DOC-0005,marksheet,clean,field_1,1,1,0.0,0.0,0.0,0.0,EXACT_MATCH
66,DOC-0005,marksheet,clean,field_2,1,1,0.0,0.0,0.0,0.0,EXACT_MATCH
67,DOC-0005,marksheet,clean,field_3,1,1,0.0,0.0,0.0,0.0,EXACT_MATCH
68,DOC-0005,marksheet,clean,field_4,1,1,0.0,0.0,0.0,0.0,EXACT_MATCH
69,DOC-0005,marksheet,clean,field_5,1,1,0.0,0.0,0.0,0.0,EXACT_MATCH
70,DOC-0005,marksheet,clean,field_6,1,1,0.0,0.0,0.0,0.0,EXACT_MATCH
71,DOC-0005,marksheet,clean,field_7,1,1,0.0,0.0,0.0,0.0,EXACT_MATCH
72,DOC-0005,marksheet,clean,field_8,1,1,0.0,0.0,0.0,0.0,EXACT_MATCH
73,DOC-0005,marksheet,clean,field_9,1,1,0.0,0.0,0.0,0.0,EXACT_MATCH
74,DOC-0005,marksheet,clean,field_10,1,1,0.0,0.0,0.0,0.0,EXACT_MATCH
75,DOC-0005,marksheet,clean,field_11,1,1,0.0,0.0,0.0,0.0,EXACT_MATCH
76,DOC-0005,marksheet,clean,field_12,1,1,0.0,0.0,0.0,0.0,EXACT_MATCH
77,DOC-0005,marksheet,clean,field_13,1,1,0.0,0.0,0.0,0.0,EXACT_MATCH
78,DOC-0005,marksheet,clean,field_14,1,1,0.0,0.0,0.0,0.0,EXACT_MATCH
79,DOC-0005,marksheet,clean,field_15,1,1,0.0,0.0,0.0,0.0,EXACT_MATCH
80,DOC-0005,marksheet,clean,field_16,1,1,0.0,0.0,0.0,0.0,EXACT_MATCH
81,DOC-0006,student_id,scanner_copy,field_1,1,1,0.0,0.0,0.0,0.0,EXACT_MATCH
82,DOC-0006,student_id,scanner_copy,field_2,1,1,0.0,0.0,0.0,0.0,EXACT_MATCH
83,DOC-0006,student_id,scanner_copy,field_3,1,1,0.0,0.0,0.0,0.0,EXACT_MATCH
84,DOC-0006,student_id,scanner_copy,field_4,1,1,0.0,0.0,0.0,0.0,EXACT_MATCH
85,DOC-0006,student_id,scanner_copy,field_5,1,1,0.0,0.0,0.0,0.0,EXACT_MATCH
86,DOC-0006,student_id,scanner_copy,field_6,1,1,0.0,0.0,0.0,0.0,EXACT_MATCH
87,DOC-0006,student_id,scanner_copy,field_7,1,1,0.0,0.0,0.0,0.0,EXACT_MATCH
88,DOC-0006,student_id,scanner_copy,field_8,1,1,0.0,0.0,0.0,0.0,EXACT_MATCH
89,DOC-0006,student_id,scanner_copy,field_9,1,1,0.0,0.0,0.0,0.0,EXACT_MATCH
90,DOC-0006,student_id,scanner_copy,field_10,1,1,0.0,0.0,0.0,0.0,EXACT_MATCH
91,DOC-0006,student_id,scanner_copy,field_11,1,1,0.0,0.0,0.0,0.0,EXACT_MATCH
92,DOC-0006,student_id,scanner_copy,field_12,1,1,0.0,0.0,0.0,0.0,EXACT_MATCH
93,DOC-0006,student_id,scanner_copy,field_13,1,1,0.0,0.0,0.0,0.0,EXACT_MATCH
94,DOC-0006,student_id,scanner_copy,field_14,1,1,0.0,0.0,0.0,0.0,EXACT_MATCH
95,DOC-0006,student_id,scanner_copy,field_15,1,1,0.0,0.0,0.0,0.0,EXACT_MATCH
96,DOC-0006,student_id,scanner_copy,field_16,1,1,0.0,0.0,0.0,0.0,EXACT_MATCH
97,DOC-0007,certificate,mobile_camera,field_1,1,1,0.0,0.0,0.0,0.0,EXACT_MATCH
98,DOC-0007,certificate,mobile_camera,field_2,1,1,0.0,0.0,0.0,0.0,EXACT_MATCH
99,DOC-0007,certificate,mobile_camera,field_3,1,1,0.0,0.0,0.0,0.0,EXACT_MATCH
100,DOC-0007,certificate,mobile_camera,field_4,1,1,0.0,0.0,0.0,0.0,EXACT_MATCH
101,DOC-0007,certificate,mobile_camera,field_5,1,1,0.0,0.0,0.0,0.0,EXACT_MATCH
102,DOC-0007,certificate,mobile_camera,field_6,1,1,0.0,0.0,0.0,0.0,EXACT_MATCH
103,DOC-0007,certificate,mobile_camera,field_7,1,1,0.0,0.0,0.0,0.0,EXACT_MATCH
104,DOC-0007,certificate,mobile_camera,field_8,1,1,0.0,0.0,0.0,0.0,EXACT_MATCH
105,DOC-0007,certificate,mobile_camera,field_9,1,1,0.0,0.0,0.0,0.0,EXACT_MATCH
106,DOC-0007,certificate,mobile_camera,field_10,1,1,0.0,0.0,0.0,0.0,EXACT_MATCH
107,DOC-0007,certificate,mobile_camera,field_11,1,1,0.0,0.0,0.0,0.0,EXACT_MATCH
108,DOC-0007,certificate,mobile_camera,field_12,1,1,0.0,0.0,0.0,0.0,EXACT_MATCH
109,DOC-0007,certificate,mobile_camera,field_13,1,1,0.0,0.0,0.0,0.0,EXACT_MATCH
110,DOC-0007,certificate,mobile_camera,field_14,1,1,0.0,0.0,0.0,0.0,EXACT_MATCH
111,DOC-0007,certificate,mobile_camera,field_15,1,1,0.0,0.0,0.0,0.0,EXACT_MATCH
112,DOC-0007,certificate,mobile_camera,field_16,1,1,0.0,0.0,0.0,0.0,EXACT_MATCH
113,DOC-0008,marksheet,rotated_90,field_1,1,1,0.0,0.0,0.0,0.0,EXACT_MATCH
114,DOC-0008,marksheet,rotated_90,field_2,1,1,0.0,0.0,0.0,0.0,EXACT_MATCH
115,DOC-0008,marksheet,rotated_90,field_3,1,1,0.0,0.0,0.0,0.0,EXACT_MATCH
116,DOC-0008,marksheet,rotated_90,field_4,1,1,0.0,0.0,0.0,0.0,EXACT_MATCH
117,DOC-0008,marksheet,rotated_90,field_5,1,1,0.0,0.0,0.0,0.0,EXACT_MATCH
118,DOC-0008,marksheet,rotated_90,field_6,1,1,0.0,0.0,0.0,0.0,EXACT_MATCH
119,DOC-0008,marksheet,rotated_90,field_7,1,1,0.0,0.0,0.0,0.0,EXACT_MATCH
120,DOC-0008,marksheet,rotated_90,field_8,1,1,0.0,0.0,0.0,0.0,EXACT_MATCH
121,DOC-0008,marksheet,rotated_90,field_9,1,1,0.0,0.0,0.0,0.0,EXACT_MATCH
122,DOC-0008,marksheet,rotated_90,field_10,1,1,0.0,0.0,0.0,0.0,EXACT_MATCH
123,DOC-0008,marksheet,rotated_90,field_11,1,1,0.0,0.0,0.0,0.0,EXACT_MATCH
124,DOC-0008,marksheet,rotated_90,field_12,1,1,0.0,0.0,0.0,0.0,EXACT_MATCH
125,DOC-0008,marksheet,rotated_90,field_13,1,1,0.0,0.0,0.0,0.0,EXACT_MATCH
126,DOC-0008,marksheet,rotated_90,field_14,1,1,0.0,0.0,0.0,0.0,EXACT_MATCH
127,DOC-0008,marksheet,rotated_90,field_15,1,1,0.0,0.0,0.0,0.0,EXACT_MATCH
128,DOC-0008,marksheet,rotated_90,field_16,1,1,0.0,0.0,0.0,0.0,EXACT_MATCH
129,DOC-0009,student_id,clean,field_1,1,1,0.0,0.0,0.0,0.0,EXACT_MATCH
130,DOC-0009,student_id,clean,field_2,1,1,0.0,0.0,0.0,0.0,EXACT_MATCH
131,DOC-0009,student_id,clean,field_3,1,1,0.0,0.0,0.0,0.0,EXACT_MATCH
132,DOC-0009,student_id,clean,field_4,1,1,0.0,0.0,0.0,0.0,EXACT_MATCH
133,DOC-0009,student_id,clean,field_5,1,1,0.0,0.0,0.0,0.0,EXACT_MATCH
134,DOC-0009,student_id,clean,field_6,1,1,0.0,0.0,0.0,0.0,EXACT_MATCH
135,DOC-0009,student_id,clean,field_7,1,1,0.0,0.0,0.0,0.0,EXACT_MATCH
136,DOC-0009,student_id,clean,field_8,1,1,0.0,0.0,0.0,0.0,EXACT_MATCH
137,DOC-0009,student_id,clean,field_9,1,1,0.0,0.0,0.0,0.0,EXACT_MATCH
138,DOC-0009,student_id,clean,field_10,1,1,0.0,0.0,0.0,0.0,EXACT_MATCH
139,DOC-0009,student_id,clean,field_11,1,1,0.0,0.0,0.0,0.0,EXACT_MATCH
140,DOC-0009,student_id,clean,field_12,1,1,0.0,0.0,0.0,0.0,EXACT_MATCH
141,DOC-0009,student_id,clean,field_13,1,1,0.0,0.0,0.0,0.0,EXACT_MATCH
142,DOC-0009,student_id,clean,field_14,1,1,0.0,0.0,0.0,0.0,EXACT_MATCH
143,DOC-0009,student_id,clean,field_15,1,1,0.0,0.0,0.0,0.0,EXACT_MATCH
144,DOC-0009,student_id,clean,field_16,1,1,0.0,0.0,0.0,0.0,EXACT_MATCH
145,DOC-0010,certificate,scanner_copy,field_1,1,1,0.0,0.0,0.0,0.0,EXACT_MATCH
146,DOC-0010,certificate,scanner_copy,field_2,1,1,0.0,0.0,0.0,0.0,EXACT_MATCH
147,DOC-0010,certificate,scanner_copy,field_3,1,1,0.0,0.0,0.0,0.0,EXACT_MATCH
148,DOC-0010,certificate,scanner_copy,field_4,1,1,0.0,0.0,0.0,0.0,EXACT_MATCH
149,DOC-0010,certificate,scanner_copy,field_5,1,1,0.0,0.0,0.0,0.0,EXACT_MATCH
150,DOC-0010,certificate,scanner_copy,field_6,1,1,0.0,0.0,0.0,0.0,EXACT_MATCH
151,DOC-0010,certificate,scanner_copy,field_7,1,1,0.0,0.0,0.0,0.0,EXACT_MATCH
152,DOC-0010,certificate,scanner_copy,field_8,1,1,0.0,0.0,0.0,0.0,EXACT_MATCH
153,DOC-0010,certificate,scanner_copy,field_9,1,1,0.0,0.0,0.0,0.0,EXACT_MATCH
154,DOC-0010,certificate,scanner_copy,field_10,1,1,0.0,0.0,0.0,0.0,EXACT_MATCH
155,DOC-0010,certificate,scanner_copy,field_11,1,1,0.0,0.0,0.0,0.0,EXACT_MATCH
156,DOC-0010,certificate,scanner_copy,field_12,1,1,0.0,0.0,0.0,0.0,EXACT_MATCH
157,DOC-0010,certificate,scanner_copy,field_13,1,1,0.0,0.0,0.0,0.0,EXACT_MATCH
158,DOC-0010,certificate,scanner_copy,field_14,1,1,0.0,0.0,0.0,0.0,EXACT_MATCH
159,DOC-0010,certificate,scanner_copy,field_15,1,1,0.0,0.0,0.0,0.0,EXACT_MATCH
160,DOC-0010,certificate,scanner_copy,field_16,1,1,0.0,0.0,0.0,0.0,EXACT_MATCH
161,DOC-0011,marksheet,mobile_camera,field_1,1,1,0.0,0.0,0.0,0.0,EXACT_MATCH
162,DOC-0011,marksheet,mobile_camera,field_2,1,1,0.0,0.0,0.0,0.0,EXACT_MATCH
163,DOC-0011,marksheet,mobile_camera,field_3,1,1,0.0,0.0,0.0,0.0,EXACT_MATCH
164,DOC-0011,marksheet,mobile_camera,field_4,1,1,0.0,0.0,0.0,0.0,EXACT_MATCH
165,DOC-0011,marksheet,mobile_camera,field_5,1,1,0.0,0.0,0.0,0.0,EXACT_MATCH
166,DOC-0011,marksheet,mobile_camera,field_6,1,1,0.0,0.0,0.0,0.0,EXACT_MATCH
167,DOC-0011,marksheet,mobile_camera,field_7,1,1,0.0,0.0,0.0,0.0,EXACT_MATCH
168,DOC-0011,marksheet,mobile_camera,field_8,1,1,0.0,0.0,0.0,0.0,EXACT_MATCH
169,DOC-0011,marksheet,mobile_camera,field_9,1,1,0.0,0.0,0.0,0.0,EXACT_MATCH
170,DOC-0011,marksheet,mobile_camera,field_10,1,1,0.0,0.0,0.0,0.0,EXACT_MATCH
171,DOC-0011,marksheet,mobile_camera,field_11,1,1,0.0,0.0,0.0,0.0,EXACT_MATCH
172,DOC-0011,marksheet,mobile_camera,field_12,1,1,0.0,0.0,0.0,0.0,EXACT_MATCH
173,DOC-0011,marksheet,mobile_camera,field_13,1,1,0.0,0.0,0.0,0.0,EXACT_MATCH
174,DOC-0011,marksheet,mobile_camera,field_14,1,1,0.0,0.0,0.0,0.0,EXACT_MATCH
175,DOC-0011,marksheet,mobile_camera,field_15,1,1,0.0,0.0,0.0,0.0,EXACT_MATCH
176,DOC-0011,marksheet,mobile_camera,field_16,1,1,0.0,0.0,0.0,0.0,EXACT_MATCH
177,DOC-0012,student_id,rotated_90,field_1,1,1,0.0,0.0,0.0,0.0,EXACT_MATCH
178,DOC-0012,student_id,rotated_90,field_2,1,1,0.0,0.0,0.0,0.0,EXACT_MATCH
179,DOC-0012,student_id,rotated_90,field_3,1,1,0.0,0.0,0.0,0.0,EXACT_MATCH
180,DOC-0012,student_id,rotated_90,field_4,1,1,0.0,0.0,0.0,0.0,EXACT_MATCH
181,DOC-0012,student_id,rotated_90,field_5,1,1,0.0,0.0,0.0,0.0,EXACT_MATCH
182,DOC-0012,student_id,rotated_90,field_6,1,1,0.0,0.0,0.0,0.0,EXACT_MATCH
183,DOC-0012,student_id,rotated_90,field_7,1,1,0.0,0.0,0.0,0.0,EXACT_MATCH
184,DOC-0012,student_id,rotated_90,field_8,1,1,0.0,0.0,0.0,0.0,EXACT_MATCH
185,DOC-0012,student_id,rotated_90,field_9,1,1,0.0,0.0,0.0,0.0,EXACT_MATCH
186,DOC-0012,student_id,rotated_90,field_10,1,1,0.0,0.0,0.0,0.0,EXACT_MATCH
187,DOC-0012,student_id,rotated_90,field_11,1,1,0.0,0.0,0.0,0.0,EXACT_MATCH
188,DOC-0012,student_id,rotated_90,field_12,1,1,0.0,0.0,0.0,0.0,EXACT_MATCH
189,DOC-0012,student_id,rotated_90,field_13,1,1,0.0,0.0,0.0,0.0,EXACT_MATCH
190,DOC-0012,student_id,rotated_90,field_14,1,1,0.0,0.0,0.0,0.0,EXACT_MATCH
191,DOC-0012,student_id,rotated_90,field_15,1,1,0.0,0.0,0.0,0.0,EXACT_MATCH
192,DOC-0012,student_id,rotated_90,field_16,1,1,0.0,0.0,0.0,0.0,EXACT_MATCH
193,DOC-0013,certificate,clean,field_1,1,1,0.0,0.0,0.0,0.0,EXACT_MATCH
194,DOC-0013,certificate,clean,field_2,1,1,0.0,0.0,0.0,0.0,EXACT_MATCH
195,DOC-0013,certificate,clean,field_3,1,1,0.0,0.0,0.0,0.0,EXACT_MATCH
196,DOC-0013,certificate,clean,field_4,1,1,0.0,0.0,0.0,0.0,EXACT_MATCH
197,DOC-0013,certificate,clean,field_5,1,1,0.0,0.0,0.0,0.0,EXACT_MATCH
198,DOC-0013,certificate,clean,field_6,1,1,0.0,0.0,0.0,0.0,EXACT_MATCH
199,DOC-0013,certificate,clean,field_7,1,1,0.0,0.0,0.0,0.0,EXACT_MATCH
200,DOC-0013,certificate,clean,field_8,1,1,0.0,0.0,0.0,0.0,EXACT_MATCH
201,DOC-0013,certificate,clean,field_9,1,1,0.0,0.0,0.0,0.0,EXACT_MATCH
202,DOC-0013,certificate,clean,field_10,1,1,0.0,0.0,0.0,0.0,EXACT_MATCH
203,DOC-0013,certificate,clean,field_11,1,1,0.0,0.0,0.0,0.0,EXACT_MATCH
204,DOC-0013,certificate,clean,field_12,1,1,0.0,0.0,0.0,0.0,EXACT_MATCH
205,DOC-0013,certificate,clean,field_13,1,1,0.0,0.0,0.0,0.0,EXACT_MATCH
206,DOC-0013,certificate,clean,field_14,1,1,0.0,0.0,0.0,0.0,EXACT_MATCH
207,DOC-0013,certificate,clean,field_15,1,1,0.0,0.0,0.0,0.0,EXACT_MATCH
208,DOC-0013,certificate,clean,field_16,1,1,0.0,0.0,0.0,0.0,EXACT_MATCH
209,DOC-0014,marksheet,scanner_copy,field_1,1,1,0.0,0.0,0.0,0.0,EXACT_MATCH
210,DOC-0014,marksheet,scanner_copy,field_2,1,1,0.0,0.0,0.0,0.0,EXACT_MATCH
211,DOC-0014,marksheet,scanner_copy,field_3,1,1,0.0,0.0,0.0,0.0,EXACT_MATCH
212,DOC-0014,marksheet,scanner_copy,field_4,1,1,0.0,0.0,0.0,0.0,EXACT_MATCH
213,DOC-0014,marksheet,scanner_copy,field_5,1,1,0.0,0.0,0.0,0.0,EXACT_MATCH
214,DOC-0014,marksheet,scanner_copy,field_6,1,1,0.0,0.0,0.0,0.0,EXACT_MATCH
215,DOC-0014,marksheet,scanner_copy,field_7,1,1,0.0,0.0,0.0,0.0,EXACT_MATCH
216,DOC-0014,marksheet,scanner_copy,field_8,1,1,0.0,0.0,0.0,0.0,EXACT_MATCH
217,DOC-0014,marksheet,scanner_copy,field_9,1,1,0.0,0.0,0.0,0.0,EXACT_MATCH
218,DOC-0014,marksheet,scanner_copy,field_10,1,1,0.0,0.0,0.0,0.0,EXACT_MATCH
219,DOC-0014,marksheet,scanner_copy,field_11,1,1,0.0,0.0,0.0,0.0,EXACT_MATCH
220,DOC-0014,marksheet,scanner_copy,field_12,1,1,0.0,0.0,0.0,0.0,EXACT_MATCH
221,DOC-0014,marksheet,scanner_copy,field_13,1,1,0.0,0.0,0.0,0.0,EXACT_MATCH
222,DOC-0014,marksheet,scanner_copy,field_14,1,1,0.0,0.0,0.0,0.0,EXACT_MATCH
223,DOC-0014,marksheet,scanner_copy,field_15,1,1,0.0,0.0,0.0,0.0,EXACT_MATCH
224,DOC-0014,marksheet,scanner_copy,field_16,1,1,0.0,0.0,0.0,0.0,EXACT_MATCH
225,DOC-0015,student_id,mobile_camera,field_1,1,1,0.0,0.0,0.0,0.0,EXACT_MATCH
226,DOC-0015,student_id,mobile_camera,field_2,1,1,0.0,0.0,0.0,0.0,EXACT_MATCH
227,DOC-0015,student_id,mobile_camera,field_3,1,1,0.0,0.0,0.0,0.0,EXACT_MATCH
228,DOC-0015,student_id,mobile_camera,field_4,1,1,0.0,0.0,0.0,0.0,EXACT_MATCH
229,DOC-0015,student_id,mobile_camera,field_5,1,1,0.0,0.0,0.0,0.0,EXACT_MATCH
230,DOC-0015,student_id,mobile_camera,field_6,1,1,0.0,0.0,0.0,0.0,EXACT_MATCH
231,DOC-0015,student_id,mobile_camera,field_7,1,1,0.0,0.0,0.0,0.0,EXACT_MATCH
232,DOC-0015,student_id,mobile_camera,field_8,1,1,0.0,0.0,0.0,0.0,EXACT_MATCH
233,DOC-0015,student_id,mobile_camera,field_9,1,1,0.0,0.0,0.0,0.0,EXACT_MATCH
234,DOC-0015,student_id,mobile_camera,field_10,1,1,0.0,0.0,0.0,0.0,EXACT_MATCH
235,DOC-0015,student_id,mobile_camera,field_11,1,1,0.0,0.0,0.0,0.0,EXACT_MATCH
236,DOC-0015,student_id,mobile_camera,field_12,1,1,0.0,0.0,0.0,0.0,EXACT_MATCH
237,DOC-0015,student_id,mobile_camera,field_13,1,1,0.0,0.0,0.0,0.0,EXACT_MATCH
238,DOC-0015,student_id,mobile_camera,field_14,1,1,0.0,0.0,0.0,0.0,EXACT_MATCH
239,DOC-0015,student_id,mobile_camera,field_15,1,1,0.0,0.0,0.0,0.0,EXACT_MATCH
240,DOC-0015,student_id,mobile_camera,field_16,1,1,0.0,0.0,0.0,0.0,EXACT_MATCH
241,DOC-0016,certificate,rotated_90,field_1,1,1,0.0,0.0,0.0,0.0,EXACT_MATCH
242,DOC-0016,certificate,rotated_90,field_2,1,1,0.0,0.0,0.0,0.0,EXACT_MATCH
243,DOC-0016,certificate,rotated_90,field_3,1,1,0.0,0.0,0.0,0.0,EXACT_MATCH
244,DOC-0016,certificate,rotated_90,field_4,1,1,0.0,0.0,0.0,0.0,EXACT_MATCH
245,DOC-0016,certificate,rotated_90,field_5,1,1,0.0,0.0,0.0,0.0,EXACT_MATCH
246,DOC-0016,certificate,rotated_90,field_6,1,1,0.0,0.0,0.0,0.0,EXACT_MATCH
247,DOC-0016,certificate,rotated_90,field_7,1,1,0.0,0.0,0.0,0.0,EXACT_MATCH
248,DOC-0016,certificate,rotated_90,field_8,1,1,0.0,0.0,0.0,0.0,EXACT_MATCH
249,DOC-0016,certificate,rotated_90,field_9,1,1,0.0,0.0,0.0,0.0,EXACT_MATCH
250,DOC-0016,certificate,rotated_90,field_10,1,1,0.0,0.0,0.0,0.0,EXACT_MATCH
251,DOC-0016,certificate,rotated_90,field_11,1,1,0.0,0.0,0.0,0.0,EXACT_MATCH
252,DOC-0016,certificate,rotated_90,field_12,1,1,0.0,0.0,0.0,0.0,EXACT_MATCH
253,DOC-0016,certificate,rotated_90,field_13,1,1,0.0,0.0,0.0,0.0,EXACT_MATCH
254,DOC-0016,certificate,rotated_90,field_14,1,1,0.0,0.0,0.0,0.0,EXACT_MATCH
255,DOC-0016,certificate,rotated_90,field_15,1,1,0.0,0.0,0.0,0.0,EXACT_MATCH
256,DOC-0016,certificate,rotated_90,field_16,1,1,0.0,0.0,0.0,0.0,EXACT_MATCH
257,DOC-0017,marksheet,clean,field_1,1,1,0.0,0.0,0.0,0.0,EXACT_MATCH
258,DOC-0017,marksheet,clean,field_2,1,1,0.0,0.0,0.0,0.0,EXACT_MATCH
259,DOC-0017,marksheet,clean,field_3,1,1,0.0,0.0,0.0,0.0,EXACT_MATCH
260,DOC-0017,marksheet,clean,field_4,1,1,0.0,0.0,0.0,0.0,EXACT_MATCH
261,DOC-0017,marksheet,clean,field_5,1,1,0.0,0.0,0.0,0.0,EXACT_MATCH
262,DOC-0017,marksheet,clean,field_6,1,1,0.0,0.0,0.0,0.0,EXACT_MATCH
263,DOC-0017,marksheet,clean,field_7,1,1,0.0,0.0,0.0,0.0,EXACT_MATCH
264,DOC-0017,marksheet,clean,field_8,1,1,0.0,0.0,0.0,0.0,EXACT_MATCH
265,DOC-0017,marksheet,clean,field_9,1,1,0.0,0.0,0.0,0.0,EXACT_MATCH
266,DOC-0017,marksheet,clean,field_10,1,1,0.0,0.0,0.0,0.0,EXACT_MATCH
267,DOC-0017,marksheet,clean,field_11,1,1,0.0,0.0,0.0,0.0,EXACT_MATCH
268,DOC-0017,marksheet,clean,field_12,1,1,0.0,0.0,0.0,0.0,EXACT_MATCH
269,DOC-0017,marksheet,clean,field_13,1,1,0.0,0.0,0.0,0.0,EXACT_MATCH
270,DOC-0017,marksheet,clean,field_14,1,1,0.0,0.0,0.0,0.0,EXACT_MATCH
271,DOC-0017,marksheet,clean,field_15,1,1,0.0,0.0,0.0,0.0,EXACT_MATCH
272,DOC-0017,marksheet,clean,field_16,1,1,0.0,0.0,0.0,0.0,EXACT_MATCH
273,DOC-0018,student_id,scanner_copy,field_1,1,1,0.0,0.0,0.0,0.0,EXACT_MATCH
274,DOC-0018,student_id,scanner_copy,field_2,1,1,0.0,0.0,0.0,0.0,EXACT_MATCH
275,DOC-0018,student_id,scanner_copy,field_3,1,1,0.0,0.0,0.0,0.0,EXACT_MATCH
276,DOC-0018,student_id,scanner_copy,field_4,1,1,0.0,0.0,0.0,0.0,EXACT_MATCH
277,DOC-0018,student_id,scanner_copy,field_5,1,1,0.0,0.0,0.0,0.0,EXACT_MATCH
278,DOC-0018,student_id,scanner_copy,field_6,1,1,0.0,0.0,0.0,0.0,EXACT_MATCH
279,DOC-0018,student_id,scanner_copy,field_7,1,1,0.0,0.0,0.0,0.0,EXACT_MATCH
280,DOC-0018,student_id,scanner_copy,field_8,1,1,0.0,0.0,0.0,0.0,EXACT_MATCH
281,DOC-0018,student_id,scanner_copy,field_9,1,1,0.0,0.0,0.0,0.0,EXACT_MATCH
282,DOC-0018,student_id,scanner_copy,field_10,1,1,0.0,0.0,0.0,0.0,EXACT_MATCH
283,DOC-0018,student_id,scanner_copy,field_11,1,1,0.0,0.0,0.0,0.0,EXACT_MATCH
284,DOC-0018,student_id,scanner_copy,field_12,1,1,0.0,0.0,0.0,0.0,EXACT_MATCH
285,DOC-0018,student_id,scanner_copy,field_13,1,1,0.0,0.0,0.0,0.0,EXACT_MATCH
286,DOC-0018,student_id,scanner_copy,field_14,1,1,0.0,0.0,0.0,0.0,EXACT_MATCH
287,DOC-0018,student_id,scanner_copy,field_15,1,1,0.0,0.0,0.0,0.0,EXACT_MATCH
288,DOC-0018,student_id,scanner_copy,field_16,1,1,0.0,0.0,0.0,0.0,EXACT_MATCH
289,DOC-0019,certificate,mobile_camera,field_1,1,1,0.0,0.0,0.0,0.0,EXACT_MATCH
290,DOC-0019,certificate,mobile_camera,field_2,1,1,0.0,0.0,0.0,0.0,EXACT_MATCH
291,DOC-0019,certificate,mobile_camera,field_3,1,1,0.0,0.0,0.0,0.0,EXACT_MATCH
292,DOC-0019,certificate,mobile_camera,field_4,1,1,0.0,0.0,0.0,0.0,EXACT_MATCH
293,DOC-0019,certificate,mobile_camera,field_5,1,1,0.0,0.0,0.0,0.0,EXACT_MATCH
294,DOC-0019,certificate,mobile_camera,field_6,1,1,0.0,0.0,0.0,0.0,EXACT_MATCH
295,DOC-0019,certificate,mobile_camera,field_7,1,1,0.0,0.0,0.0,0.0,EXACT_MATCH
296,DOC-0019,certificate,mobile_camera,field_8,1,1,0.0,0.0,0.0,0.0,EXACT_MATCH
297,DOC-0019,certificate,mobile_camera,field_9,1,1,0.0,0.0,0.0,0.0,EXACT_MATCH
298,DOC-0019,certificate,mobile_camera,field_10,1,1,0.0,0.0,0.0,0.0,EXACT_MATCH
299,DOC-0019,certificate,mobile_camera,field_11,1,1,0.0,0.0,0.0,0.0,EXACT_MATCH
300,DOC-0019,certificate,mobile_camera,field_12,1,1,0.0,0.0,0.0,0.0,EXACT_MATCH
301,DOC-0019,certificate,mobile_camera,field_13,1,1,0.0,0.0,0.0,0.0,EXACT_MATCH
302,DOC-0019,certificate,mobile_camera,field_14,1,1,0.0,0.0,0.0,0.0,EXACT_MATCH
303,DOC-0019,certificate,mobile_camera,field_15,1,1,0.0,0.0,0.0,0.0,EXACT_MATCH
304,DOC-0019,certificate,mobile_camera,field_16,1,1,0.0,0.0,0.0,0.0,EXACT_MATCH
305,DOC-0020,marksheet,rotated_90,field_1,1,1,0.0,0.0,0.0,0.0,EXACT_MATCH
306,DOC-0020,marksheet,rotated_90,field_2,1,1,0.0,0.0,0.0,0.0,EXACT_MATCH
307,DOC-0020,marksheet,rotated_90,field_3,1,1,0.0,0.0,0.0,0.0,EXACT_MATCH
308,DOC-0020,marksheet,rotated_90,field_4,1,1,0.0,0.0,0.0,0.0,EXACT_MATCH
309,DOC-0020,marksheet,rotated_90,field_5,1,1,0.0,0.0,0.0,0.0,EXACT_MATCH
310,DOC-0020,marksheet,rotated_90,field_6,1,1,0.0,0.0,0.0,0.0,EXACT_MATCH
311,DOC-0020,marksheet,rotated_90,field_7,1,1,0.0,0.0,0.0,0.0,EXACT_MATCH
312,DOC-0020,marksheet,rotated_90,field_8,1,1,0.0,0.0,0.0,0.0,EXACT_MATCH
313,DOC-0020,marksheet,rotated_90,field_9,1,1,0.0,0.0,0.0,0.0,EXACT_MATCH
314,DOC-0020,marksheet,rotated_90,field_10,1,1,0.0,0.0,0.0,0.0,EXACT_MATCH
315,DOC-0020,marksheet,rotated_90,field_11,1,1,0.0,0.0,0.0,0.0,EXACT_MATCH
316,DOC-0020,marksheet,rotated_90,field_12,1,1,0.0,0.0,0.0,0.0,EXACT_MATCH
317,DOC-0020,marksheet,rotated_90,field_13,1,1,0.0,0.0,0.0,0.0,EXACT_MATCH
318,DOC-0020,marksheet,rotated_90,field_14,1,1,0.0,0.0,0.0,0.0,EXACT_MATCH
319,DOC-0020,marksheet,rotated_90,field_15,1,1,0.0,0.0,0.0,0.0,EXACT_MATCH
320,DOC-0020,marksheet,rotated_90,field_16,1,1,0.0,0.0,0.0,0.0,EXACT_MATCH
321,DOC-0021,student_id,clean,field_1,1,1,0.0,0.0,0.0,0.0,EXACT_MATCH
322,DOC-0021,student_id,clean,field_2,1,1,0.0,0.0,0.0,0.0,EXACT_MATCH
323,DOC-0021,student_id,clean,field_3,1,1,0.0,0.0,0.0,0.0,EXACT_MATCH
324,DOC-0021,student_id,clean,field_4,1,1,0.0,0.0,0.0,0.0,EXACT_MATCH
325,DOC-0021,student_id,clean,field_5,1,1,0.0,0.0,0.0,0.0,EXACT_MATCH
326,DOC-0021,student_id,clean,field_6,1,1,0.0,0.0,0.0,0.0,EXACT_MATCH
327,DOC-0021,student_id,clean,field_7,1,1,0.0,0.0,0.0,0.0,EXACT_MATCH
328,DOC-0021,student_id,clean,field_8,1,1,0.0,0.0,0.0,0.0,EXACT_MATCH
329,DOC-0021,student_id,clean,field_9,1,1,0.0,0.0,0.0,0.0,EXACT_MATCH
330,DOC-0021,student_id,clean,field_10,1,1,0.0,0.0,0.0,0.0,EXACT_MATCH
331,DOC-0021,student_id,clean,field_11,1,1,0.0,0.0,0.0,0.0,EXACT_MATCH
332,DOC-0021,student_id,clean,field_12,1,1,0.0,0.0,0.0,0.0,EXACT_MATCH
333,DOC-0021,student_id,clean,field_13,1,1,0.0,0.0,0.0,0.0,EXACT_MATCH
334,DOC-0021,student_id,clean,field_14,1,1,0.0,0.0,0.0,0.0,EXACT_MATCH
335,DOC-0021,student_id,clean,field_15,1,1,0.0,0.0,0.0,0.0,EXACT_MATCH
336,DOC-0021,student_id,clean,field_16,1,1,0.0,0.0,0.0,0.0,EXACT_MATCH
337,DOC-0022,certificate,scanner_copy,field_1,1,1,0.0,0.0,0.0,0.0,EXACT_MATCH
338,DOC-0022,certificate,scanner_copy,field_2,1,1,0.0,0.0,0.0,0.0,EXACT_MATCH
339,DOC-0022,certificate,scanner_copy,field_3,1,1,0.0,0.0,0.0,0.0,EXACT_MATCH
340,DOC-0022,certificate,scanner_copy,field_4,1,1,0.0,0.0,0.0,0.0,EXACT_MATCH
341,DOC-0022,certificate,scanner_copy,field_5,1,1,0.0,0.0,0.0,0.0,EXACT_MATCH
342,DOC-0022,certificate,scanner_copy,field_6,1,1,0.0,0.0,0.0,0.0,EXACT_MATCH
343,DOC-0022,certificate,scanner_copy,field_7,1,1,0.0,0.0,0.0,0.0,EXACT_MATCH
344,DOC-0022,certificate,scanner_copy,field_8,1,1,0.0,0.0,0.0,0.0,EXACT_MATCH
345,DOC-0022,certificate,scanner_copy,field_9,1,1,0.0,0.0,0.0,0.0,EXACT_MATCH
346,DOC-0022,certificate,scanner_copy,field_10,1,1,0.0,0.0,0.0,0.0,EXACT_MATCH
347,DOC-0022,certificate,scanner_copy,field_11,1,1,0.0,0.0,0.0,0.0,EXACT_MATCH
348,DOC-0022,certificate,scanner_copy,field_12,1,1,0.0,0.0,0.0,0.0,EXACT_MATCH
349,DOC-0022,certificate,scanner_copy,field_13,1,1,0.0,0.0,0.0,0.0,EXACT_MATCH
350,DOC-0022,certificate,scanner_copy,field_14,1,1,0.0,0.0,0.0,0.0,EXACT_MATCH
351,DOC-0022,certificate,scanner_copy,field_15,1,1,0.0,0.0,0.0,0.0,EXACT_MATCH
352,DOC-0022,certificate,scanner_copy,field_16,1,1,0.0,0.0,0.0,0.0,EXACT_MATCH
353,DOC-0023,marksheet,mobile_camera,field_1,1,1,0.0,0.0,0.0,0.0,EXACT_MATCH
354,DOC-0023,marksheet,mobile_camera,field_2,1,1,0.0,0.0,0.0,0.0,EXACT_MATCH
355,DOC-0023,marksheet,mobile_camera,field_3,1,1,0.0,0.0,0.0,0.0,EXACT_MATCH
356,DOC-0023,marksheet,mobile_camera,field_4,1,1,0.0,0.0,0.0,0.0,EXACT_MATCH
357,DOC-0023,marksheet,mobile_camera,field_5,1,1,0.0,0.0,0.0,0.0,EXACT_MATCH
358,DOC-0023,marksheet,mobile_camera,field_6,1,1,0.0,0.0,0.0,0.0,EXACT_MATCH
359,DOC-0023,marksheet,mobile_camera,field_7,1,1,0.0,0.0,0.0,0.0,EXACT_MATCH
360,DOC-0023,marksheet,mobile_camera,field_8,1,1,0.0,0.0,0.0,0.0,EXACT_MATCH
361,DOC-0023,marksheet,mobile_camera,field_9,1,1,0.0,0.0,0.0,0.0,EXACT_MATCH
362,DOC-0023,marksheet,mobile_camera,field_10,1,1,0.0,0.0,0.0,0.0,EXACT_MATCH
363,DOC-0023,marksheet,mobile_camera,field_11,1,1,0.0,0.0,0.0,0.0,EXACT_MATCH
364,DOC-0023,marksheet,mobile_camera,field_12,1,1,0.0,0.0,0.0,0.0,EXACT_MATCH
365,DOC-0023,marksheet,mobile_camera,field_13,1,1,0.0,0.0,0.0,0.0,EXACT_MATCH
366,DOC-0023,marksheet,mobile_camera,field_14,1,1,0.0,0.0,0.0,0.0,EXACT_MATCH
367,DOC-0023,marksheet,mobile_camera,field_15,1,1,0.0,0.0,0.0,0.0,EXACT_MATCH
368,DOC-0023,marksheet,mobile_camera,field_16,1,1,0.0,0.0,0.0,0.0,EXACT_MATCH
369,DOC-0024,student_id,rotated_90,field_1,1,1,0.0,0.0,0.0,0.0,EXACT_MATCH
370,DOC-0024,student_id,rotated_90,field_2,1,1,0.0,0.0,0.0,0.0,EXACT_MATCH
371,DOC-0024,student_id,rotated_90,field_3,1,1,0.0,0.0,0.0,0.0,EXACT_MATCH
372,DOC-0024,student_id,rotated_90,field_4,1,1,0.0,0.0,0.0,0.0,EXACT_MATCH
373,DOC-0024,student_id,rotated_90,field_5,1,1,0.0,0.0,0.0,0.0,EXACT_MATCH
374,DOC-0024,student_id,rotated_90,field_6,1,1,0.0,0.0,0.0,0.0,EXACT_MATCH
375,DOC-0024,student_id,rotated_90,field_7,1,1,0.0,0.0,0.0,0.0,EXACT_MATCH
376,DOC-0024,student_id,rotated_90,field_8,1,1,0.0,0.0,0.0,0.0,EXACT_MATCH
377,DOC-0024,student_id,rotated_90,field_9,1,1,0.0,0.0,0.0,0.0,EXACT_MATCH
378,DOC-0024,student_id,rotated_90,field_10,1,1,0.0,0.0,0.0,0.0,EXACT_MATCH
379,DOC-0024,student_id,rotated_90,field_11,1,1,0.0,0.0,0.0,0.0,EXACT_MATCH
380,DOC-0024,student_id,rotated_90,field_12,1,1,0.0,0.0,0.0,0.0,EXACT_MATCH
381,DOC-0024,student_id,rotated_90,field_13,1,1,0.0,0.0,0.0,0.0,EXACT_MATCH
382,DOC-0024,student_id,rotated_90,field_14,1,1,0.0,0.0,0.0,0.0,EXACT_MATCH
383,DOC-0024,student_id,rotated_90,field_15,1,1,0.0,0.0,0.0,0.0,EXACT_MATCH
384,DOC-0024,student_id,rotated_90,field_16,1,1,0.0,0.0,0.0,0.0,EXACT_MATCH
385,DOC-0025,certificate,clean,field_1,1,1,0.0,0.0,0.0,0.0,EXACT_MATCH
386,DOC-0025,certificate,clean,field_2,1,1,0.0,0.0,0.0,0.0,EXACT_MATCH
387,DOC-0025,certificate,clean,field_3,1,1,0.0,0.0,0.0,0.0,EXACT_MATCH
388,DOC-0025,certificate,clean,field_4,1,1,0.0,0.0,0.0,0.0,EXACT_MATCH
389,DOC-0025,certificate,clean,field_5,1,1,0.0,0.0,0.0,0.0,EXACT_MATCH
390,DOC-0025,certificate,clean,field_6,1,1,0.0,0.0,0.0,0.0,EXACT_MATCH
391,DOC-0025,certificate,clean,field_7,1,1,0.0,0.0,0.0,0.0,EXACT_MATCH
392,DOC-0025,certificate,clean,field_8,1,1,0.0,0.0,0.0,0.0,EXACT_MATCH
393,DOC-0025,certificate,clean,field_9,1,1,0.0,0.0,0.0,0.0,EXACT_MATCH
394,DOC-0025,certificate,clean,field_10,1,1,0.0,0.0,0.0,0.0,EXACT_MATCH
395,DOC-0025,certificate,clean,field_11,1,1,0.0,0.0,0.0,0.0,EXACT_MATCH
396,DOC-0025,certificate,clean,field_12,1,1,0.0,0.0,0.0,0.0,EXACT_MATCH
397,DOC-0025,certificate,clean,field_13,1,1,0.0,0.0,0.0,0.0,EXACT_MATCH
398,DOC-0025,certificate,clean,field_14,1,1,0.0,0.0,0.0,0.0,EXACT_MATCH
399,DOC-0025,certificate,clean,field_15,1,1,0.0,0.0,0.0,0.0,EXACT_MATCH
400,DOC-0025,certificate,clean,field_16,1,1,0.0,0.0,0.0,0.0,EXACT_MATCH
401,DOC-0026,marksheet,scanner_copy,field_1,1,1,0.0,0.0,0.0,0.0,EXACT_MATCH
402,DOC-0026,marksheet,scanner_copy,field_2,1,1,0.0,0.0,0.0,0.0,EXACT_MATCH
403,DOC-0026,marksheet,scanner_copy,field_3,1,1,0.0,0.0,0.0,0.0,EXACT_MATCH
404,DOC-0026,marksheet,scanner_copy,field_4,1,1,0.0,0.0,0.0,0.0,EXACT_MATCH
405,DOC-0026,marksheet,scanner_copy,field_5,1,1,0.0,0.0,0.0,0.0,EXACT_MATCH
406,DOC-0026,marksheet,scanner_copy,field_6,1,1,0.0,0.0,0.0,0.0,EXACT_MATCH
407,DOC-0026,marksheet,scanner_copy,field_7,1,1,0.0,0.0,0.0,0.0,EXACT_MATCH
408,DOC-0026,marksheet,scanner_copy,field_8,1,1,0.0,0.0,0.0,0.0,EXACT_MATCH
409,DOC-0026,marksheet,scanner_copy,field_9,1,1,0.0,0.0,0.0,0.0,EXACT_MATCH
410,DOC-0026,marksheet,scanner_copy,field_10,1,1,0.0,0.0,0.0,0.0,EXACT_MATCH
411,DOC-0026,marksheet,scanner_copy,field_11,1,1,0.0,0.0,0.0,0.0,EXACT_MATCH
412,DOC-0026,marksheet,scanner_copy,field_12,1,1,0.0,0.0,0.0,0.0,EXACT_MATCH
413,DOC-0026,marksheet,scanner_copy,field_13,1,1,0.0,0.0,0.0,0.0,EXACT_MATCH
414,DOC-0026,marksheet,scanner_copy,field_14,1,1,0.0,0.0,0.0,0.0,EXACT_MATCH
415,DOC-0026,marksheet,scanner_copy,field_15,1,1,0.0,0.0,0.0,0.0,EXACT_MATCH
416,DOC-0026,marksheet,scanner_copy,field_16,1,1,0.0,0.0,0.0,0.0,EXACT_MATCH
417,DOC-0027,student_id,mobile_camera,field_1,1,1,0.0,0.0,0.0,0.0,EXACT_MATCH
418,DOC-0027,student_id,mobile_camera,field_2,1,1,0.0,0.0,0.0,0.0,EXACT_MATCH
419,DOC-0027,student_id,mobile_camera,field_3,1,1,0.0,0.0,0.0,0.0,EXACT_MATCH
420,DOC-0027,student_id,mobile_camera,field_4,1,1,0.0,0.0,0.0,0.0,EXACT_MATCH
421,DOC-0027,student_id,mobile_camera,field_5,1,1,0.0,0.0,0.0,0.0,EXACT_MATCH
422,DOC-0027,student_id,mobile_camera,field_6,1,1,0.0,0.0,0.0,0.0,EXACT_MATCH
423,DOC-0027,student_id,mobile_camera,field_7,1,1,0.0,0.0,0.0,0.0,EXACT_MATCH
424,DOC-0027,student_id,mobile_camera,field_8,1,1,0.0,0.0,0.0,0.0,EXACT_MATCH
425,DOC-0027,student_id,mobile_camera,field_9,1,1,0.0,0.0,0.0,0.0,EXACT_MATCH
426,DOC-0027,student_id,mobile_camera,field_10,1,1,0.0,0.0,0.0,0.0,EXACT_MATCH
427,DOC-0027,student_id,mobile_camera,field_11,1,1,0.0,0.0,0.0,0.0,EXACT_MATCH
428,DOC-0027,student_id,mobile_camera,field_12,1,1,0.0,0.0,0.0,0.0,EXACT_MATCH
429,DOC-0027,student_id,mobile_camera,field_13,1,1,0.0,0.0,0.0,0.0,EXACT_MATCH
430,DOC-0027,student_id,mobile_camera,field_14,1,1,0.0,0.0,0.0,0.0,EXACT_MATCH
431,DOC-0027,student_id,mobile_camera,field_15,1,1,0.0,0.0,0.0,0.0,EXACT_MATCH
432,DOC-0027,student_id,mobile_camera,field_16,1,1,0.0,0.0,0.0,0.0,EXACT_MATCH
433,DOC-0028,certificate,rotated_90,field_1,1,1,0.0,0.0,0.0,0.0,EXACT_MATCH
434,DOC-0028,certificate,rotated_90,field_2,1,1,0.0,0.0,0.0,0.0,EXACT_MATCH
435,DOC-0028,certificate,rotated_90,field_3,1,1,0.0,0.0,0.0,0.0,EXACT_MATCH
436,DOC-0028,certificate,rotated_90,field_4,1,1,0.0,0.0,0.0,0.0,EXACT_MATCH
437,DOC-0028,certificate,rotated_90,field_5,1,1,0.0,0.0,0.0,0.0,EXACT_MATCH
438,DOC-0028,certificate,rotated_90,field_6,1,1,0.0,0.0,0.0,0.0,EXACT_MATCH
439,DOC-0028,certificate,rotated_90,field_7,1,1,0.0,0.0,0.0,0.0,EXACT_MATCH
440,DOC-0028,certificate,rotated_90,field_8,1,1,0.0,0.0,0.0,0.0,EXACT_MATCH
441,DOC-0028,certificate,rotated_90,field_9,1,1,0.0,0.0,0.0,0.0,EXACT_MATCH
442,DOC-0028,certificate,rotated_90,field_10,1,1,0.0,0.0,0.0,0.0,EXACT_MATCH
443,DOC-0028,certificate,rotated_90,field_11,1,1,0.0,0.0,0.0,0.0,EXACT_MATCH
444,DOC-0028,certificate,rotated_90,field_12,1,1,0.0,0.0,0.0,0.0,EXACT_MATCH
445,DOC-0028,certificate,rotated_90,field_13,1,1,0.0,0.0,0.0,0.0,EXACT_MATCH
446,DOC-0028,certificate,rotated_90,field_14,1,1,0.0,0.0,0.0,0.0,EXACT_MATCH
447,DOC-0028,certificate,rotated_90,field_15,1,1,0.0,0.0,0.0,0.0,EXACT_MATCH
448,DOC-0028,certificate,rotated_90,field_16,1,1,0.0,0.0,0.0,0.0,EXACT_MATCH
449,DOC-0029,marksheet,clean,field_1,1,1,0.0,0.0,0.0,0.0,EXACT_MATCH
450,DOC-0029,marksheet,clean,field_2,1,1,0.0,0.0,0.0,0.0,EXACT_MATCH
451,DOC-0029,marksheet,clean,field_3,1,1,0.0,0.0,0.0,0.0,EXACT_MATCH
452,DOC-0029,marksheet,clean,field_4,1,1,0.0,0.0,0.0,0.0,EXACT_MATCH
453,DOC-0029,marksheet,clean,field_5,1,1,0.0,0.0,0.0,0.0,EXACT_MATCH
454,DOC-0029,marksheet,clean,field_6,1,1,0.0,0.0,0.0,0.0,EXACT_MATCH
455,DOC-0029,marksheet,clean,field_7,1,1,0.0,0.0,0.0,0.0,EXACT_MATCH
456,DOC-0029,marksheet,clean,field_8,1,1,0.0,0.0,0.0,0.0,EXACT_MATCH
457,DOC-0029,marksheet,clean,field_9,1,1,0.0,0.0,0.0,0.0,EXACT_MATCH
458,DOC-0029,marksheet,clean,field_10,1,1,0.0,0.0,0.0,0.0,EXACT_MATCH
459,DOC-0029,marksheet,clean,field_11,1,1,0.0,0.0,0.0,0.0,EXACT_MATCH
460,DOC-0029,marksheet,clean,field_12,1,1,0.0,0.0,0.0,0.0,EXACT_MATCH
461,DOC-0029,marksheet,clean,field_13,1,1,0.0,0.0,0.0,0.0,EXACT_MATCH
462,DOC-0029,marksheet,clean,field_14,1,1,0.0,0.0,0.0,0.0,EXACT_MATCH
463,DOC-0029,marksheet,clean,field_15,1,1,0.0,0.0,0.0,0.0,EXACT_MATCH
464,DOC-0029,marksheet,clean,field_16,1,1,0.0,0.0,0.0,0.0,EXACT_MATCH
465,DOC-0030,student_id,scanner_copy,field_1,1,1,0.0,0.0,0.0,0.0,EXACT_MATCH
466,DOC-0030,student_id,scanner_copy,field_2,1,1,0.0,0.0,0.0,0.0,EXACT_MATCH
467,DOC-0030,student_id,scanner_copy,field_3,1,1,0.0,0.0,0.0,0.0,EXACT_MATCH
468,DOC-0030,student_id,scanner_copy,field_4,1,1,0.0,0.0,0.0,0.0,EXACT_MATCH
469,DOC-0030,student_id,scanner_copy,field_5,1,1,0.0,0.0,0.0,0.0,EXACT_MATCH
470,DOC-0030,student_id,scanner_copy,field_6,1,1,0.0,0.0,0.0,0.0,EXACT_MATCH
471,DOC-0030,student_id,scanner_copy,field_7,1,1,0.0,0.0,0.0,0.0,EXACT_MATCH
472,DOC-0030,student_id,scanner_copy,field_8,1,1,0.0,0.0,0.0,0.0,EXACT_MATCH
473,DOC-0030,student_id,scanner_copy,field_9,1,1,0.0,0.0,0.0,0.0,EXACT_MATCH
474,DOC-0030,student_id,scanner_copy,field_10,1,1,0.0,0.0,0.0,0.0,EXACT_MATCH
475,DOC-0030,student_id,scanner_copy,field_11,1,1,0.0,0.0,0.0,0.0,EXACT_MATCH
476,DOC-0030,student_id,scanner_copy,field_12,1,1,0.0,0.0,0.0,0.0,EXACT_MATCH
477,DOC-0030,student_id,scanner_copy,field_13,1,1,0.0,0.0,0.0,0.0,EXACT_MATCH
478,DOC-0030,student_id,scanner_copy,field_14,1,1,0.0,0.0,0.0,0.0,EXACT_MATCH
479,DOC-0030,student_id,scanner_copy,field_15,1,1,0.0,0.0,0.0,0.0,EXACT_MATCH
480,DOC-0030,student_id,scanner_copy,field_16,1,1,0.0,0.0,0.0,0.0,EXACT_MATCH
481,DOC-0031,certificate,mobile_camera,field_1,1,1,0.0,0.0,0.0,0.0,EXACT_MATCH
482,DOC-0031,certificate,mobile_camera,field_2,1,1,0.0,0.0,0.0,0.0,EXACT_MATCH
483,DOC-0031,certificate,mobile_camera,field_3,1,1,0.0,0.0,0.0,0.0,EXACT_MATCH
484,DOC-0031,certificate,mobile_camera,field_4,1,1,0.0,0.0,0.0,0.0,EXACT_MATCH
485,DOC-0031,certificate,mobile_camera,field_5,1,1,0.0,0.0,0.0,0.0,EXACT_MATCH
486,DOC-0031,certificate,mobile_camera,field_6,1,1,0.0,0.0,0.0,0.0,EXACT_MATCH
487,DOC-0031,certificate,mobile_camera,field_7,1,1,0.0,0.0,0.0,0.0,EXACT_MATCH
488,DOC-0031,certificate,mobile_camera,field_8,1,1,0.0,0.0,0.0,0.0,EXACT_MATCH
489,DOC-0031,certificate,mobile_camera,field_9,1,1,0.0,0.0,0.0,0.0,EXACT_MATCH
490,DOC-0031,certificate,mobile_camera,field_10,1,1,0.0,0.0,0.0,0.0,EXACT_MATCH
491,DOC-0031,certificate,mobile_camera,field_11,1,1,0.0,0.0,0.0,0.0,EXACT_MATCH
492,DOC-0031,certificate,mobile_camera,field_12,1,1,0.0,0.0,0.0,0.0,EXACT_MATCH
493,DOC-0031,certificate,mobile_camera,field_13,1,1,0.0,0.0,0.0,0.0,EXACT_MATCH
494,DOC-0031,certificate,mobile_camera,field_14,1,1,0.0,0.0,0.0,0.0,EXACT_MATCH
495,DOC-0031,certificate,mobile_camera,field_15,1,1,0.0,0.0,0.0,0.0,EXACT_MATCH
496,DOC-0031,certificate,mobile_camera,field_16,1,1,0.0,0.0,0.0,0.0,EXACT_MATCH
497,DOC-0032,marksheet,rotated_90,field_1,1,1,0.0,0.0,0.0,0.0,EXACT_MATCH
498,DOC-0032,marksheet,rotated_90,field_2,1,1,0.0,0.0,0.0,0.0,EXACT_MATCH
499,DOC-0032,marksheet,rotated_90,field_3,1,1,0.0,0.0,0.0,0.0,EXACT_MATCH
500,DOC-0032,marksheet,rotated_90,field_4,1,1,0.0,0.0,0.0,0.0,EXACT_MATCH
501,DOC-0032,marksheet,rotated_90,field_5,1,1,0.0,0.0,0.0,0.0,EXACT_MATCH
502,DOC-0032,marksheet,rotated_90,field_6,1,1,0.0,0.0,0.0,0.0,EXACT_MATCH
503,DOC-0032,marksheet,rotated_90,field_7,1,1,0.0,0.0,0.0,0.0,EXACT_MATCH
504,DOC-0032,marksheet,rotated_90,field_8,1,1,0.0,0.0,0.0,0.0,EXACT_MATCH
505,DOC-0032,marksheet,rotated_90,field_9,1,1,0.0,0.0,0.0,0.0,EXACT_MATCH
506,DOC-0032,marksheet,rotated_90,field_10,1,1,0.0,0.0,0.0,0.0,EXACT_MATCH
507,DOC-0032,marksheet,rotated_90,field_11,1,1,0.0,0.0,0.0,0.0,EXACT_MATCH
508,DOC-0032,marksheet,rotated_90,field_12,1,1,0.0,0.0,0.0,0.0,EXACT_MATCH
509,DOC-0032,marksheet,rotated_90,field_13,1,1,0.0,0.0,0.0,0.0,EXACT_MATCH
510,DOC-0032,marksheet,rotated_90,field_14,1,1,0.0,0.0,0.0,0.0,EXACT_MATCH
511,DOC-0032,marksheet,rotated_90,field_15,1,1,0.0,0.0,0.0,0.0,EXACT_MATCH
512,DOC-0032,marksheet,rotated_90,field_16,1,1,0.0,0.0,0.0,0.0,EXACT_MATCH
513,DOC-0033,student_id,clean,field_1,1,1,0.0,0.0,0.0,0.0,EXACT_MATCH
514,DOC-0033,student_id,clean,field_2,1,1,0.0,0.0,0.0,0.0,EXACT_MATCH
515,DOC-0033,student_id,clean,field_3,1,1,0.0,0.0,0.0,0.0,EXACT_MATCH
516,DOC-0033,student_id,clean,field_4,1,1,0.0,0.0,0.0,0.0,EXACT_MATCH
517,DOC-0033,student_id,clean,field_5,1,1,0.0,0.0,0.0,0.0,EXACT_MATCH
518,DOC-0033,student_id,clean,field_6,1,1,0.0,0.0,0.0,0.0,EXACT_MATCH
519,DOC-0033,student_id,clean,field_7,1,1,0.0,0.0,0.0,0.0,EXACT_MATCH
520,DOC-0033,student_id,clean,field_8,1,1,0.0,0.0,0.0,0.0,EXACT_MATCH
521,DOC-0033,student_id,clean,field_9,1,1,0.0,0.0,0.0,0.0,EXACT_MATCH
522,DOC-0033,student_id,clean,field_10,1,1,0.0,0.0,0.0,0.0,EXACT_MATCH
523,DOC-0033,student_id,clean,field_11,1,1,0.0,0.0,0.0,0.0,EXACT_MATCH
524,DOC-0033,student_id,clean,field_12,1,1,0.0,0.0,0.0,0.0,EXACT_MATCH
525,DOC-0033,student_id,clean,field_13,1,1,0.0,0.0,0.0,0.0,EXACT_MATCH
526,DOC-0033,student_id,clean,field_14,1,1,0.0,0.0,0.0,0.0,EXACT_MATCH
527,DOC-0033,student_id,clean,field_15,1,1,0.0,0.0,0.0,0.0,EXACT_MATCH
528,DOC-0033,student_id,clean,field_16,1,1,0.0,0.0,0.0,0.0,EXACT_MATCH
529,DOC-0034,certificate,scanner_copy,field_1,1,1,0.0,0.0,0.0,0.0,EXACT_MATCH
530,DOC-0034,certificate,scanner_copy,field_2,1,1,0.0,0.0,0.0,0.0,EXACT_MATCH
531,DOC-0034,certificate,scanner_copy,field_3,1,1,0.0,0.0,0.0,0.0,EXACT_MATCH
532,DOC-0034,certificate,scanner_copy,field_4,1,1,0.0,0.0,0.0,0.0,EXACT_MATCH
533,DOC-0034,certificate,scanner_copy,field_5,1,1,0.0,0.0,0.0,0.0,EXACT_MATCH
534,DOC-0034,certificate,scanner_copy,field_6,1,1,0.0,0.0,0.0,0.0,EXACT_MATCH
535,DOC-0034,certificate,scanner_copy,field_7,1,1,0.0,0.0,0.0,0.0,EXACT_MATCH
536,DOC-0034,certificate,scanner_copy,field_8,1,1,0.0,0.0,0.0,0.0,EXACT_MATCH
537,DOC-0034,certificate,scanner_copy,field_9,1,1,0.0,0.0,0.0,0.0,EXACT_MATCH
538,DOC-0034,certificate,scanner_copy,field_10,1,1,0.0,0.0,0.0,0.0,EXACT_MATCH
539,DOC-0034,certificate,scanner_copy,field_11,1,1,0.0,0.0,0.0,0.0,EXACT_MATCH
540,DOC-0034,certificate,scanner_copy,field_12,1,1,0.0,0.0,0.0,0.0,EXACT_MATCH
541,DOC-0034,certificate,scanner_copy,field_13,1,1,0.0,0.0,0.0,0.0,EXACT_MATCH
542,DOC-0034,certificate,scanner_copy,field_14,1,1,0.0,0.0,0.0,0.0,EXACT_MATCH
543,DOC-0034,certificate,scanner_copy,field_15,1,1,0.0,0.0,0.0,0.0,EXACT_MATCH
544,DOC-0034,certificate,scanner_copy,field_16,1,1,0.0,0.0,0.0,0.0,EXACT_MATCH
545,DOC-0035,marksheet,mobile_camera,field_1,1,1,0.0,0.0,0.0,0.0,EXACT_MATCH
546,DOC-0035,marksheet,mobile_camera,field_2,1,1,0.0,0.0,0.0,0.0,EXACT_MATCH
547,DOC-0035,marksheet,mobile_camera,field_3,1,1,0.0,0.0,0.0,0.0,EXACT_MATCH
548,DOC-0035,marksheet,mobile_camera,field_4,1,1,0.0,0.0,0.0,0.0,EXACT_MATCH
549,DOC-0035,marksheet,mobile_camera,field_5,1,1,0.0,0.0,0.0,0.0,EXACT_MATCH
550,DOC-0035,marksheet,mobile_camera,field_6,1,1,0.0,0.0,0.0,0.0,EXACT_MATCH
551,DOC-0035,marksheet,mobile_camera,field_7,1,1,0.0,0.0,0.0,0.0,EXACT_MATCH
552,DOC-0035,marksheet,mobile_camera,field_8,1,1,0.0,0.0,0.0,0.0,EXACT_MATCH
553,DOC-0035,marksheet,mobile_camera,field_9,1,1,0.0,0.0,0.0,0.0,EXACT_MATCH
554,DOC-0035,marksheet,mobile_camera,field_10,1,1,0.0,0.0,0.0,0.0,EXACT_MATCH
555,DOC-0035,marksheet,mobile_camera,field_11,1,1,0.0,0.0,0.0,0.0,EXACT_MATCH
556,DOC-0035,marksheet,mobile_camera,field_12,1,1,0.0,0.0,0.0,0.0,EXACT_MATCH
557,DOC-0035,marksheet,mobile_camera,field_13,1,1,0.0,0.0,0.0,0.0,EXACT_MATCH
558,DOC-0035,marksheet,mobile_camera,field_14,1,1,0.0,0.0,0.0,0.0,EXACT_MATCH
559,DOC-0035,marksheet,mobile_camera,field_15,1,1,0.0,0.0,0.0,0.0,EXACT_MATCH
560,DOC-0035,marksheet,mobile_camera,field_16,1,1,0.0,0.0,0.0,0.0,EXACT_MATCH
561,DOC-0036,student_id,rotated_90,field_1,1,1,0.0,0.0,0.0,0.0,EXACT_MATCH
562,DOC-0036,student_id,rotated_90,field_2,1,1,0.0,0.0,0.0,0.0,EXACT_MATCH
563,DOC-0036,student_id,rotated_90,field_3,1,1,0.0,0.0,0.0,0.0,EXACT_MATCH
564,DOC-0036,student_id,rotated_90,field_4,1,1,0.0,0.0,0.0,0.0,EXACT_MATCH
565,DOC-0036,student_id,rotated_90,field_5,1,1,0.0,0.0,0.0,0.0,EXACT_MATCH
566,DOC-0036,student_id,rotated_90,field_6,1,1,0.0,0.0,0.0,0.0,EXACT_MATCH
567,DOC-0036,student_id,rotated_90,field_7,1,1,0.0,0.0,0.0,0.0,EXACT_MATCH
568,DOC-0036,student_id,rotated_90,field_8,1,1,0.0,0.0,0.0,0.0,EXACT_MATCH
569,DOC-0036,student_id,rotated_90,field_9,1,1,0.0,0.0,0.0,0.0,EXACT_MATCH
570,DOC-0036,student_id,rotated_90,field_10,1,1,0.0,0.0,0.0,0.0,EXACT_MATCH
571,DOC-0036,student_id,rotated_90,field_11,1,1,0.0,0.0,0.0,0.0,EXACT_MATCH
572,DOC-0036,student_id,rotated_90,field_12,1,1,0.0,0.0,0.0,0.0,EXACT_MATCH
573,DOC-0036,student_id,rotated_90,field_13,1,1,0.0,0.0,0.0,0.0,EXACT_MATCH
574,DOC-0036,student_id,rotated_90,field_14,1,1,0.0,0.0,0.0,0.0,EXACT_MATCH
575,DOC-0036,student_id,rotated_90,field_15,1,1,0.0,0.0,0.0,0.0,EXACT_MATCH
576,DOC-0036,student_id,rotated_90,field_16,1,1,0.0,0.0,0.0,0.0,EXACT_MATCH
577,DOC-0037,certificate,clean,field_1,1,1,0.0,0.0,0.0,0.0,EXACT_MATCH
578,DOC-0037,certificate,clean,field_2,1,1,0.0,0.0,0.0,0.0,EXACT_MATCH
579,DOC-0037,certificate,clean,field_3,1,1,0.0,0.0,0.0,0.0,EXACT_MATCH
580,DOC-0037,certificate,clean,field_4,1,1,0.0,0.0,0.0,0.0,EXACT_MATCH
581,DOC-0037,certificate,clean,field_5,1,1,0.0,0.0,0.0,0.0,EXACT_MATCH
582,DOC-0037,certificate,clean,field_6,1,1,0.0,0.0,0.0,0.0,EXACT_MATCH
583,DOC-0037,certificate,clean,field_7,1,1,0.0,0.0,0.0,0.0,EXACT_MATCH
584,DOC-0037,certificate,clean,field_8,1,1,0.0,0.0,0.0,0.0,EXACT_MATCH
585,DOC-0037,certificate,clean,field_9,1,1,0.0,0.0,0.0,0.0,EXACT_MATCH
586,DOC-0037,certificate,clean,field_10,1,1,0.0,0.0,0.0,0.0,EXACT_MATCH
587,DOC-0037,certificate,clean,field_11,1,1,0.0,0.0,0.0,0.0,EXACT_MATCH
588,DOC-0037,certificate,clean,field_12,1,1,0.0,0.0,0.0,0.0,EXACT_MATCH
589,DOC-0037,certificate,clean,field_13,1,1,0.0,0.0,0.0,0.0,EXACT_MATCH
590,DOC-0037,certificate,clean,field_14,1,1,0.0,0.0,0.0,0.0,EXACT_MATCH
591,DOC-0037,certificate,clean,field_15,1,1,0.0,0.0,0.0,0.0,EXACT_MATCH
592,DOC-0037,certificate,clean,field_16,1,1,0.0,0.0,0.0,0.0,EXACT_MATCH
593,DOC-0038,marksheet,scanner_copy,field_1,1,1,0.0,0.0,0.0,0.0,EXACT_MATCH
594,DOC-0038,marksheet,scanner_copy,field_2,1,1,0.0,0.0,0.0,0.0,EXACT_MATCH
595,DOC-0038,marksheet,scanner_copy,field_3,1,1,0.0,0.0,0.0,0.0,EXACT_MATCH
596,DOC-0038,marksheet,scanner_copy,field_4,1,1,0.0,0.0,0.0,0.0,EXACT_MATCH
597,DOC-0038,marksheet,scanner_copy,field_5,1,1,0.0,0.0,0.0,0.0,EXACT_MATCH
598,DOC-0038,marksheet,scanner_copy,field_6,1,1,0.0,0.0,0.0,0.0,EXACT_MATCH
599,DOC-0038,marksheet,scanner_copy,field_7,1,1,0.0,0.0,0.0,0.0,EXACT_MATCH
600,DOC-0038,marksheet,scanner_copy,field_8,1,1,0.0,0.0,0.0,0.0,EXACT_MATCH
601,DOC-0038,marksheet,scanner_copy,field_9,1,1,0.0,0.0,0.0,0.0,EXACT_MATCH
602,DOC-0038,marksheet,scanner_copy,field_10,1,1,0.0,0.0,0.0,0.0,EXACT_MATCH
603,DOC-0038,marksheet,scanner_copy,field_11,1,1,0.0,0.0,0.0,0.0,EXACT_MATCH
604,DOC-0038,marksheet,scanner_copy,field_12,1,1,0.0,0.0,0.0,0.0,EXACT_MATCH
605,DOC-0038,marksheet,scanner_copy,field_13,1,1,0.0,0.0,0.0,0.0,EXACT_MATCH
606,DOC-0038,marksheet,scanner_copy,field_14,1,1,0.0,0.0,0.0,0.0,EXACT_MATCH
607,DOC-0038,marksheet,scanner_copy,field_15,1,1,0.0,0.0,0.0,0.0,EXACT_MATCH
608,DOC-0038,marksheet,scanner_copy,field_16,1,1,0.0,0.0,0.0,0.0,EXACT_MATCH
609,DOC-0039,student_id,mobile_camera,field_1,1,1,0.0,0.0,0.0,0.0,EXACT_MATCH
610,DOC-0039,student_id,mobile_camera,field_2,1,1,0.0,0.0,0.0,0.0,EXACT_MATCH
611,DOC-0039,student_id,mobile_camera,field_3,1,1,0.0,0.0,0.0,0.0,EXACT_MATCH
612,DOC-0039,student_id,mobile_camera,field_4,1,1,0.0,0.0,0.0,0.0,EXACT_MATCH
613,DOC-0039,student_id,mobile_camera,field_5,1,1,0.0,0.0,0.0,0.0,EXACT_MATCH
614,DOC-0039,student_id,mobile_camera,field_6,1,1,0.0,0.0,0.0,0.0,EXACT_MATCH
615,DOC-0039,student_id,mobile_camera,field_7,1,1,0.0,0.0,0.0,0.0,EXACT_MATCH
616,DOC-0039,student_id,mobile_camera,field_8,1,1,0.0,0.0,0.0,0.0,EXACT_MATCH
617,DOC-0039,student_id,mobile_camera,field_9,1,1,0.0,0.0,0.0,0.0,EXACT_MATCH
618,DOC-0039,student_id,mobile_camera,field_10,1,1,0.0,0.0,0.0,0.0,EXACT_MATCH
619,DOC-0039,student_id,mobile_camera,field_11,1,1,0.0,0.0,0.0,0.0,EXACT_MATCH
620,DOC-0039,student_id,mobile_camera,field_12,1,1,0.0,0.0,0.0,0.0,EXACT_MATCH
621,DOC-0039,student_id,mobile_camera,field_13,1,1,0.0,0.0,0.0,0.0,EXACT_MATCH
622,DOC-0039,student_id,mobile_camera,field_14,1,1,0.0,0.0,0.0,0.0,EXACT_MATCH
623,DOC-0039,student_id,mobile_camera,field_15,1,1,0.0,0.0,0.0,0.0,EXACT_MATCH
624,DOC-0039,student_id,mobile_camera,field_16,1,1,0.0,0.0,0.0,0.0,EXACT_MATCH
625,DOC-0040,certificate,rotated_90,field_1,1,1,0.0,0.0,0.0,0.0,EXACT_MATCH
626,DOC-0040,certificate,rotated_90,field_2,1,1,0.0,0.0,0.0,0.0,EXACT_MATCH
627,DOC-0040,certificate,rotated_90,field_3,1,1,0.0,0.0,0.0,0.0,EXACT_MATCH
628,DOC-0040,certificate,rotated_90,field_4,1,1,0.0,0.0,0.0,0.0,EXACT_MATCH
629,DOC-0040,certificate,rotated_90,field_5,1,1,0.0,0.0,0.0,0.0,EXACT_MATCH
630,DOC-0040,certificate,rotated_90,field_6,1,1,0.0,0.0,0.0,0.0,EXACT_MATCH
631,DOC-0040,certificate,rotated_90,field_7,1,1,0.0,0.0,0.0,0.0,EXACT_MATCH
632,DOC-0040,certificate,rotated_90,field_8,1,1,0.0,0.0,0.0,0.0,EXACT_MATCH
633,DOC-0040,certificate,rotated_90,field_9,1,1,0.0,0.0,0.0,0.0,EXACT_MATCH
634,DOC-0040,certificate,rotated_90,field_10,1,1,0.0,0.0,0.0,0.0,EXACT_MATCH
635,DOC-0040,certificate,rotated_90,field_11,1,1,0.0,0.0,0.0,0.0,EXACT_MATCH
636,DOC-0040,certificate,rotated_90,field_12,1,1,0.0,0.0,0.0,0.0,EXACT_MATCH
637,DOC-0040,certificate,rotated_90,field_13,1,1,0.0,0.0,0.0,0.0,EXACT_MATCH
638,DOC-0040,certificate,rotated_90,field_14,1,1,0.0,0.0,0.0,0.0,EXACT_MATCH
639,DOC-0040,certificate,rotated_90,field_15,1,1,0.0,0.0,0.0,0.0,EXACT_MATCH
640,DOC-0040,certificate,rotated_90,field_16,1,1,0.0,0.0,0.0,0.0,EXACT_MATCH
641,DOC-0041,marksheet,clean,field_1,1,1,0.0,0.0,0.0,0.0,EXACT_MATCH
642,DOC-0041,marksheet,clean,field_2,1,1,0.0,0.0,0.0,0.0,EXACT_MATCH
643,DOC-0041,marksheet,clean,field_3,1,1,0.0,0.0,0.0,0.0,EXACT_MATCH
644,DOC-0041,marksheet,clean,field_4,1,1,0.0,0.0,0.0,0.0,EXACT_MATCH
645,DOC-0041,marksheet,clean,field_5,1,1,0.0,0.0,0.0,0.0,EXACT_MATCH
646,DOC-0041,marksheet,clean,field_6,1,1,0.0,0.0,0.0,0.0,EXACT_MATCH
647,DOC-0041,marksheet,clean,field_7,1,1,0.0,0.0,0.0,0.0,EXACT_MATCH
648,DOC-0041,marksheet,clean,field_8,1,1,0.0,0.0,0.0,0.0,EXACT_MATCH
649,DOC-0041,marksheet,clean,field_9,1,1,0.0,0.0,0.0,0.0,EXACT_MATCH
650,DOC-0041,marksheet,clean,field_10,1,1,0.0,0.0,0.0,0.0,EXACT_MATCH
651,DOC-0041,marksheet,clean,field_11,1,1,0.0,0.0,0.0,0.0,EXACT_MATCH
652,DOC-0041,marksheet,clean,field_12,1,1,0.0,0.0,0.0,0.0,EXACT_MATCH
653,DOC-0041,marksheet,clean,field_13,1,1,0.0,0.0,0.0,0.0,EXACT_MATCH
654,DOC-0041,marksheet,clean,field_14,1,1,0.0,0.0,0.0,0.0,EXACT_MATCH
655,DOC-0041,marksheet,clean,field_15,1,1,0.0,0.0,0.0,0.0,EXACT_MATCH
656,DOC-0041,marksheet,clean,field_16,1,1,0.0,0.0,0.0,0.0,EXACT_MATCH
657,DOC-0042,student_id,scanner_copy,field_1,1,1,0.0,0.0,0.0,0.0,EXACT_MATCH
658,DOC-0042,student_id,scanner_copy,field_2,1,1,0.0,0.0,0.0,0.0,EXACT_MATCH
659,DOC-0042,student_id,scanner_copy,field_3,1,1,0.0,0.0,0.0,0.0,EXACT_MATCH
660,DOC-0042,student_id,scanner_copy,field_4,1,1,0.0,0.0,0.0,0.0,EXACT_MATCH
661,DOC-0042,student_id,scanner_copy,field_5,1,1,0.0,0.0,0.0,0.0,EXACT_MATCH
662,DOC-0042,student_id,scanner_copy,field_6,1,1,0.0,0.0,0.0,0.0,EXACT_MATCH
663,DOC-0042,student_id,scanner_copy,field_7,1,1,0.0,0.0,0.0,0.0,EXACT_MATCH
664,DOC-0042,student_id,scanner_copy,field_8,1,1,0.0,0.0,0.0,0.0,EXACT_MATCH
665,DOC-0042,student_id,scanner_copy,field_9,1,1,0.0,0.0,0.0,0.0,EXACT_MATCH
666,DOC-0042,student_id,scanner_copy,field_10,1,1,0.0,0.0,0.0,0.0,EXACT_MATCH
667,DOC-0042,student_id,scanner_copy,field_11,1,1,0.0,0.0,0.0,0.0,EXACT_MATCH
668,DOC-0042,student_id,scanner_copy,field_12,1,1,0.0,0.0,0.0,0.0,EXACT_MATCH
669,DOC-0042,student_id,scanner_copy,field_13,1,1,0.0,0.0,0.0,0.0,EXACT_MATCH
670,DOC-0042,student_id,scanner_copy,field_14,1,1,0.0,0.0,0.0,0.0,EXACT_MATCH
671,DOC-0042,student_id,scanner_copy,field_15,1,1,0.0,0.0,0.0,0.0,EXACT_MATCH
672,DOC-0042,student_id,scanner_copy,field_16,1,1,0.0,0.0,0.0,0.0,EXACT_MATCH
673,DOC-0043,certificate,mobile_camera,field_1,1,1,0.0,0.0,0.0,0.0,EXACT_MATCH
674,DOC-0043,certificate,mobile_camera,field_2,1,1,0.0,0.0,0.0,0.0,EXACT_MATCH
675,DOC-0043,certificate,mobile_camera,field_3,1,1,0.0,0.0,0.0,0.0,EXACT_MATCH
676,DOC-0043,certificate,mobile_camera,field_4,1,1,0.0,0.0,0.0,0.0,EXACT_MATCH
677,DOC-0043,certificate,mobile_camera,field_5,1,1,0.0,0.0,0.0,0.0,EXACT_MATCH
678,DOC-0043,certificate,mobile_camera,field_6,1,1,0.0,0.0,0.0,0.0,EXACT_MATCH
679,DOC-0043,certificate,mobile_camera,field_7,1,1,0.0,0.0,0.0,0.0,EXACT_MATCH
680,DOC-0043,certificate,mobile_camera,field_8,1,1,0.0,0.0,0.0,0.0,EXACT_MATCH
681,DOC-0043,certificate,mobile_camera,field_9,1,1,0.0,0.0,0.0,0.0,EXACT_MATCH
682,DOC-0043,certificate,mobile_camera,field_10,1,1,0.0,0.0,0.0,0.0,EXACT_MATCH
683,DOC-0043,certificate,mobile_camera,field_11,1,1,0.0,0.0,0.0,0.0,EXACT_MATCH
684,DOC-0043,certificate,mobile_camera,field_12,1,1,0.0,0.0,0.0,0.0,EXACT_MATCH
685,DOC-0043,certificate,mobile_camera,field_13,1,1,0.0,0.0,0.0,0.0,EXACT_MATCH
686,DOC-0043,certificate,mobile_camera,field_14,1,1,0.0,0.0,0.0,0.0,EXACT_MATCH
687,DOC-0043,certificate,mobile_camera,field_15,1,1,0.0,0.0,0.0,0.0,EXACT_MATCH
688,DOC-0043,certificate,mobile_camera,field_16,1,1,0.0,0.0,0.0,0.0,EXACT_MATCH
689,DOC-0044,marksheet,rotated_90,field_1,1,1,0.0,0.0,0.0,0.0,EXACT_MATCH
690,DOC-0044,marksheet,rotated_90,field_2,1,1,0.0,0.0,0.0,0.0,EXACT_MATCH
691,DOC-0044,marksheet,rotated_90,field_3,1,1,0.0,0.0,0.0,0.0,EXACT_MATCH
692,DOC-0044,marksheet,rotated_90,field_4,1,1,0.0,0.0,0.0,0.0,EXACT_MATCH
693,DOC-0044,marksheet,rotated_90,field_5,1,1,0.0,0.0,0.0,0.0,EXACT_MATCH
694,DOC-0044,marksheet,rotated_90,field_6,1,1,0.0,0.0,0.0,0.0,EXACT_MATCH
695,DOC-0044,marksheet,rotated_90,field_7,1,1,0.0,0.0,0.0,0.0,EXACT_MATCH
696,DOC-0044,marksheet,rotated_90,field_8,1,1,0.0,0.0,0.0,0.0,EXACT_MATCH
697,DOC-0044,marksheet,rotated_90,field_9,1,1,0.0,0.0,0.0,0.0,EXACT_MATCH
698,DOC-0044,marksheet,rotated_90,field_10,1,1,0.0,0.0,0.0,0.0,EXACT_MATCH
699,DOC-0044,marksheet,rotated_90,field_11,1,1,0.0,0.0,0.0,0.0,EXACT_MATCH
700,DOC-0044,marksheet,rotated_90,field_12,1,1,0.0,0.0,0.0,0.0,EXACT_MATCH
701,DOC-0044,marksheet,rotated_90,field_13,1,1,0.0,0.0,0.0,0.0,EXACT_MATCH
702,DOC-0044,marksheet,rotated_90,field_14,1,1,0.0,0.0,0.0,0.0,EXACT_MATCH
703,DOC-0044,marksheet,rotated_90,field_15,1,1,0.0,0.0,0.0,0.0,EXACT_MATCH
704,DOC-0044,marksheet,rotated_90,field_16,1,1,0.0,0.0,0.0,0.0,EXACT_MATCH
705,DOC-0045,student_id,clean,field_1,1,1,0.0,0.0,0.0,0.0,EXACT_MATCH
706,DOC-0045,student_id,clean,field_2,1,1,0.0,0.0,0.0,0.0,EXACT_MATCH
707,DOC-0045,student_id,clean,field_3,1,1,0.0,0.0,0.0,0.0,EXACT_MATCH
708,DOC-0045,student_id,clean,field_4,1,1,0.0,0.0,0.0,0.0,EXACT_MATCH
709,DOC-0045,student_id,clean,field_5,1,1,0.0,0.0,0.0,0.0,EXACT_MATCH
710,DOC-0045,student_id,clean,field_6,1,1,0.0,0.0,0.0,0.0,EXACT_MATCH
711,DOC-0045,student_id,clean,field_7,1,1,0.0,0.0,0.0,0.0,EXACT_MATCH
712,DOC-0045,student_id,clean,field_8,1,1,0.0,0.0,0.0,0.0,EXACT_MATCH
713,DOC-0045,student_id,clean,field_9,1,1,0.0,0.0,0.0,0.0,EXACT_MATCH
714,DOC-0045,student_id,clean,field_10,1,1,0.0,0.0,0.0,0.0,EXACT_MATCH
715,DOC-0045,student_id,clean,field_11,1,1,0.0,0.0,0.0,0.0,EXACT_MATCH
716,DOC-0045,student_id,clean,field_12,1,1,0.0,0.0,0.0,0.0,EXACT_MATCH
717,DOC-0045,student_id,clean,field_13,1,1,0.0,0.0,0.0,0.0,EXACT_MATCH
718,DOC-0045,student_id,clean,field_14,1,1,0.0,0.0,0.0,0.0,EXACT_MATCH
719,DOC-0045,student_id,clean,field_15,1,1,0.0,0.0,0.0,0.0,EXACT_MATCH
720,DOC-0045,student_id,clean,field_16,1,1,0.0,0.0,0.0,0.0,EXACT_MATCH
721,DOC-0046,certificate,scanner_copy,field_1,1,1,0.0,0.0,0.0,0.0,EXACT_MATCH
722,DOC-0046,certificate,scanner_copy,field_2,1,1,0.0,0.0,0.0,0.0,EXACT_MATCH
723,DOC-0046,certificate,scanner_copy,field_3,1,1,0.0,0.0,0.0,0.0,EXACT_MATCH
724,DOC-0046,certificate,scanner_copy,field_4,1,1,0.0,0.0,0.0,0.0,EXACT_MATCH
725,DOC-0046,certificate,scanner_copy,field_5,1,1,0.0,0.0,0.0,0.0,EXACT_MATCH
726,DOC-0046,certificate,scanner_copy,field_6,1,1,0.0,0.0,0.0,0.0,EXACT_MATCH
727,DOC-0046,certificate,scanner_copy,field_7,1,1,0.0,0.0,0.0,0.0,EXACT_MATCH
728,DOC-0046,certificate,scanner_copy,field_8,1,1,0.0,0.0,0.0,0.0,EXACT_MATCH
729,DOC-0046,certificate,scanner_copy,field_9,1,1,0.0,0.0,0.0,0.0,EXACT_MATCH
730,DOC-0046,certificate,scanner_copy,field_10,1,1,0.0,0.0,0.0,0.0,EXACT_MATCH
731,DOC-0046,certificate,scanner_copy,field_11,1,1,0.0,0.0,0.0,0.0,EXACT_MATCH
732,DOC-0046,certificate,scanner_copy,field_12,1,1,0.0,0.0,0.0,0.0,EXACT_MATCH
733,DOC-0046,certificate,scanner_copy,field_13,1,1,0.0,0.0,0.0,0.0,EXACT_MATCH
734,DOC-0046,certificate,scanner_copy,field_14,1,1,0.0,0.0,0.0,0.0,EXACT_MATCH
735,DOC-0046,certificate,scanner_copy,field_15,1,1,0.0,0.0,0.0,0.0,EXACT_MATCH
736,DOC-0046,certificate,scanner_copy,field_16,1,1,0.0,0.0,0.0,0.0,EXACT_MATCH
737,DOC-0047,marksheet,mobile_camera,field_1,1,1,0.0,0.0,0.0,0.0,EXACT_MATCH
738,DOC-0047,marksheet,mobile_camera,field_2,1,1,0.0,0.0,0.0,0.0,EXACT_MATCH
739,DOC-0047,marksheet,mobile_camera,field_3,1,1,0.0,0.0,0.0,0.0,EXACT_MATCH
740,DOC-0047,marksheet,mobile_camera,field_4,1,1,0.0,0.0,0.0,0.0,EXACT_MATCH
741,DOC-0047,marksheet,mobile_camera,field_5,1,1,0.0,0.0,0.0,0.0,EXACT_MATCH
742,DOC-0047,marksheet,mobile_camera,field_6,1,1,0.0,0.0,0.0,0.0,EXACT_MATCH
743,DOC-0047,marksheet,mobile_camera,field_7,1,1,0.0,0.0,0.0,0.0,EXACT_MATCH
744,DOC-0047,marksheet,mobile_camera,field_8,1,1,0.0,0.0,0.0,0.0,EXACT_MATCH
745,DOC-0047,marksheet,mobile_camera,field_9,1,1,0.0,0.0,0.0,0.0,EXACT_MATCH
746,DOC-0047,marksheet,mobile_camera,field_10,1,1,0.0,0.0,0.0,0.0,EXACT_MATCH
747,DOC-0047,marksheet,mobile_camera,field_11,1,1,0.0,0.0,0.0,0.0,EXACT_MATCH
748,DOC-0047,marksheet,mobile_camera,field_12,1,1,0.0,0.0,0.0,0.0,EXACT_MATCH
749,DOC-0047,marksheet,mobile_camera,field_13,1,1,0.0,0.0,0.0,0.0,EXACT_MATCH
750,DOC-0047,marksheet,mobile_camera,field_14,1,1,0.0,0.0,0.0,0.0,EXACT_MATCH
751,DOC-0047,marksheet,mobile_camera,field_15,1,1,0.0,0.0,0.0,0.0,EXACT_MATCH
752,DOC-0047,marksheet,mobile_camera,field_16,1,1,0.0,0.0,0.0,0.0,EXACT_MATCH
753,DOC-0048,student_id,rotated_90,field_1,1,1,0.0,0.0,0.0,0.0,EXACT_MATCH
754,DOC-0048,student_id,rotated_90,field_2,1,1,0.0,0.0,0.0,0.0,EXACT_MATCH
755,DOC-0048,student_id,rotated_90,field_3,1,1,0.0,0.0,0.0,0.0,EXACT_MATCH
756,DOC-0048,student_id,rotated_90,field_4,1,1,0.0,0.0,0.0,0.0,EXACT_MATCH
757,DOC-0048,student_id,rotated_90,field_5,1,1,0.0,0.0,0.0,0.0,EXACT_MATCH
758,DOC-0048,student_id,rotated_90,field_6,1,1,0.0,0.0,0.0,0.0,EXACT_MATCH
759,DOC-0048,student_id,rotated_90,field_7,1,1,0.0,0.0,0.0,0.0,EXACT_MATCH
760,DOC-0048,student_id,rotated_90,field_8,1,1,0.0,0.0,0.0,0.0,EXACT_MATCH
761,DOC-0048,student_id,rotated_90,field_9,1,1,0.0,0.0,0.0,0.0,EXACT_MATCH
762,DOC-0048,student_id,rotated_90,field_10,1,1,0.0,0.0,0.0,0.0,EXACT_MATCH
763,DOC-0048,student_id,rotated_90,field_11,1,1,0.0,0.0,0.0,0.0,EXACT_MATCH
764,DOC-0048,student_id,rotated_90,field_12,1,1,0.0,0.0,0.0,0.0,EXACT_MATCH
765,DOC-0048,student_id,rotated_90,field_13,1,1,0.0,0.0,0.0,0.0,EXACT_MATCH
766,DOC-0048,student_id,rotated_90,field_14,1,1,0.0,0.0,0.0,0.0,EXACT_MATCH
767,DOC-0048,student_id,rotated_90,field_15,1,1,0.0,0.0,0.0,0.0,EXACT_MATCH
768,DOC-0048,student_id,rotated_90,field_16,1,1,0.0,0.0,0.0,0.0,EXACT_MATCH
769,DOC-0049,certificate,clean,field_1,1,1,0.0,0.0,0.0,0.0,EXACT_MATCH
770,DOC-0049,certificate,clean,field_2,1,1,0.0,0.0,0.0,0.0,EXACT_MATCH
771,DOC-0049,certificate,clean,field_3,1,1,0.0,0.0,0.0,0.0,EXACT_MATCH
772,DOC-0049,certificate,clean,field_4,1,1,0.0,0.0,0.0,0.0,EXACT_MATCH
773,DOC-0049,certificate,clean,field_5,1,1,0.0,0.0,0.0,0.0,EXACT_MATCH
774,DOC-0049,certificate,clean,field_6,1,1,0.0,0.0,0.0,0.0,EXACT_MATCH
775,DOC-0049,certificate,clean,field_7,1,1,0.0,0.0,0.0,0.0,EXACT_MATCH
776,DOC-0049,certificate,clean,field_8,1,1,0.0,0.0,0.0,0.0,EXACT_MATCH
777,DOC-0049,certificate,clean,field_9,1,1,0.0,0.0,0.0,0.0,EXACT_MATCH
778,DOC-0049,certificate,clean,field_10,1,1,0.0,0.0,0.0,0.0,EXACT_MATCH
779,DOC-0049,certificate,clean,field_11,1,1,0.0,0.0,0.0,0.0,EXACT_MATCH
780,DOC-0049,certificate,clean,field_12,1,1,0.0,0.0,0.0,0.0,EXACT_MATCH
781,DOC-0049,certificate,clean,field_13,1,1,0.0,0.0,0.0,0.0,EXACT_MATCH
782,DOC-0049,certificate,clean,field_14,1,1,0.0,0.0,0.0,0.0,EXACT_MATCH
783,DOC-0049,certificate,clean,field_15,1,1,0.0,0.0,0.0,0.0,EXACT_MATCH
784,DOC-0049,certificate,clean,field_16,1,1,0.0,0.0,0.0,0.0,EXACT_MATCH
785,DOC-0050,marksheet,scanner_copy,field_1,1,1,0.0,0.0,0.0,0.0,EXACT_MATCH
786,DOC-0050,marksheet,scanner_copy,field_2,1,1,0.0,0.0,0.0,0.0,EXACT_MATCH
787,DOC-0050,marksheet,scanner_copy,field_3,1,1,0.0,0.0,0.0,0.0,EXACT_MATCH
788,DOC-0050,marksheet,scanner_copy,field_4,1,1,0.0,0.0,0.0,0.0,EXACT_MATCH
789,DOC-0050,marksheet,scanner_copy,field_5,1,1,0.0,0.0,0.0,0.0,EXACT_MATCH
790,DOC-0050,marksheet,scanner_copy,field_6,1,1,0.0,0.0,0.0,0.0,EXACT_MATCH
791,DOC-0050,marksheet,scanner_copy,field_7,1,1,0.0,0.0,0.0,0.0,EXACT_MATCH
792,DOC-0050,marksheet,scanner_copy,field_8,1,1,0.0,0.0,0.0,0.0,EXACT_MATCH
793,DOC-0050,marksheet,scanner_copy,field_9,1,1,0.0,0.0,0.0,0.0,EXACT_MATCH
794,DOC-0050,marksheet,scanner_copy,field_10,1,1,0.0,0.0,0.0,0.0,EXACT_MATCH
795,DOC-0050,marksheet,scanner_copy,field_11,1,1,0.0,0.0,0.0,0.0,EXACT_MATCH
796,DOC-0050,marksheet,scanner_copy,field_12,1,1,0.0,0.0,0.0,0.0,EXACT_MATCH
797,DOC-0050,marksheet,scanner_copy,field_13,1,1,0.0,0.0,0.0,0.0,EXACT_MATCH
798,DOC-0050,marksheet,scanner_copy,field_14,1,1,0.0,0.0,0.0,0.0,EXACT_MATCH
799,DOC-0050,marksheet,scanner_copy,field_15,1,1,0.0,0.0,0.0,0.0,EXACT_MATCH
800,DOC-0050,marksheet,scanner_copy,field_16,1,1,0.0,0.0,0.0,0.0,EXACT_MATCH
801,DOC-0051,student_id,mobile_camera,field_1,1,1,0.0,0.0,0.0,0.0,EXACT_MATCH
802,DOC-0051,student_id,mobile_camera,field_2,1,1,0.0,0.0,0.0,0.0,EXACT_MATCH
803,DOC-0051,student_id,mobile_camera,field_3,1,1,0.0,0.0,0.0,0.0,EXACT_MATCH
804,DOC-0051,student_id,mobile_camera,field_4,1,1,0.0,0.0,0.0,0.0,EXACT_MATCH
805,DOC-0051,student_id,mobile_camera,field_5,1,1,0.0,0.0,0.0,0.0,EXACT_MATCH
806,DOC-0051,student_id,mobile_camera,field_6,1,1,0.0,0.0,0.0,0.0,EXACT_MATCH
807,DOC-0051,student_id,mobile_camera,field_7,1,1,0.0,0.0,0.0,0.0,EXACT_MATCH
808,DOC-0051,student_id,mobile_camera,field_8,1,1,0.0,0.0,0.0,0.0,EXACT_MATCH
809,DOC-0051,student_id,mobile_camera,field_9,1,1,0.0,0.0,0.0,0.0,EXACT_MATCH
810,DOC-0051,student_id,mobile_camera,field_10,1,1,0.0,0.0,0.0,0.0,EXACT_MATCH
811,DOC-0051,student_id,mobile_camera,field_11,1,1,0.0,0.0,0.0,0.0,EXACT_MATCH
812,DOC-0051,student_id,mobile_camera,field_12,1,1,0.0,0.0,0.0,0.0,EXACT_MATCH
813,DOC-0051,student_id,mobile_camera,field_13,1,1,0.0,0.0,0.0,0.0,EXACT_MATCH
814,DOC-0051,student_id,mobile_camera,field_14,1,1,0.0,0.0,0.0,0.0,EXACT_MATCH
815,DOC-0051,student_id,mobile_camera,field_15,1,1,0.0,0.0,0.0,0.0,EXACT_MATCH
816,DOC-0051,student_id,mobile_camera,field_16,1,1,0.0,0.0,0.0,0.0,EXACT_MATCH
817,DOC-0052,certificate,rotated_90,field_1,1,1,0.0,0.0,0.0,0.0,EXACT_MATCH
818,DOC-0052,certificate,rotated_90,field_2,1,1,0.0,0.0,0.0,0.0,EXACT_MATCH
819,DOC-0052,certificate,rotated_90,field_3,1,1,0.0,0.0,0.0,0.0,EXACT_MATCH
820,DOC-0052,certificate,rotated_90,field_4,1,1,0.0,0.0,0.0,0.0,EXACT_MATCH
821,DOC-0052,certificate,rotated_90,field_5,1,1,0.0,0.0,0.0,0.0,EXACT_MATCH
822,DOC-0052,certificate,rotated_90,field_6,1,1,0.0,0.0,0.0,0.0,EXACT_MATCH
823,DOC-0052,certificate,rotated_90,field_7,1,1,0.0,0.0,0.0,0.0,EXACT_MATCH
824,DOC-0052,certificate,rotated_90,field_8,1,1,0.0,0.0,0.0,0.0,EXACT_MATCH
825,DOC-0052,certificate,rotated_90,field_9,1,1,0.0,0.0,0.0,0.0,EXACT_MATCH
826,DOC-0052,certificate,rotated_90,field_10,1,1,0.0,0.0,0.0,0.0,EXACT_MATCH
827,DOC-0052,certificate,rotated_90,field_11,1,1,0.0,0.0,0.0,0.0,EXACT_MATCH
828,DOC-0052,certificate,rotated_90,field_12,1,1,0.0,0.0,0.0,0.0,EXACT_MATCH
829,DOC-0052,certificate,rotated_90,field_13,1,1,0.0,0.0,0.0,0.0,EXACT_MATCH
830,DOC-0052,certificate,rotated_90,field_14,1,1,0.0,0.0,0.0,0.0,EXACT_MATCH
831,DOC-0052,certificate,rotated_90,field_15,1,1,0.0,0.0,0.0,0.0,EXACT_MATCH
832,DOC-0052,certificate,rotated_90,field_16,1,1,0.0,0.0,0.0,0.0,EXACT_MATCH
833,DOC-0053,marksheet,clean,field_1,1,1,0.0,0.0,0.0,0.0,EXACT_MATCH
834,DOC-0053,marksheet,clean,field_2,1,1,0.0,0.0,0.0,0.0,EXACT_MATCH
835,DOC-0053,marksheet,clean,field_3,1,1,0.0,0.0,0.0,0.0,EXACT_MATCH
836,DOC-0053,marksheet,clean,field_4,1,1,0.0,0.0,0.0,0.0,EXACT_MATCH
837,DOC-0053,marksheet,clean,field_5,1,1,0.0,0.0,0.0,0.0,EXACT_MATCH
838,DOC-0053,marksheet,clean,field_6,1,1,0.0,0.0,0.0,0.0,EXACT_MATCH
839,DOC-0053,marksheet,clean,field_7,1,1,0.0,0.0,0.0,0.0,EXACT_MATCH
840,DOC-0053,marksheet,clean,field_8,1,1,0.0,0.0,0.0,0.0,EXACT_MATCH
841,DOC-0053,marksheet,clean,field_9,1,1,0.0,0.0,0.0,0.0,EXACT_MATCH
842,DOC-0053,marksheet,clean,field_10,1,1,0.0,0.0,0.0,0.0,EXACT_MATCH
843,DOC-0053,marksheet,clean,field_11,1,1,0.0,0.0,0.0,0.0,EXACT_MATCH
844,DOC-0053,marksheet,clean,field_12,1,1,0.0,0.0,0.0,0.0,EXACT_MATCH
845,DOC-0053,marksheet,clean,field_13,1,1,0.0,0.0,0.0,0.0,EXACT_MATCH
846,DOC-0053,marksheet,clean,field_14,1,1,0.0,0.0,0.0,0.0,EXACT_MATCH
847,DOC-0053,marksheet,clean,field_15,1,1,0.0,0.0,0.0,0.0,EXACT_MATCH
848,DOC-0053,marksheet,clean,field_16,1,1,0.0,0.0,0.0,0.0,EXACT_MATCH
849,DOC-0054,student_id,scanner_copy,field_1,1,1,0.0,0.0,0.0,0.0,EXACT_MATCH
850,DOC-0054,student_id,scanner_copy,field_2,1,1,0.0,0.0,0.0,0.0,EXACT_MATCH
851,DOC-0054,student_id,scanner_copy,field_3,1,1,0.0,0.0,0.0,0.0,EXACT_MATCH
852,DOC-0054,student_id,scanner_copy,field_4,1,1,0.0,0.0,0.0,0.0,EXACT_MATCH
853,DOC-0054,student_id,scanner_copy,field_5,1,1,0.0,0.0,0.0,0.0,EXACT_MATCH
854,DOC-0054,student_id,scanner_copy,field_6,1,1,0.0,0.0,0.0,0.0,EXACT_MATCH
855,DOC-0054,student_id,scanner_copy,field_7,1,1,0.0,0.0,0.0,0.0,EXACT_MATCH
856,DOC-0054,student_id,scanner_copy,field_8,1,1,0.0,0.0,0.0,0.0,EXACT_MATCH
857,DOC-0054,student_id,scanner_copy,field_9,1,1,0.0,0.0,0.0,0.0,EXACT_MATCH
858,DOC-0054,student_id,scanner_copy,field_10,1,1,0.0,0.0,0.0,0.0,EXACT_MATCH
859,DOC-0054,student_id,scanner_copy,field_11,1,1,0.0,0.0,0.0,0.0,EXACT_MATCH
860,DOC-0054,student_id,scanner_copy,field_12,1,1,0.0,0.0,0.0,0.0,EXACT_MATCH
861,DOC-0054,student_id,scanner_copy,field_13,1,1,0.0,0.0,0.0,0.0,EXACT_MATCH
862,DOC-0054,student_id,scanner_copy,field_14,1,1,0.0,0.0,0.0,0.0,EXACT_MATCH
863,DOC-0054,student_id,scanner_copy,field_15,1,1,0.0,0.0,0.0,0.0,EXACT_MATCH
864,DOC-0054,student_id,scanner_copy,field_16,1,1,0.0,0.0,0.0,0.0,EXACT_MATCH
865,DOC-0055,certificate,mobile_camera,field_1,1,1,0.0,0.0,0.0,0.0,EXACT_MATCH
866,DOC-0055,certificate,mobile_camera,field_2,1,1,0.0,0.0,0.0,0.0,EXACT_MATCH
867,DOC-0055,certificate,mobile_camera,field_3,1,1,0.0,0.0,0.0,0.0,EXACT_MATCH
868,DOC-0055,certificate,mobile_camera,field_4,1,1,0.0,0.0,0.0,0.0,EXACT_MATCH
869,DOC-0055,certificate,mobile_camera,field_5,1,1,0.0,0.0,0.0,0.0,EXACT_MATCH
870,DOC-0055,certificate,mobile_camera,field_6,1,1,0.0,0.0,0.0,0.0,EXACT_MATCH
871,DOC-0055,certificate,mobile_camera,field_7,1,1,0.0,0.0,0.0,0.0,EXACT_MATCH
872,DOC-0055,certificate,mobile_camera,field_8,1,1,0.0,0.0,0.0,0.0,EXACT_MATCH
873,DOC-0055,certificate,mobile_camera,field_9,1,1,0.0,0.0,0.0,0.0,EXACT_MATCH
874,DOC-0055,certificate,mobile_camera,field_10,1,1,0.0,0.0,0.0,0.0,EXACT_MATCH
875,DOC-0055,certificate,mobile_camera,field_11,1,1,0.0,0.0,0.0,0.0,EXACT_MATCH
876,DOC-0055,certificate,mobile_camera,field_12,1,1,0.0,0.0,0.0,0.0,EXACT_MATCH
877,DOC-0055,certificate,mobile_camera,field_13,1,1,0.0,0.0,0.0,0.0,EXACT_MATCH
878,DOC-0055,certificate,mobile_camera,field_14,1,1,0.0,0.0,0.0,0.0,EXACT_MATCH
879,DOC-0055,certificate,mobile_camera,field_15,1,1,0.0,0.0,0.0,0.0,EXACT_MATCH
880,DOC-0055,certificate,mobile_camera,field_16,1,1,0.0,0.0,0.0,0.0,EXACT_MATCH
881,DOC-0056,marksheet,rotated_90,field_1,1,1,0.0,0.0,0.0,0.0,EXACT_MATCH
882,DOC-0056,marksheet,rotated_90,field_2,1,1,0.0,0.0,0.0,0.0,EXACT_MATCH
883,DOC-0056,marksheet,rotated_90,field_3,1,1,0.0,0.0,0.0,0.0,EXACT_MATCH
884,DOC-0056,marksheet,rotated_90,field_4,1,1,0.0,0.0,0.0,0.0,EXACT_MATCH
885,DOC-0056,marksheet,rotated_90,field_5,1,1,0.0,0.0,0.0,0.0,EXACT_MATCH
886,DOC-0056,marksheet,rotated_90,field_6,1,1,0.0,0.0,0.0,0.0,EXACT_MATCH
887,DOC-0056,marksheet,rotated_90,field_7,1,1,0.0,0.0,0.0,0.0,EXACT_MATCH
888,DOC-0056,marksheet,rotated_90,field_8,1,1,0.0,0.0,0.0,0.0,EXACT_MATCH
889,DOC-0056,marksheet,rotated_90,field_9,1,1,0.0,0.0,0.0,0.0,EXACT_MATCH
890,DOC-0056,marksheet,rotated_90,field_10,1,1,0.0,0.0,0.0,0.0,EXACT_MATCH
891,DOC-0056,marksheet,rotated_90,field_11,1,1,0.0,0.0,0.0,0.0,EXACT_MATCH
892,DOC-0056,marksheet,rotated_90,field_12,1,1,0.0,0.0,0.0,0.0,EXACT_MATCH
893,DOC-0056,marksheet,rotated_90,field_13,1,1,0.0,0.0,0.0,0.0,EXACT_MATCH
894,DOC-0056,marksheet,rotated_90,field_14,1,1,0.0,0.0,0.0,0.0,EXACT_MATCH
895,DOC-0056,marksheet,rotated_90,field_15,1,1,0.0,0.0,0.0,0.0,EXACT_MATCH
896,DOC-0056,marksheet,rotated_90,field_16,1,1,0.0,0.0,0.0,0.0,EXACT_MATCH
897,DOC-0057,student_id,clean,field_1,1,1,0.0,0.0,0.0,0.0,EXACT_MATCH
898,DOC-0057,student_id,clean,field_2,1,1,0.0,0.0,0.0,0.0,EXACT_MATCH
899,DOC-0057,student_id,clean,field_3,1,1,0.0,0.0,0.0,0.0,EXACT_MATCH
900,DOC-0057,student_id,clean,field_4,1,1,0.0,0.0,0.0,0.0,EXACT_MATCH
901,DOC-0057,student_id,clean,field_5,1,1,0.0,0.0,0.0,0.0,EXACT_MATCH
902,DOC-0057,student_id,clean,field_6,1,1,0.0,0.0,0.0,0.0,EXACT_MATCH
903,DOC-0057,student_id,clean,field_7,1,1,0.0,0.0,0.0,0.0,EXACT_MATCH
904,DOC-0057,student_id,clean,field_8,1,1,0.0,0.0,0.0,0.0,EXACT_MATCH
905,DOC-0057,student_id,clean,field_9,1,1,0.0,0.0,0.0,0.0,EXACT_MATCH
906,DOC-0057,student_id,clean,field_10,1,1,0.0,0.0,0.0,0.0,EXACT_MATCH
907,DOC-0057,student_id,clean,field_11,1,1,0.0,0.0,0.0,0.0,EXACT_MATCH
908,DOC-0057,student_id,clean,field_12,1,1,0.0,0.0,0.0,0.0,EXACT_MATCH
909,DOC-0057,student_id,clean,field_13,1,1,0.0,0.0,0.0,0.0,EXACT_MATCH
910,DOC-0057,student_id,clean,field_14,1,1,0.0,0.0,0.0,0.0,EXACT_MATCH
911,DOC-0057,student_id,clean,field_15,1,1,0.0,0.0,0.0,0.0,EXACT_MATCH
912,DOC-0057,student_id,clean,field_16,1,1,0.0,0.0,0.0,0.0,EXACT_MATCH
913,DOC-0058,certificate,scanner_copy,field_1,1,1,0.0,0.0,0.0,0.0,EXACT_MATCH
914,DOC-0058,certificate,scanner_copy,field_2,1,1,0.0,0.0,0.0,0.0,EXACT_MATCH
915,DOC-0058,certificate,scanner_copy,field_3,1,1,0.0,0.0,0.0,0.0,EXACT_MATCH
916,DOC-0058,certificate,scanner_copy,field_4,1,1,0.0,0.0,0.0,0.0,EXACT_MATCH
917,DOC-0058,certificate,scanner_copy,field_5,1,1,0.0,0.0,0.0,0.0,EXACT_MATCH
918,DOC-0058,certificate,scanner_copy,field_6,1,1,0.0,0.0,0.0,0.0,EXACT_MATCH
919,DOC-0058,certificate,scanner_copy,field_7,1,1,0.0,0.0,0.0,0.0,EXACT_MATCH
920,DOC-0058,certificate,scanner_copy,field_8,1,1,0.0,0.0,0.0,0.0,EXACT_MATCH
921,DOC-0058,certificate,scanner_copy,field_9,1,1,0.0,0.0,0.0,0.0,EXACT_MATCH
922,DOC-0058,certificate,scanner_copy,field_10,1,1,0.0,0.0,0.0,0.0,EXACT_MATCH
923,DOC-0058,certificate,scanner_copy,field_11,1,1,0.0,0.0,0.0,0.0,EXACT_MATCH
924,DOC-0058,certificate,scanner_copy,field_12,1,1,0.0,0.0,0.0,0.0,EXACT_MATCH
925,DOC-0058,certificate,scanner_copy,field_13,1,1,0.0,0.0,0.0,0.0,EXACT_MATCH
926,DOC-0058,certificate,scanner_copy,field_14,1,1,0.0,0.0,0.0,0.0,EXACT_MATCH
927,DOC-0058,certificate,scanner_copy,field_15,1,1,0.0,0.0,0.0,0.0,EXACT_MATCH
928,DOC-0058,certificate,scanner_copy,field_16,1,1,0.0,0.0,0.0,0.0,EXACT_MATCH
929,DOC-0059,marksheet,mobile_camera,field_1,1,1,0.0,0.0,0.0,0.0,EXACT_MATCH
930,DOC-0059,marksheet,mobile_camera,field_2,1,1,0.0,0.0,0.0,0.0,EXACT_MATCH
931,DOC-0059,marksheet,mobile_camera,field_3,1,1,0.0,0.0,0.0,0.0,EXACT_MATCH
932,DOC-0059,marksheet,mobile_camera,field_4,1,1,0.0,0.0,0.0,0.0,EXACT_MATCH
933,DOC-0059,marksheet,mobile_camera,field_5,1,1,0.0,0.0,0.0,0.0,EXACT_MATCH
934,DOC-0059,marksheet,mobile_camera,field_6,1,1,0.0,0.0,0.0,0.0,EXACT_MATCH
935,DOC-0059,marksheet,mobile_camera,field_7,1,1,0.0,0.0,0.0,0.0,EXACT_MATCH
936,DOC-0059,marksheet,mobile_camera,field_8,1,1,0.0,0.0,0.0,0.0,EXACT_MATCH
937,DOC-0059,marksheet,mobile_camera,field_9,1,1,0.0,0.0,0.0,0.0,EXACT_MATCH
938,DOC-0059,marksheet,mobile_camera,field_10,1,1,0.0,0.0,0.0,0.0,EXACT_MATCH
939,DOC-0059,marksheet,mobile_camera,field_11,1,1,0.0,0.0,0.0,0.0,EXACT_MATCH
940,DOC-0059,marksheet,mobile_camera,field_12,1,1,0.0,0.0,0.0,0.0,EXACT_MATCH
941,DOC-0059,marksheet,mobile_camera,field_13,1,1,0.0,0.0,0.0,0.0,EXACT_MATCH
942,DOC-0059,marksheet,mobile_camera,field_14,1,1,0.0,0.0,0.0,0.0,EXACT_MATCH
943,DOC-0059,marksheet,mobile_camera,field_15,1,1,0.0,0.0,0.0,0.0,EXACT_MATCH
944,DOC-0059,marksheet,mobile_camera,field_16,1,1,0.0,0.0,0.0,0.0,EXACT_MATCH
945,DOC-0060,student_id,rotated_90,field_1,1,1,0.0,0.0,0.0,0.0,EXACT_MATCH
946,DOC-0060,student_id,rotated_90,field_2,1,1,0.0,0.0,0.0,0.0,EXACT_MATCH
947,DOC-0060,student_id,rotated_90,field_3,1,1,0.0,0.0,0.0,0.0,EXACT_MATCH
948,DOC-0060,student_id,rotated_90,field_4,1,1,0.0,0.0,0.0,0.0,EXACT_MATCH
949,DOC-0060,student_id,rotated_90,field_5,1,1,0.0,0.0,0.0,0.0,EXACT_MATCH
950,DOC-0060,student_id,rotated_90,field_6,1,1,0.0,0.0,0.0,0.0,EXACT_MATCH
951,DOC-0060,student_id,rotated_90,field_7,1,1,0.0,0.0,0.0,0.0,EXACT_MATCH
952,DOC-0060,student_id,rotated_90,field_8,1,1,0.0,0.0,0.0,0.0,EXACT_MATCH
953,DOC-0060,student_id,rotated_90,field_9,1,1,0.0,0.0,0.0,0.0,EXACT_MATCH
954,DOC-0060,student_id,rotated_90,field_10,1,1,0.0,0.0,0.0,0.0,EXACT_MATCH
955,DOC-0060,student_id,rotated_90,field_11,1,1,0.0,0.0,0.0,0.0,EXACT_MATCH
956,DOC-0060,student_id,rotated_90,field_12,1,1,0.0,0.0,0.0,0.0,EXACT_MATCH
957,DOC-0060,student_id,rotated_90,field_13,1,1,0.0,0.0,0.0,0.0,EXACT_MATCH
958,DOC-0060,student_id,rotated_90,field_14,1,1,0.0,0.0,0.0,0.0,EXACT_MATCH
959,DOC-0060,student_id,rotated_90,field_15,1,1,0.0,0.0,0.0,0.0,EXACT_MATCH
960,DOC-0060,student_id,rotated_90,field_16,1,1,0.0,0.0,0.0,0.0,EXACT_MATCH
961,DOC-0061,certificate,clean,field_1,1,1,0.0,0.0,0.0,0.0,EXACT_MATCH
962,DOC-0061,certificate,clean,field_2,1,1,0.0,0.0,0.0,0.0,EXACT_MATCH
963,DOC-0061,certificate,clean,field_3,1,1,0.0,0.0,0.0,0.0,EXACT_MATCH
964,DOC-0061,certificate,clean,field_4,1,1,0.0,0.0,0.0,0.0,EXACT_MATCH
965,DOC-0061,certificate,clean,field_5,1,1,0.0,0.0,0.0,0.0,EXACT_MATCH
966,DOC-0061,certificate,clean,field_6,1,1,0.0,0.0,0.0,0.0,EXACT_MATCH
967,DOC-0061,certificate,clean,field_7,1,1,0.0,0.0,0.0,0.0,EXACT_MATCH
968,DOC-0061,certificate,clean,field_8,1,1,0.0,0.0,0.0,0.0,EXACT_MATCH
969,DOC-0061,certificate,clean,field_9,1,1,0.0,0.0,0.0,0.0,EXACT_MATCH
970,DOC-0061,certificate,clean,field_10,1,1,0.0,0.0,0.0,0.0,EXACT_MATCH
971,DOC-0061,certificate,clean,field_11,1,1,0.0,0.0,0.0,0.0,EXACT_MATCH
972,DOC-0061,certificate,clean,field_12,1,1,0.0,0.0,0.0,0.0,EXACT_MATCH
973,DOC-0061,certificate,clean,field_13,1,1,0.0,0.0,0.0,0.0,EXACT_MATCH
974,DOC-0061,certificate,clean,field_14,1,1,0.0,0.0,0.0,0.0,EXACT_MATCH
975,DOC-0061,certificate,clean,field_15,1,1,0.0,0.0,0.0,0.0,EXACT_MATCH
976,DOC-0061,certificate,clean,field_16,1,1,0.0,0.0,0.0,0.0,EXACT_MATCH
977,DOC-0062,marksheet,scanner_copy,field_1,1,1,0.0,0.0,0.0,0.0,EXACT_MATCH
978,DOC-0062,marksheet,scanner_copy,field_2,1,1,0.0,0.0,0.0,0.0,EXACT_MATCH
979,DOC-0062,marksheet,scanner_copy,field_3,1,1,0.0,0.0,0.0,0.0,EXACT_MATCH
980,DOC-0062,marksheet,scanner_copy,field_4,1,1,0.0,0.0,0.0,0.0,EXACT_MATCH
981,DOC-0062,marksheet,scanner_copy,field_5,1,1,0.0,0.0,0.0,0.0,EXACT_MATCH
982,DOC-0062,marksheet,scanner_copy,field_6,1,1,0.0,0.0,0.0,0.0,EXACT_MATCH
983,DOC-0062,marksheet,scanner_copy,field_7,1,1,0.0,0.0,0.0,0.0,EXACT_MATCH
984,DOC-0062,marksheet,scanner_copy,field_8,1,1,0.0,0.0,0.0,0.0,EXACT_MATCH
985,DOC-0062,marksheet,scanner_copy,field_9,1,1,0.0,0.0,0.0,0.0,EXACT_MATCH
986,DOC-0062,marksheet,scanner_copy,field_10,1,1,0.0,0.0,0.0,0.0,EXACT_MATCH
987,DOC-0062,marksheet,scanner_copy,field_11,1,1,0.0,0.0,0.0,0.0,EXACT_MATCH
988,DOC-0062,marksheet,scanner_copy,field_12,1,1,0.0,0.0,0.0,0.0,EXACT_MATCH
989,DOC-0062,marksheet,scanner_copy,field_13,1,1,0.0,0.0,0.0,0.0,EXACT_MATCH
990,DOC-0062,marksheet,scanner_copy,field_14,1,1,0.0,0.0,0.0,0.0,EXACT_MATCH
991,DOC-0062,marksheet,scanner_copy,field_15,1,1,0.0,0.0,0.0,0.0,EXACT_MATCH
992,DOC-0062,marksheet,scanner_copy,field_16,1,1,0.0,0.0,0.0,0.0,EXACT_MATCH
993,DOC-0063,student_id,mobile_camera,field_1,1,1,0.0,0.0,0.0,0.0,EXACT_MATCH
994,DOC-0063,student_id,mobile_camera,field_2,1,1,0.0,0.0,0.0,0.0,EXACT_MATCH
995,DOC-0063,student_id,mobile_camera,field_3,1,1,0.0,0.0,0.0,0.0,EXACT_MATCH
996,DOC-0063,student_id,mobile_camera,field_4,1,1,0.0,0.0,0.0,0.0,EXACT_MATCH
997,DOC-0063,student_id,mobile_camera,field_5,1,1,0.0,0.0,0.0,0.0,EXACT_MATCH
998,DOC-0063,student_id,mobile_camera,field_6,1,1,0.0,0.0,0.0,0.0,EXACT_MATCH
999,DOC-0063,student_id,mobile_camera,field_7,1,1,0.0,0.0,0.0,0.0,EXACT_MATCH
1000,DOC-0063,student_id,mobile_camera,field_8,1,1,0.0,0.0,0.0,0.0,EXACT_MATCH
1001,DOC-0063,student_id,mobile_camera,field_9,1,1,0.0,0.0,0.0,0.0,EXACT_MATCH
1002,DOC-0063,student_id,mobile_camera,field_10,1,1,0.0,0.0,0.0,0.0,EXACT_MATCH
1003,DOC-0063,student_id,mobile_camera,field_11,1,1,0.0,0.0,0.0,0.0,EXACT_MATCH
1004,DOC-0063,student_id,mobile_camera,field_12,1,1,0.0,0.0,0.0,0.0,EXACT_MATCH
1005,DOC-0063,student_id,mobile_camera,field_13,1,1,0.0,0.0,0.0,0.0,EXACT_MATCH
1006,DOC-0063,student_id,mobile_camera,field_14,1,1,0.0,0.0,0.0,0.0,EXACT_MATCH
1007,DOC-0063,student_id,mobile_camera,field_15,1,1,0.0,0.0,0.0,0.0,EXACT_MATCH
1008,DOC-0063,student_id,mobile_camera,field_16,1,1,0.0,0.0,0.0,0.0,EXACT_MATCH
1009,DOC-0064,certificate,rotated_90,field_1,1,1,0.0,0.0,0.0,0.0,EXACT_MATCH
1010,DOC-0064,certificate,rotated_90,field_2,1,1,0.0,0.0,0.0,0.0,EXACT_MATCH
1011,DOC-0064,certificate,rotated_90,field_3,1,1,0.0,0.0,0.0,0.0,EXACT_MATCH
1012,DOC-0064,certificate,rotated_90,field_4,1,1,0.0,0.0,0.0,0.0,EXACT_MATCH
1013,DOC-0064,certificate,rotated_90,field_5,1,1,0.0,0.0,0.0,0.0,EXACT_MATCH
1014,DOC-0064,certificate,rotated_90,field_6,1,1,0.0,0.0,0.0,0.0,EXACT_MATCH
1015,DOC-0064,certificate,rotated_90,field_7,1,1,0.0,0.0,0.0,0.0,EXACT_MATCH
1016,DOC-0064,certificate,rotated_90,field_8,1,1,0.0,0.0,0.0,0.0,EXACT_MATCH
1017,DOC-0064,certificate,rotated_90,field_9,1,1,0.0,0.0,0.0,0.0,EXACT_MATCH
1018,DOC-0064,certificate,rotated_90,field_10,1,1,0.0,0.0,0.0,0.0,EXACT_MATCH
1019,DOC-0064,certificate,rotated_90,field_11,1,1,0.0,0.0,0.0,0.0,EXACT_MATCH
1020,DOC-0064,certificate,rotated_90,field_12,1,1,0.0,0.0,0.0,0.0,EXACT_MATCH
1021,DOC-0064,certificate,rotated_90,field_13,1,1,0.0,0.0,0.0,0.0,EXACT_MATCH
1022,DOC-0064,certificate,rotated_90,field_14,1,1,0.0,0.0,0.0,0.0,EXACT_MATCH
1023,DOC-0064,certificate,rotated_90,field_15,1,1,0.0,0.0,0.0,0.0,EXACT_MATCH
1024,DOC-0064,certificate,rotated_90,field_16,1,1,0.0,0.0,0.0,0.0,EXACT_MATCH
1025,DOC-0065,marksheet,clean,field_1,1,1,0.0,0.0,0.0,0.0,EXACT_MATCH
1026,DOC-0065,marksheet,clean,field_2,1,1,0.0,0.0,0.0,0.0,EXACT_MATCH
1027,DOC-0065,marksheet,clean,field_3,1,1,0.0,0.0,0.0,0.0,EXACT_MATCH
1028,DOC-0065,marksheet,clean,field_4,1,1,0.0,0.0,0.0,0.0,EXACT_MATCH
1029,DOC-0065,marksheet,clean,field_5,1,1,0.0,0.0,0.0,0.0,EXACT_MATCH
1030,DOC-0065,marksheet,clean,field_6,1,1,0.0,0.0,0.0,0.0,EXACT_MATCH
1031,DOC-0065,marksheet,clean,field_7,1,1,0.0,0.0,0.0,0.0,EXACT_MATCH
1032,DOC-0065,marksheet,clean,field_8,1,1,0.0,0.0,0.0,0.0,EXACT_MATCH
1033,DOC-0065,marksheet,clean,field_9,1,1,0.0,0.0,0.0,0.0,EXACT_MATCH
1034,DOC-0065,marksheet,clean,field_10,1,1,0.0,0.0,0.0,0.0,EXACT_MATCH
1035,DOC-0065,marksheet,clean,field_11,1,1,0.0,0.0,0.0,0.0,EXACT_MATCH
1036,DOC-0065,marksheet,clean,field_12,1,1,0.0,0.0,0.0,0.0,EXACT_MATCH
1037,DOC-0065,marksheet,clean,field_13,1,1,0.0,0.0,0.0,0.0,EXACT_MATCH
1038,DOC-0065,marksheet,clean,field_14,1,1,0.0,0.0,0.0,0.0,EXACT_MATCH
1039,DOC-0065,marksheet,clean,field_15,1,1,0.0,0.0,0.0,0.0,EXACT_MATCH
1040,DOC-0065,marksheet,clean,field_16,1,1,0.0,0.0,0.0,0.0,EXACT_MATCH
1041,DOC-0066,student_id,scanner_copy,field_1,1,1,0.0,0.0,0.0,0.0,EXACT_MATCH
1042,DOC-0066,student_id,scanner_copy,field_2,1,1,0.0,0.0,0.0,0.0,EXACT_MATCH
1043,DOC-0066,student_id,scanner_copy,field_3,1,1,0.0,0.0,0.0,0.0,EXACT_MATCH
1044,DOC-0066,student_id,scanner_copy,field_4,1,1,0.0,0.0,0.0,0.0,EXACT_MATCH
1045,DOC-0066,student_id,scanner_copy,field_5,1,1,0.0,0.0,0.0,0.0,EXACT_MATCH
1046,DOC-0066,student_id,scanner_copy,field_6,1,1,0.0,0.0,0.0,0.0,EXACT_MATCH
1047,DOC-0066,student_id,scanner_copy,field_7,1,1,0.0,0.0,0.0,0.0,EXACT_MATCH
1048,DOC-0066,student_id,scanner_copy,field_8,1,1,0.0,0.0,0.0,0.0,EXACT_MATCH
1049,DOC-0066,student_id,scanner_copy,field_9,1,1,0.0,0.0,0.0,0.0,EXACT_MATCH
1050,DOC-0066,student_id,scanner_copy,field_10,1,1,0.0,0.0,0.0,0.0,EXACT_MATCH
1051,DOC-0066,student_id,scanner_copy,field_11,1,1,0.0,0.0,0.0,0.0,EXACT_MATCH
1052,DOC-0066,student_id,scanner_copy,field_12,1,1,0.0,0.0,0.0,0.0,EXACT_MATCH
1053,DOC-0066,student_id,scanner_copy,field_13,1,1,0.0,0.0,0.0,0.0,EXACT_MATCH
1054,DOC-0066,student_id,scanner_copy,field_14,1,1,0.0,0.0,0.0,0.0,EXACT_MATCH
1055,DOC-0066,student_id,scanner_copy,field_15,1,1,0.0,0.0,0.0,0.0,EXACT_MATCH
1056,DOC-0066,student_id,scanner_copy,field_16,1,1,0.0,0.0,0.0,0.0,EXACT_MATCH
1057,DOC-0067,certificate,mobile_camera,field_1,1,1,0.0,0.0,0.0,0.0,EXACT_MATCH
1058,DOC-0067,certificate,mobile_camera,field_2,1,1,0.0,0.0,0.0,0.0,EXACT_MATCH
1059,DOC-0067,certificate,mobile_camera,field_3,1,1,0.0,0.0,0.0,0.0,EXACT_MATCH
1060,DOC-0067,certificate,mobile_camera,field_4,1,1,0.0,0.0,0.0,0.0,EXACT_MATCH
1061,DOC-0067,certificate,mobile_camera,field_5,1,1,0.0,0.0,0.0,0.0,EXACT_MATCH
1062,DOC-0067,certificate,mobile_camera,field_6,1,1,0.0,0.0,0.0,0.0,EXACT_MATCH
1063,DOC-0067,certificate,mobile_camera,field_7,1,1,0.0,0.0,0.0,0.0,EXACT_MATCH
1064,DOC-0067,certificate,mobile_camera,field_8,1,1,0.0,0.0,0.0,0.0,EXACT_MATCH
1065,DOC-0067,certificate,mobile_camera,field_9,1,1,0.0,0.0,0.0,0.0,EXACT_MATCH
1066,DOC-0067,certificate,mobile_camera,field_10,1,1,0.0,0.0,0.0,0.0,EXACT_MATCH
1067,DOC-0067,certificate,mobile_camera,field_11,1,1,0.0,0.0,0.0,0.0,EXACT_MATCH
1068,DOC-0067,certificate,mobile_camera,field_12,1,1,0.0,0.0,0.0,0.0,EXACT_MATCH
1069,DOC-0067,certificate,mobile_camera,field_13,1,1,0.0,0.0,0.0,0.0,EXACT_MATCH
1070,DOC-0067,certificate,mobile_camera,field_14,1,1,0.0,0.0,0.0,0.0,EXACT_MATCH
1071,DOC-0067,certificate,mobile_camera,field_15,1,1,0.0,0.0,0.0,0.0,EXACT_MATCH
1072,DOC-0067,certificate,mobile_camera,field_16,1,1,0.0,0.0,0.0,0.0,EXACT_MATCH
1073,DOC-0068,marksheet,rotated_90,field_1,1,1,0.0,0.0,0.0,0.0,EXACT_MATCH
1074,DOC-0068,marksheet,rotated_90,field_2,1,1,0.0,0.0,0.0,0.0,EXACT_MATCH
1075,DOC-0068,marksheet,rotated_90,field_3,1,1,0.0,0.0,0.0,0.0,EXACT_MATCH
1076,DOC-0068,marksheet,rotated_90,field_4,1,1,0.0,0.0,0.0,0.0,EXACT_MATCH
1077,DOC-0068,marksheet,rotated_90,field_5,1,1,0.0,0.0,0.0,0.0,EXACT_MATCH
1078,DOC-0068,marksheet,rotated_90,field_6,1,1,0.0,0.0,0.0,0.0,EXACT_MATCH
1079,DOC-0068,marksheet,rotated_90,field_7,1,1,0.0,0.0,0.0,0.0,EXACT_MATCH
1080,DOC-0068,marksheet,rotated_90,field_8,1,1,0.0,0.0,0.0,0.0,EXACT_MATCH
1081,DOC-0068,marksheet,rotated_90,field_9,1,1,0.0,0.0,0.0,0.0,EXACT_MATCH
1082,DOC-0068,marksheet,rotated_90,field_10,1,1,0.0,0.0,0.0,0.0,EXACT_MATCH
1083,DOC-0068,marksheet,rotated_90,field_11,1,1,0.0,0.0,0.0,0.0,EXACT_MATCH
1084,DOC-0068,marksheet,rotated_90,field_12,1,1,0.0,0.0,0.0,0.0,EXACT_MATCH
1085,DOC-0068,marksheet,rotated_90,field_13,1,1,0.0,0.0,0.0,0.0,EXACT_MATCH
1086,DOC-0068,marksheet,rotated_90,field_14,1,1,0.0,0.0,0.0,0.0,EXACT_MATCH
1087,DOC-0068,marksheet,rotated_90,field_15,1,1,0.0,0.0,0.0,0.0,EXACT_MATCH
1088,DOC-0068,marksheet,rotated_90,field_16,1,1,0.0,0.0,0.0,0.0,EXACT_MATCH
1089,DOC-0069,student_id,clean,field_1,1,1,0.0,0.0,0.0,0.0,EXACT_MATCH
1090,DOC-0069,student_id,clean,field_2,1,1,0.0,0.0,0.0,0.0,EXACT_MATCH
1091,DOC-0069,student_id,clean,field_3,1,1,0.0,0.0,0.0,0.0,EXACT_MATCH
1092,DOC-0069,student_id,clean,field_4,1,1,0.0,0.0,0.0,0.0,EXACT_MATCH
1093,DOC-0069,student_id,clean,field_5,1,1,0.0,0.0,0.0,0.0,EXACT_MATCH
1094,DOC-0069,student_id,clean,field_6,1,1,0.0,0.0,0.0,0.0,EXACT_MATCH
1095,DOC-0069,student_id,clean,field_7,1,1,0.0,0.0,0.0,0.0,EXACT_MATCH
1096,DOC-0069,student_id,clean,field_8,1,1,0.0,0.0,0.0,0.0,EXACT_MATCH
1097,DOC-0069,student_id,clean,field_9,1,1,0.0,0.0,0.0,0.0,EXACT_MATCH
1098,DOC-0069,student_id,clean,field_10,1,1,0.0,0.0,0.0,0.0,EXACT_MATCH
1099,DOC-0069,student_id,clean,field_11,1,1,0.0,0.0,0.0,0.0,EXACT_MATCH
1100,DOC-0069,student_id,clean,field_12,1,1,0.0,0.0,0.0,0.0,EXACT_MATCH
1101,DOC-0069,student_id,clean,field_13,1,1,0.0,0.0,0.0,0.0,EXACT_MATCH
1102,DOC-0069,student_id,clean,field_14,1,1,0.0,0.0,0.0,0.0,EXACT_MATCH
1103,DOC-0069,student_id,clean,field_15,1,1,0.0,0.0,0.0,0.0,EXACT_MATCH
1104,DOC-0069,student_id,clean,field_16,1,1,0.0,0.0,0.0,0.0,EXACT_MATCH
1105,DOC-0070,certificate,scanner_copy,field_1,1,1,0.0,0.0,0.0,0.0,EXACT_MATCH
1106,DOC-0070,certificate,scanner_copy,field_2,1,1,0.0,0.0,0.0,0.0,EXACT_MATCH
1107,DOC-0070,certificate,scanner_copy,field_3,1,1,0.0,0.0,0.0,0.0,EXACT_MATCH
1108,DOC-0070,certificate,scanner_copy,field_4,1,1,0.0,0.0,0.0,0.0,EXACT_MATCH
1109,DOC-0070,certificate,scanner_copy,field_5,1,1,0.0,0.0,0.0,0.0,EXACT_MATCH
1110,DOC-0070,certificate,scanner_copy,field_6,1,1,0.0,0.0,0.0,0.0,EXACT_MATCH
1111,DOC-0070,certificate,scanner_copy,field_7,1,1,0.0,0.0,0.0,0.0,EXACT_MATCH
1112,DOC-0070,certificate,scanner_copy,field_8,1,1,0.0,0.0,0.0,0.0,EXACT_MATCH
1113,DOC-0070,certificate,scanner_copy,field_9,1,1,0.0,0.0,0.0,0.0,EXACT_MATCH
1114,DOC-0070,certificate,scanner_copy,field_10,1,1,0.0,0.0,0.0,0.0,EXACT_MATCH
1115,DOC-0070,certificate,scanner_copy,field_11,1,1,0.0,0.0,0.0,0.0,EXACT_MATCH
1116,DOC-0070,certificate,scanner_copy,field_12,1,1,0.0,0.0,0.0,0.0,EXACT_MATCH
1117,DOC-0070,certificate,scanner_copy,field_13,1,1,0.0,0.0,0.0,0.0,EXACT_MATCH
1118,DOC-0070,certificate,scanner_copy,field_14,1,1,0.0,0.0,0.0,0.0,EXACT_MATCH
1119,DOC-0070,certificate,scanner_copy,field_15,1,1,0.0,0.0,0.0,0.0,EXACT_MATCH
1120,DOC-0070,certificate,scanner_copy,field_16,1,1,0.0,0.0,0.0,0.0,EXACT_MATCH
1121,DOC-0071,marksheet,mobile_camera,field_1,1,1,0.0,0.0,0.0,0.0,EXACT_MATCH
1122,DOC-0071,marksheet,mobile_camera,field_2,1,1,0.0,0.0,0.0,0.0,EXACT_MATCH
1123,DOC-0071,marksheet,mobile_camera,field_3,1,1,0.0,0.0,0.0,0.0,EXACT_MATCH
1124,DOC-0071,marksheet,mobile_camera,field_4,1,1,0.0,0.0,0.0,0.0,EXACT_MATCH
1125,DOC-0071,marksheet,mobile_camera,field_5,1,1,0.0,0.0,0.0,0.0,EXACT_MATCH
1126,DOC-0071,marksheet,mobile_camera,field_6,1,1,0.0,0.0,0.0,0.0,EXACT_MATCH
1127,DOC-0071,marksheet,mobile_camera,field_7,1,1,0.0,0.0,0.0,0.0,EXACT_MATCH
1128,DOC-0071,marksheet,mobile_camera,field_8,1,1,0.0,0.0,0.0,0.0,EXACT_MATCH
1129,DOC-0071,marksheet,mobile_camera,field_9,1,1,0.0,0.0,0.0,0.0,EXACT_MATCH
1130,DOC-0071,marksheet,mobile_camera,field_10,1,1,0.0,0.0,0.0,0.0,EXACT_MATCH
1131,DOC-0071,marksheet,mobile_camera,field_11,1,1,0.0,0.0,0.0,0.0,EXACT_MATCH
1132,DOC-0071,marksheet,mobile_camera,field_12,1,1,0.0,0.0,0.0,0.0,EXACT_MATCH
1133,DOC-0071,marksheet,mobile_camera,field_13,1,1,0.0,0.0,0.0,0.0,EXACT_MATCH
1134,DOC-0071,marksheet,mobile_camera,field_14,1,1,0.0,0.0,0.0,0.0,EXACT_MATCH
1135,DOC-0071,marksheet,mobile_camera,field_15,1,1,0.0,0.0,0.0,0.0,EXACT_MATCH
1136,DOC-0071,marksheet,mobile_camera,field_16,1,1,0.0,0.0,0.0,0.0,EXACT_MATCH
1137,DOC-0072,student_id,rotated_90,field_1,1,1,0.0,0.0,0.0,0.0,EXACT_MATCH
1138,DOC-0072,student_id,rotated_90,field_2,1,1,0.0,0.0,0.0,0.0,EXACT_MATCH
1139,DOC-0072,student_id,rotated_90,field_3,1,1,0.0,0.0,0.0,0.0,EXACT_MATCH
1140,DOC-0072,student_id,rotated_90,field_4,1,1,0.0,0.0,0.0,0.0,EXACT_MATCH
1141,DOC-0072,student_id,rotated_90,field_5,1,1,0.0,0.0,0.0,0.0,EXACT_MATCH
1142,DOC-0072,student_id,rotated_90,field_6,1,1,0.0,0.0,0.0,0.0,EXACT_MATCH
1143,DOC-0072,student_id,rotated_90,field_7,1,1,0.0,0.0,0.0,0.0,EXACT_MATCH
1144,DOC-0072,student_id,rotated_90,field_8,1,1,0.0,0.0,0.0,0.0,EXACT_MATCH
1145,DOC-0072,student_id,rotated_90,field_9,1,1,0.0,0.0,0.0,0.0,EXACT_MATCH
1146,DOC-0072,student_id,rotated_90,field_10,1,1,0.0,0.0,0.0,0.0,EXACT_MATCH
1147,DOC-0072,student_id,rotated_90,field_11,1,1,0.0,0.0,0.0,0.0,EXACT_MATCH
1148,DOC-0072,student_id,rotated_90,field_12,1,1,0.0,0.0,0.0,0.0,EXACT_MATCH
1149,DOC-0072,student_id,rotated_90,field_13,1,1,0.0,0.0,0.0,0.0,EXACT_MATCH
1150,DOC-0072,student_id,rotated_90,field_14,1,1,0.0,0.0,0.0,0.0,EXACT_MATCH
1151,DOC-0072,student_id,rotated_90,field_15,1,1,0.0,0.0,0.0,0.0,EXACT_MATCH
1152,DOC-0072,student_id,rotated_90,field_16,1,1,0.0,0.0,0.0,0.0,EXACT_MATCH
1153,DOC-0073,certificate,clean,field_1,1,1,0.0,0.0,0.0,0.0,EXACT_MATCH
1154,DOC-0073,certificate,clean,field_2,1,1,0.0,0.0,0.0,0.0,EXACT_MATCH
1155,DOC-0073,certificate,clean,field_3,1,1,0.0,0.0,0.0,0.0,EXACT_MATCH
1156,DOC-0073,certificate,clean,field_4,1,1,0.0,0.0,0.0,0.0,EXACT_MATCH
1157,DOC-0073,certificate,clean,field_5,1,1,0.0,0.0,0.0,0.0,EXACT_MATCH
1158,DOC-0073,certificate,clean,field_6,1,1,0.0,0.0,0.0,0.0,EXACT_MATCH
1159,DOC-0073,certificate,clean,field_7,1,1,0.0,0.0,0.0,0.0,EXACT_MATCH
1160,DOC-0073,certificate,clean,field_8,1,1,0.0,0.0,0.0,0.0,EXACT_MATCH
1161,DOC-0073,certificate,clean,field_9,1,1,0.0,0.0,0.0,0.0,EXACT_MATCH
1162,DOC-0073,certificate,clean,field_10,1,1,0.0,0.0,0.0,0.0,EXACT_MATCH
1163,DOC-0073,certificate,clean,field_11,1,1,0.0,0.0,0.0,0.0,EXACT_MATCH
1164,DOC-0073,certificate,clean,field_12,1,1,0.0,0.0,0.0,0.0,EXACT_MATCH
1165,DOC-0073,certificate,clean,field_13,1,1,0.0,0.0,0.0,0.0,EXACT_MATCH
1166,DOC-0073,certificate,clean,field_14,1,1,0.0,0.0,0.0,0.0,EXACT_MATCH
1167,DOC-0073,certificate,clean,field_15,1,1,0.0,0.0,0.0,0.0,EXACT_MATCH
1168,DOC-0073,certificate,clean,field_16,1,1,0.0,0.0,0.0,0.0,EXACT_MATCH
1169,DOC-0074,marksheet,scanner_copy,field_1,1,1,0.0,0.0,0.0,0.0,EXACT_MATCH
1170,DOC-0074,marksheet,scanner_copy,field_2,1,1,0.0,0.0,0.0,0.0,EXACT_MATCH
1171,DOC-0074,marksheet,scanner_copy,field_3,1,1,0.0,0.0,0.0,0.0,EXACT_MATCH
1172,DOC-0074,marksheet,scanner_copy,field_4,1,1,0.0,0.0,0.0,0.0,EXACT_MATCH
1173,DOC-0074,marksheet,scanner_copy,field_5,1,1,0.0,0.0,0.0,0.0,EXACT_MATCH
1174,DOC-0074,marksheet,scanner_copy,field_6,1,1,0.0,0.0,0.0,0.0,EXACT_MATCH
1175,DOC-0074,marksheet,scanner_copy,field_7,1,1,0.0,0.0,0.0,0.0,EXACT_MATCH
1176,DOC-0074,marksheet,scanner_copy,field_8,1,1,0.0,0.0,0.0,0.0,EXACT_MATCH
1177,DOC-0074,marksheet,scanner_copy,field_9,1,1,0.0,0.0,0.0,0.0,EXACT_MATCH
1178,DOC-0074,marksheet,scanner_copy,field_10,1,1,0.0,0.0,0.0,0.0,EXACT_MATCH
1179,DOC-0074,marksheet,scanner_copy,field_11,1,1,0.0,0.0,0.0,0.0,EXACT_MATCH
1180,DOC-0074,marksheet,scanner_copy,field_12,1,1,0.0,0.0,0.0,0.0,EXACT_MATCH
1181,DOC-0074,marksheet,scanner_copy,field_13,1,1,0.0,0.0,0.0,0.0,EXACT_MATCH
1182,DOC-0074,marksheet,scanner_copy,field_14,1,1,0.0,0.0,0.0,0.0,EXACT_MATCH
1183,DOC-0074,marksheet,scanner_copy,field_15,1,1,0.0,0.0,0.0,0.0,EXACT_MATCH
1184,DOC-0074,marksheet,scanner_copy,field_16,1,1,0.0,0.0,0.0,0.0,EXACT_MATCH
1185,DOC-0075,student_id,mobile_camera,field_1,1,1,0.0,0.0,0.0,0.0,EXACT_MATCH
1186,DOC-0075,student_id,mobile_camera,field_2,1,1,0.0,0.0,0.0,0.0,EXACT_MATCH
1187,DOC-0075,student_id,mobile_camera,field_3,1,1,0.0,0.0,0.0,0.0,EXACT_MATCH
1188,DOC-0075,student_id,mobile_camera,field_4,1,1,0.0,0.0,0.0,0.0,EXACT_MATCH
1189,DOC-0075,student_id,mobile_camera,field_5,1,1,0.0,0.0,0.0,0.0,EXACT_MATCH
1190,DOC-0075,student_id,mobile_camera,field_6,1,1,0.0,0.0,0.0,0.0,EXACT_MATCH
1191,DOC-0075,student_id,mobile_camera,field_7,1,1,0.0,0.0,0.0,0.0,EXACT_MATCH
1192,DOC-0075,student_id,mobile_camera,field_8,1,1,0.0,0.0,0.0,0.0,EXACT_MATCH
1193,DOC-0075,student_id,mobile_camera,field_9,1,1,0.0,0.0,0.0,0.0,EXACT_MATCH
1194,DOC-0075,student_id,mobile_camera,field_10,1,1,0.0,0.0,0.0,0.0,EXACT_MATCH
1195,DOC-0075,student_id,mobile_camera,field_11,1,1,0.0,0.0,0.0,0.0,EXACT_MATCH
1196,DOC-0075,student_id,mobile_camera,field_12,1,1,0.0,0.0,0.0,0.0,EXACT_MATCH
1197,DOC-0075,student_id,mobile_camera,field_13,1,1,0.0,0.0,0.0,0.0,EXACT_MATCH
1198,DOC-0075,student_id,mobile_camera,field_14,1,1,0.0,0.0,0.0,0.0,EXACT_MATCH
1199,DOC-0075,student_id,mobile_camera,field_15,1,1,0.0,0.0,0.0,0.0,EXACT_MATCH
1200,DOC-0075,student_id,mobile_camera,field_16,1,1,0.0,0.0,0.0,0.0,EXACT_MATCH
1201,DOC-0076,certificate,rotated_90,field_1,1,1,0.0,0.0,0.0,0.0,EXACT_MATCH
1202,DOC-0076,certificate,rotated_90,field_2,1,1,0.0,0.0,0.0,0.0,EXACT_MATCH
1203,DOC-0076,certificate,rotated_90,field_3,1,1,0.0,0.0,0.0,0.0,EXACT_MATCH
1204,DOC-0076,certificate,rotated_90,field_4,1,1,0.0,0.0,0.0,0.0,EXACT_MATCH
1205,DOC-0076,certificate,rotated_90,field_5,1,1,0.0,0.0,0.0,0.0,EXACT_MATCH
1206,DOC-0076,certificate,rotated_90,field_6,1,1,0.0,0.0,0.0,0.0,EXACT_MATCH
1207,DOC-0076,certificate,rotated_90,field_7,1,1,0.0,0.0,0.0,0.0,EXACT_MATCH
1208,DOC-0076,certificate,rotated_90,field_8,1,1,0.0,0.0,0.0,0.0,EXACT_MATCH
1209,DOC-0076,certificate,rotated_90,field_9,1,1,0.0,0.0,0.0,0.0,EXACT_MATCH
1210,DOC-0076,certificate,rotated_90,field_10,1,1,0.0,0.0,0.0,0.0,EXACT_MATCH
1211,DOC-0076,certificate,rotated_90,field_11,1,1,0.0,0.0,0.0,0.0,EXACT_MATCH
1212,DOC-0076,certificate,rotated_90,field_12,1,1,0.0,0.0,0.0,0.0,EXACT_MATCH
1213,DOC-0076,certificate,rotated_90,field_13,1,1,0.0,0.0,0.0,0.0,EXACT_MATCH
1214,DOC-0076,certificate,rotated_90,field_14,1,1,0.0,0.0,0.0,0.0,EXACT_MATCH
1215,DOC-0076,certificate,rotated_90,field_15,1,1,0.0,0.0,0.0,0.0,EXACT_MATCH
1216,DOC-0076,certificate,rotated_90,field_16,1,1,0.0,0.0,0.0,0.0,EXACT_MATCH
1217,DOC-0077,marksheet,clean,field_1,1,1,0.0,0.0,0.0,0.0,EXACT_MATCH
1218,DOC-0077,marksheet,clean,field_2,1,1,0.0,0.0,0.0,0.0,EXACT_MATCH
1219,DOC-0077,marksheet,clean,field_3,1,1,0.0,0.0,0.0,0.0,EXACT_MATCH
1220,DOC-0077,marksheet,clean,field_4,1,1,0.0,0.0,0.0,0.0,EXACT_MATCH
1221,DOC-0077,marksheet,clean,field_5,1,1,0.0,0.0,0.0,0.0,EXACT_MATCH
1222,DOC-0077,marksheet,clean,field_6,1,1,0.0,0.0,0.0,0.0,EXACT_MATCH
1223,DOC-0077,marksheet,clean,field_7,1,1,0.0,0.0,0.0,0.0,EXACT_MATCH
1224,DOC-0077,marksheet,clean,field_8,1,1,0.0,0.0,0.0,0.0,EXACT_MATCH
1225,DOC-0077,marksheet,clean,field_9,1,1,0.0,0.0,0.0,0.0,EXACT_MATCH
1226,DOC-0077,marksheet,clean,field_10,1,1,0.0,0.0,0.0,0.0,EXACT_MATCH
1227,DOC-0077,marksheet,clean,field_11,1,1,0.0,0.0,0.0,0.0,EXACT_MATCH
1228,DOC-0077,marksheet,clean,field_12,1,1,0.0,0.0,0.0,0.0,EXACT_MATCH
1229,DOC-0077,marksheet,clean,field_13,1,1,0.0,0.0,0.0,0.0,EXACT_MATCH
1230,DOC-0077,marksheet,clean,field_14,1,1,0.0,0.0,0.0,0.0,EXACT_MATCH
1231,DOC-0077,marksheet,clean,field_15,1,1,0.0,0.0,0.0,0.0,EXACT_MATCH
1232,DOC-0077,marksheet,clean,field_16,1,1,0.0,0.0,0.0,0.0,EXACT_MATCH
1233,DOC-0078,student_id,scanner_copy,field_1,1,1,0.0,0.0,0.0,0.0,EXACT_MATCH
1234,DOC-0078,student_id,scanner_copy,field_2,1,1,0.0,0.0,0.0,0.0,EXACT_MATCH
1235,DOC-0078,student_id,scanner_copy,field_3,1,1,0.0,0.0,0.0,0.0,EXACT_MATCH
1236,DOC-0078,student_id,scanner_copy,field_4,1,1,0.0,0.0,0.0,0.0,EXACT_MATCH
1237,DOC-0078,student_id,scanner_copy,field_5,1,1,0.0,0.0,0.0,0.0,EXACT_MATCH
1238,DOC-0078,student_id,scanner_copy,field_6,1,1,0.0,0.0,0.0,0.0,EXACT_MATCH
1239,DOC-0078,student_id,scanner_copy,field_7,1,1,0.0,0.0,0.0,0.0,EXACT_MATCH
1240,DOC-0078,student_id,scanner_copy,field_8,1,1,0.0,0.0,0.0,0.0,EXACT_MATCH
1241,DOC-0078,student_id,scanner_copy,field_9,1,1,0.0,0.0,0.0,0.0,EXACT_MATCH
1242,DOC-0078,student_id,scanner_copy,field_10,1,1,0.0,0.0,0.0,0.0,EXACT_MATCH
1243,DOC-0078,student_id,scanner_copy,field_11,1,1,0.0,0.0,0.0,0.0,EXACT_MATCH
1244,DOC-0078,student_id,scanner_copy,field_12,1,1,0.0,0.0,0.0,0.0,EXACT_MATCH
1245,DOC-0078,student_id,scanner_copy,field_13,1,1,0.0,0.0,0.0,0.0,EXACT_MATCH
1246,DOC-0078,student_id,scanner_copy,field_14,1,1,0.0,0.0,0.0,0.0,EXACT_MATCH
1247,DOC-0078,student_id,scanner_copy,field_15,1,1,0.0,0.0,0.0,0.0,EXACT_MATCH
1248,DOC-0078,student_id,scanner_copy,field_16,1,1,0.0,0.0,0.0,0.0,EXACT_MATCH
1249,DOC-0079,certificate,mobile_camera,field_1,1,1,0.0,0.0,0.0,0.0,EXACT_MATCH
1250,DOC-0079,certificate,mobile_camera,field_2,1,1,0.0,0.0,0.0,0.0,EXACT_MATCH
1251,DOC-0079,certificate,mobile_camera,field_3,1,1,0.0,0.0,0.0,0.0,EXACT_MATCH
1252,DOC-0079,certificate,mobile_camera,field_4,1,1,0.0,0.0,0.0,0.0,EXACT_MATCH
1253,DOC-0079,certificate,mobile_camera,field_5,1,1,0.0,0.0,0.0,0.0,EXACT_MATCH
1254,DOC-0079,certificate,mobile_camera,field_6,1,1,0.0,0.0,0.0,0.0,EXACT_MATCH
1255,DOC-0079,certificate,mobile_camera,field_7,1,1,0.0,0.0,0.0,0.0,EXACT_MATCH
1256,DOC-0079,certificate,mobile_camera,field_8,1,1,0.0,0.0,0.0,0.0,EXACT_MATCH
1257,DOC-0079,certificate,mobile_camera,field_9,1,1,0.0,0.0,0.0,0.0,EXACT_MATCH
1258,DOC-0079,certificate,mobile_camera,field_10,1,1,0.0,0.0,0.0,0.0,EXACT_MATCH
1259,DOC-0079,certificate,mobile_camera,field_11,1,1,0.0,0.0,0.0,0.0,EXACT_MATCH
1260,DOC-0079,certificate,mobile_camera,field_12,1,1,0.0,0.0,0.0,0.0,EXACT_MATCH
1261,DOC-0079,certificate,mobile_camera,field_13,1,1,0.0,0.0,0.0,0.0,EXACT_MATCH
1262,DOC-0079,certificate,mobile_camera,field_14,1,1,0.0,0.0,0.0,0.0,EXACT_MATCH
1263,DOC-0079,certificate,mobile_camera,field_15,1,1,0.0,0.0,0.0,0.0,EXACT_MATCH
1264,DOC-0079,certificate,mobile_camera,field_16,1,1,0.0,0.0,0.0,0.0,EXACT_MATCH
1265,DOC-0080,marksheet,rotated_90,field_1,1,1,0.0,0.0,0.0,0.0,EXACT_MATCH
1266,DOC-0080,marksheet,rotated_90,field_2,1,1,0.0,0.0,0.0,0.0,EXACT_MATCH
1267,DOC-0080,marksheet,rotated_90,field_3,1,1,0.0,0.0,0.0,0.0,EXACT_MATCH
1268,DOC-0080,marksheet,rotated_90,field_4,1,1,0.0,0.0,0.0,0.0,EXACT_MATCH
1269,DOC-0080,marksheet,rotated_90,field_5,1,1,0.0,0.0,0.0,0.0,EXACT_MATCH
1270,DOC-0080,marksheet,rotated_90,field_6,1,1,0.0,0.0,0.0,0.0,EXACT_MATCH
1271,DOC-0080,marksheet,rotated_90,field_7,1,1,0.0,0.0,0.0,0.0,EXACT_MATCH
1272,DOC-0080,marksheet,rotated_90,field_8,1,1,0.0,0.0,0.0,0.0,EXACT_MATCH
1273,DOC-0080,marksheet,rotated_90,field_9,1,1,0.0,0.0,0.0,0.0,EXACT_MATCH
1274,DOC-0080,marksheet,rotated_90,field_10,1,1,0.0,0.0,0.0,0.0,EXACT_MATCH
1275,DOC-0080,marksheet,rotated_90,field_11,1,1,0.0,0.0,0.0,0.0,EXACT_MATCH
1276,DOC-0080,marksheet,rotated_90,field_12,1,1,0.0,0.0,0.0,0.0,EXACT_MATCH
1277,DOC-0080,marksheet,rotated_90,field_13,1,1,0.0,0.0,0.0,0.0,EXACT_MATCH
1278,DOC-0080,marksheet,rotated_90,field_14,1,1,0.0,0.0,0.0,0.0,EXACT_MATCH
1279,DOC-0080,marksheet,rotated_90,field_15,1,1,0.0,0.0,0.0,0.0,EXACT_MATCH
1280,DOC-0080,marksheet,rotated_90,field_16,1,1,0.0,0.0,0.0,0.0,EXACT_MATCH
1281,DOC-0081,student_id,clean,field_1,1,1,0.0,0.0,0.0,0.0,EXACT_MATCH
1282,DOC-0081,student_id,clean,field_2,1,1,0.0,0.0,0.0,0.0,EXACT_MATCH
1283,DOC-0081,student_id,clean,field_3,1,1,0.0,0.0,0.0,0.0,EXACT_MATCH
1284,DOC-0081,student_id,clean,field_4,1,1,0.0,0.0,0.0,0.0,EXACT_MATCH
1285,DOC-0081,student_id,clean,field_5,1,1,0.0,0.0,0.0,0.0,EXACT_MATCH
1286,DOC-0081,student_id,clean,field_6,1,1,0.0,0.0,0.0,0.0,EXACT_MATCH
1287,DOC-0081,student_id,clean,field_7,1,1,0.0,0.0,0.0,0.0,EXACT_MATCH
1288,DOC-0081,student_id,clean,field_8,1,1,0.0,0.0,0.0,0.0,EXACT_MATCH
1289,DOC-0081,student_id,clean,field_9,1,1,0.0,0.0,0.0,0.0,EXACT_MATCH
1290,DOC-0081,student_id,clean,field_10,1,1,0.0,0.0,0.0,0.0,EXACT_MATCH
1291,DOC-0081,student_id,clean,field_11,1,1,0.0,0.0,0.0,0.0,EXACT_MATCH
1292,DOC-0081,student_id,clean,field_12,1,1,0.0,0.0,0.0,0.0,EXACT_MATCH
1293,DOC-0081,student_id,clean,field_13,1,1,0.0,0.0,0.0,0.0,EXACT_MATCH
1294,DOC-0081,student_id,clean,field_14,1,1,0.0,0.0,0.0,0.0,EXACT_MATCH
1295,DOC-0081,student_id,clean,field_15,1,1,0.0,0.0,0.0,0.0,EXACT_MATCH
1296,DOC-0081,student_id,clean,field_16,1,1,0.0,0.0,0.0,0.0,EXACT_MATCH
1297,DOC-0082,certificate,scanner_copy,field_1,1,1,0.0,0.0,0.0,0.0,EXACT_MATCH
1298,DOC-0082,certificate,scanner_copy,field_2,1,1,0.0,0.0,0.0,0.0,EXACT_MATCH
1299,DOC-0082,certificate,scanner_copy,field_3,1,1,0.0,0.0,0.0,0.0,EXACT_MATCH
1300,DOC-0082,certificate,scanner_copy,field_4,1,1,0.0,0.0,0.0,0.0,EXACT_MATCH
1301,DOC-0082,certificate,scanner_copy,field_5,1,1,0.0,0.0,0.0,0.0,EXACT_MATCH
1302,DOC-0082,certificate,scanner_copy,field_6,1,1,0.0,0.0,0.0,0.0,EXACT_MATCH
1303,DOC-0082,certificate,scanner_copy,field_7,1,1,0.0,0.0,0.0,0.0,EXACT_MATCH
1304,DOC-0082,certificate,scanner_copy,field_8,1,1,0.0,0.0,0.0,0.0,EXACT_MATCH
1305,DOC-0082,certificate,scanner_copy,field_9,1,1,0.0,0.0,0.0,0.0,EXACT_MATCH
1306,DOC-0082,certificate,scanner_copy,field_10,1,1,0.0,0.0,0.0,0.0,EXACT_MATCH
1307,DOC-0082,certificate,scanner_copy,field_11,1,1,0.0,0.0,0.0,0.0,EXACT_MATCH
1308,DOC-0082,certificate,scanner_copy,field_12,1,1,0.0,0.0,0.0,0.0,EXACT_MATCH
1309,DOC-0082,certificate,scanner_copy,field_13,1,1,0.0,0.0,0.0,0.0,EXACT_MATCH
1310,DOC-0082,certificate,scanner_copy,field_14,1,1,0.0,0.0,0.0,0.0,EXACT_MATCH
1311,DOC-0082,certificate,scanner_copy,field_15,1,1,0.0,0.0,0.0,0.0,EXACT_MATCH
1312,DOC-0082,certificate,scanner_copy,field_16,1,1,0.0,0.0,0.0,0.0,EXACT_MATCH
1313,DOC-0083,marksheet,mobile_camera,field_1,1,1,0.0,0.0,0.0,0.0,EXACT_MATCH
1314,DOC-0083,marksheet,mobile_camera,field_2,1,1,0.0,0.0,0.0,0.0,EXACT_MATCH
1315,DOC-0083,marksheet,mobile_camera,field_3,1,1,0.0,0.0,0.0,0.0,EXACT_MATCH
1316,DOC-0083,marksheet,mobile_camera,field_4,1,1,0.0,0.0,0.0,0.0,EXACT_MATCH
1317,DOC-0083,marksheet,mobile_camera,field_5,1,1,0.0,0.0,0.0,0.0,EXACT_MATCH
1318,DOC-0083,marksheet,mobile_camera,field_6,1,1,0.0,0.0,0.0,0.0,EXACT_MATCH
1319,DOC-0083,marksheet,mobile_camera,field_7,1,1,0.0,0.0,0.0,0.0,EXACT_MATCH
1320,DOC-0083,marksheet,mobile_camera,field_8,1,1,0.0,0.0,0.0,0.0,EXACT_MATCH
1321,DOC-0083,marksheet,mobile_camera,field_9,1,1,0.0,0.0,0.0,0.0,EXACT_MATCH
1322,DOC-0083,marksheet,mobile_camera,field_10,1,1,0.0,0.0,0.0,0.0,EXACT_MATCH
1323,DOC-0083,marksheet,mobile_camera,field_11,1,1,0.0,0.0,0.0,0.0,EXACT_MATCH
1324,DOC-0083,marksheet,mobile_camera,field_12,1,1,0.0,0.0,0.0,0.0,EXACT_MATCH
1325,DOC-0083,marksheet,mobile_camera,field_13,1,1,0.0,0.0,0.0,0.0,EXACT_MATCH
1326,DOC-0083,marksheet,mobile_camera,field_14,1,1,0.0,0.0,0.0,0.0,EXACT_MATCH
1327,DOC-0083,marksheet,mobile_camera,field_15,1,1,0.0,0.0,0.0,0.0,EXACT_MATCH
1328,DOC-0083,marksheet,mobile_camera,field_16,1,1,0.0,0.0,0.0,0.0,EXACT_MATCH
1329,DOC-0084,student_id,rotated_90,field_1,1,1,0.0,0.0,0.0,0.0,EXACT_MATCH
1330,DOC-0084,student_id,rotated_90,field_2,1,1,0.0,0.0,0.0,0.0,EXACT_MATCH
1331,DOC-0084,student_id,rotated_90,field_3,1,1,0.0,0.0,0.0,0.0,EXACT_MATCH
1332,DOC-0084,student_id,rotated_90,field_4,1,1,0.0,0.0,0.0,0.0,EXACT_MATCH
1333,DOC-0084,student_id,rotated_90,field_5,1,1,0.0,0.0,0.0,0.0,EXACT_MATCH
1334,DOC-0084,student_id,rotated_90,field_6,1,1,0.0,0.0,0.0,0.0,EXACT_MATCH
1335,DOC-0084,student_id,rotated_90,field_7,1,1,0.0,0.0,0.0,0.0,EXACT_MATCH
1336,DOC-0084,student_id,rotated_90,field_8,1,1,0.0,0.0,0.0,0.0,EXACT_MATCH
1337,DOC-0084,student_id,rotated_90,field_9,1,1,0.0,0.0,0.0,0.0,EXACT_MATCH
1338,DOC-0084,student_id,rotated_90,field_10,1,1,0.0,0.0,0.0,0.0,EXACT_MATCH
1339,DOC-0084,student_id,rotated_90,field_11,1,1,0.0,0.0,0.0,0.0,EXACT_MATCH
1340,DOC-0084,student_id,rotated_90,field_12,1,1,0.0,0.0,0.0,0.0,EXACT_MATCH
1341,DOC-0084,student_id,rotated_90,field_13,1,1,0.0,0.0,0.0,0.0,EXACT_MATCH
1342,DOC-0084,student_id,rotated_90,field_14,1,1,0.0,0.0,0.0,0.0,EXACT_MATCH
1343,DOC-0084,student_id,rotated_90,field_15,1,1,0.0,0.0,0.0,0.0,EXACT_MATCH
1344,DOC-0084,student_id,rotated_90,field_16,1,1,0.0,0.0,0.0,0.0,EXACT_MATCH
1345,DOC-0085,certificate,clean,field_1,1,1,0.0,0.0,0.0,0.0,EXACT_MATCH
1346,DOC-0085,certificate,clean,field_2,1,1,0.0,0.0,0.0,0.0,EXACT_MATCH
1347,DOC-0085,certificate,clean,field_3,1,1,0.0,0.0,0.0,0.0,EXACT_MATCH
1348,DOC-0085,certificate,clean,field_4,1,1,0.0,0.0,0.0,0.0,EXACT_MATCH
1349,DOC-0085,certificate,clean,field_5,1,1,0.0,0.0,0.0,0.0,EXACT_MATCH
1350,DOC-0085,certificate,clean,field_6,1,1,0.0,0.0,0.0,0.0,EXACT_MATCH
1351,DOC-0085,certificate,clean,field_7,1,1,0.0,0.0,0.0,0.0,EXACT_MATCH
1352,DOC-0085,certificate,clean,field_8,1,1,0.0,0.0,0.0,0.0,EXACT_MATCH
1353,DOC-0085,certificate,clean,field_9,1,1,0.0,0.0,0.0,0.0,EXACT_MATCH
1354,DOC-0085,certificate,clean,field_10,1,1,0.0,0.0,0.0,0.0,EXACT_MATCH
1355,DOC-0085,certificate,clean,field_11,1,1,0.0,0.0,0.0,0.0,EXACT_MATCH
1356,DOC-0085,certificate,clean,field_12,1,1,0.0,0.0,0.0,0.0,EXACT_MATCH
1357,DOC-0085,certificate,clean,field_13,1,1,0.0,0.0,0.0,0.0,EXACT_MATCH
1358,DOC-0085,certificate,clean,field_14,1,1,0.0,0.0,0.0,0.0,EXACT_MATCH
1359,DOC-0085,certificate,clean,field_15,1,1,0.0,0.0,0.0,0.0,EXACT_MATCH
1360,DOC-0085,certificate,clean,field_16,1,1,0.0,0.0,0.0,0.0,EXACT_MATCH
1361,DOC-0086,marksheet,scanner_copy,field_1,1,1,0.0,0.0,0.0,0.0,EXACT_MATCH
1362,DOC-0086,marksheet,scanner_copy,field_2,1,1,0.0,0.0,0.0,0.0,EXACT_MATCH
1363,DOC-0086,marksheet,scanner_copy,field_3,1,1,0.0,0.0,0.0,0.0,EXACT_MATCH
1364,DOC-0086,marksheet,scanner_copy,field_4,1,1,0.0,0.0,0.0,0.0,EXACT_MATCH
1365,DOC-0086,marksheet,scanner_copy,field_5,1,1,0.0,0.0,0.0,0.0,EXACT_MATCH
1366,DOC-0086,marksheet,scanner_copy,field_6,1,1,0.0,0.0,0.0,0.0,EXACT_MATCH
1367,DOC-0086,marksheet,scanner_copy,field_7,1,1,0.0,0.0,0.0,0.0,EXACT_MATCH
1368,DOC-0086,marksheet,scanner_copy,field_8,1,1,0.0,0.0,0.0,0.0,EXACT_MATCH
1369,DOC-0086,marksheet,scanner_copy,field_9,1,1,0.0,0.0,0.0,0.0,EXACT_MATCH
1370,DOC-0086,marksheet,scanner_copy,field_10,1,1,0.0,0.0,0.0,0.0,EXACT_MATCH
1371,DOC-0086,marksheet,scanner_copy,field_11,1,1,0.0,0.0,0.0,0.0,EXACT_MATCH
1372,DOC-0086,marksheet,scanner_copy,field_12,1,1,0.0,0.0,0.0,0.0,EXACT_MATCH
1373,DOC-0086,marksheet,scanner_copy,field_13,1,1,0.0,0.0,0.0,0.0,EXACT_MATCH
1374,DOC-0086,marksheet,scanner_copy,field_14,1,1,0.0,0.0,0.0,0.0,EXACT_MATCH
1375,DOC-0086,marksheet,scanner_copy,field_15,1,1,0.0,0.0,0.0,0.0,EXACT_MATCH
1376,DOC-0086,marksheet,scanner_copy,field_16,1,1,0.0,0.0,0.0,0.0,EXACT_MATCH
1377,DOC-0087,student_id,mobile_camera,field_1,1,1,0.0,0.0,0.0,0.0,EXACT_MATCH
1378,DOC-0087,student_id,mobile_camera,field_2,1,1,0.0,0.0,0.0,0.0,EXACT_MATCH
1379,DOC-0087,student_id,mobile_camera,field_3,1,1,0.0,0.0,0.0,0.0,EXACT_MATCH
1380,DOC-0087,student_id,mobile_camera,field_4,1,1,0.0,0.0,0.0,0.0,EXACT_MATCH
1381,DOC-0087,student_id,mobile_camera,field_5,1,1,0.0,0.0,0.0,0.0,EXACT_MATCH
1382,DOC-0087,student_id,mobile_camera,field_6,1,1,0.0,0.0,0.0,0.0,EXACT_MATCH
1383,DOC-0087,student_id,mobile_camera,field_7,1,1,0.0,0.0,0.0,0.0,EXACT_MATCH
1384,DOC-0087,student_id,mobile_camera,field_8,1,1,0.0,0.0,0.0,0.0,EXACT_MATCH
1385,DOC-0087,student_id,mobile_camera,field_9,1,1,0.0,0.0,0.0,0.0,EXACT_MATCH
1386,DOC-0087,student_id,mobile_camera,field_10,1,1,0.0,0.0,0.0,0.0,EXACT_MATCH
1387,DOC-0087,student_id,mobile_camera,field_11,1,1,0.0,0.0,0.0,0.0,EXACT_MATCH
1388,DOC-0087,student_id,mobile_camera,field_12,1,1,0.0,0.0,0.0,0.0,EXACT_MATCH
1389,DOC-0087,student_id,mobile_camera,field_13,1,1,0.0,0.0,0.0,0.0,EXACT_MATCH
1390,DOC-0087,student_id,mobile_camera,field_14,1,1,0.0,0.0,0.0,0.0,EXACT_MATCH
1391,DOC-0087,student_id,mobile_camera,field_15,1,1,0.0,0.0,0.0,0.0,EXACT_MATCH
1392,DOC-0087,student_id,mobile_camera,field_16,1,1,0.0,0.0,0.0,0.0,EXACT_MATCH
1393,DOC-0088,certificate,rotated_90,field_1,1,1,0.0,0.0,0.0,0.0,EXACT_MATCH
1394,DOC-0088,certificate,rotated_90,field_2,1,1,0.0,0.0,0.0,0.0,EXACT_MATCH
1395,DOC-0088,certificate,rotated_90,field_3,1,1,0.0,0.0,0.0,0.0,EXACT_MATCH
1396,DOC-0088,certificate,rotated_90,field_4,1,1,0.0,0.0,0.0,0.0,EXACT_MATCH
1397,DOC-0088,certificate,rotated_90,field_5,1,1,0.0,0.0,0.0,0.0,EXACT_MATCH
1398,DOC-0088,certificate,rotated_90,field_6,1,1,0.0,0.0,0.0,0.0,EXACT_MATCH
1399,DOC-0088,certificate,rotated_90,field_7,1,1,0.0,0.0,0.0,0.0,EXACT_MATCH
1400,DOC-0088,certificate,rotated_90,field_8,1,1,0.0,0.0,0.0,0.0,EXACT_MATCH
1401,DOC-0088,certificate,rotated_90,field_9,1,1,0.0,0.0,0.0,0.0,EXACT_MATCH
1402,DOC-0088,certificate,rotated_90,field_10,1,1,0.0,0.0,0.0,0.0,EXACT_MATCH
1403,DOC-0088,certificate,rotated_90,field_11,1,1,0.0,0.0,0.0,0.0,EXACT_MATCH
1404,DOC-0088,certificate,rotated_90,field_12,1,1,0.0,0.0,0.0,0.0,EXACT_MATCH
1405,DOC-0088,certificate,rotated_90,field_13,1,1,0.0,0.0,0.0,0.0,EXACT_MATCH
1406,DOC-0088,certificate,rotated_90,field_14,1,1,0.0,0.0,0.0,0.0,EXACT_MATCH
1407,DOC-0088,certificate,rotated_90,field_15,1,1,0.0,0.0,0.0,0.0,EXACT_MATCH
1408,DOC-0088,certificate,rotated_90,field_16,1,1,0.0,0.0,0.0,0.0,EXACT_MATCH
1409,DOC-0089,marksheet,clean,field_1,1,1,0.0,0.0,0.0,0.0,EXACT_MATCH
1410,DOC-0089,marksheet,clean,field_2,1,1,0.0,0.0,0.0,0.0,EXACT_MATCH
1411,DOC-0089,marksheet,clean,field_3,1,1,0.0,0.0,0.0,0.0,EXACT_MATCH
1412,DOC-0089,marksheet,clean,field_4,1,1,0.0,0.0,0.0,0.0,EXACT_MATCH
1413,DOC-0089,marksheet,clean,field_5,1,1,0.0,0.0,0.0,0.0,EXACT_MATCH
1414,DOC-0089,marksheet,clean,field_6,1,1,0.0,0.0,0.0,0.0,EXACT_MATCH
1415,DOC-0089,marksheet,clean,field_7,1,1,0.0,0.0,0.0,0.0,EXACT_MATCH
1416,DOC-0089,marksheet,clean,field_8,1,1,0.0,0.0,0.0,0.0,EXACT_MATCH
1417,DOC-0089,marksheet,clean,field_9,1,1,0.0,0.0,0.0,0.0,EXACT_MATCH
1418,DOC-0089,marksheet,clean,field_10,1,1,0.0,0.0,0.0,0.0,EXACT_MATCH
1419,DOC-0089,marksheet,clean,field_11,1,1,0.0,0.0,0.0,0.0,EXACT_MATCH
1420,DOC-0089,marksheet,clean,field_12,1,1,0.0,0.0,0.0,0.0,EXACT_MATCH
1421,DOC-0089,marksheet,clean,field_13,1,1,0.0,0.0,0.0,0.0,EXACT_MATCH
1422,DOC-0089,marksheet,clean,field_14,1,1,0.0,0.0,0.0,0.0,EXACT_MATCH
1423,DOC-0089,marksheet,clean,field_15,1,1,0.0,0.0,0.0,0.0,EXACT_MATCH
1424,DOC-0089,marksheet,clean,field_16,1,1,0.0,0.0,0.0,0.0,EXACT_MATCH
1425,DOC-0090,student_id,scanner_copy,field_1,1,1,0.0,0.0,0.0,0.0,EXACT_MATCH
1426,DOC-0090,student_id,scanner_copy,field_2,1,1,0.0,0.0,0.0,0.0,EXACT_MATCH
1427,DOC-0090,student_id,scanner_copy,field_3,1,1,0.0,0.0,0.0,0.0,EXACT_MATCH
1428,DOC-0090,student_id,scanner_copy,field_4,1,1,0.0,0.0,0.0,0.0,EXACT_MATCH
1429,DOC-0090,student_id,scanner_copy,field_5,1,1,0.0,0.0,0.0,0.0,EXACT_MATCH
1430,DOC-0090,student_id,scanner_copy,field_6,1,1,0.0,0.0,0.0,0.0,EXACT_MATCH
1431,DOC-0090,student_id,scanner_copy,field_7,1,1,0.0,0.0,0.0,0.0,EXACT_MATCH
1432,DOC-0090,student_id,scanner_copy,field_8,1,1,0.0,0.0,0.0,0.0,EXACT_MATCH
1433,DOC-0090,student_id,scanner_copy,field_9,1,1,0.0,0.0,0.0,0.0,EXACT_MATCH
1434,DOC-0090,student_id,scanner_copy,field_10,1,1,0.0,0.0,0.0,0.0,EXACT_MATCH
1435,DOC-0090,student_id,scanner_copy,field_11,1,1,0.0,0.0,0.0,0.0,EXACT_MATCH
1436,DOC-0090,student_id,scanner_copy,field_12,1,1,0.0,0.0,0.0,0.0,EXACT_MATCH
1437,DOC-0090,student_id,scanner_copy,field_13,1,1,0.0,0.0,0.0,0.0,EXACT_MATCH
1438,DOC-0090,student_id,scanner_copy,field_14,1,1,0.0,0.0,0.0,0.0,EXACT_MATCH
1439,DOC-0090,student_id,scanner_copy,field_15,1,1,0.0,0.0,0.0,0.0,EXACT_MATCH
1440,DOC-0090,student_id,scanner_copy,field_16,1,1,0.0,0.0,0.0,0.0,EXACT_MATCH
1441,DOC-0091,certificate,mobile_camera,field_1,1,1,0.0,0.0,0.0,0.0,EXACT_MATCH
1442,DOC-0091,certificate,mobile_camera,field_2,1,1,0.0,0.0,0.0,0.0,EXACT_MATCH
1443,DOC-0091,certificate,mobile_camera,field_3,1,1,0.0,0.0,0.0,0.0,EXACT_MATCH
1444,DOC-0091,certificate,mobile_camera,field_4,1,1,0.0,0.0,0.0,0.0,EXACT_MATCH
1445,DOC-0091,certificate,mobile_camera,field_5,1,1,0.0,0.0,0.0,0.0,EXACT_MATCH
1446,DOC-0091,certificate,mobile_camera,field_6,1,1,0.0,0.0,0.0,0.0,EXACT_MATCH
1447,DOC-0091,certificate,mobile_camera,field_7,1,1,0.0,0.0,0.0,0.0,EXACT_MATCH
1448,DOC-0091,certificate,mobile_camera,field_8,1,1,0.0,0.0,0.0,0.0,EXACT_MATCH
1449,DOC-0091,certificate,mobile_camera,field_9,1,1,0.0,0.0,0.0,0.0,EXACT_MATCH
1450,DOC-0091,certificate,mobile_camera,field_10,1,1,0.0,0.0,0.0,0.0,EXACT_MATCH
1451,DOC-0091,certificate,mobile_camera,field_11,1,1,0.0,0.0,0.0,0.0,EXACT_MATCH
1452,DOC-0091,certificate,mobile_camera,field_12,1,1,0.0,0.0,0.0,0.0,EXACT_MATCH
1453,DOC-0091,certificate,mobile_camera,field_13,1,1,0.0,0.0,0.0,0.0,EXACT_MATCH
1454,DOC-0091,certificate,mobile_camera,field_14,1,1,0.0,0.0,0.0,0.0,EXACT_MATCH
1455,DOC-0091,certificate,mobile_camera,field_15,1,1,0.0,0.0,0.0,0.0,EXACT_MATCH
1456,DOC-0091,certificate,mobile_camera,field_16,1,1,0.0,0.0,0.0,0.0,EXACT_MATCH
1457,DOC-0092,marksheet,rotated_90,field_1,1,1,0.0,0.0,0.0,0.0,EXACT_MATCH
1458,DOC-0092,marksheet,rotated_90,field_2,1,1,0.0,0.0,0.0,0.0,EXACT_MATCH
1459,DOC-0092,marksheet,rotated_90,field_3,1,1,0.0,0.0,0.0,0.0,EXACT_MATCH
1460,DOC-0092,marksheet,rotated_90,field_4,1,1,0.0,0.0,0.0,0.0,EXACT_MATCH
1461,DOC-0092,marksheet,rotated_90,field_5,1,1,0.0,0.0,0.0,0.0,EXACT_MATCH
1462,DOC-0092,marksheet,rotated_90,field_6,1,1,0.0,0.0,0.0,0.0,EXACT_MATCH
1463,DOC-0092,marksheet,rotated_90,field_7,1,1,0.0,0.0,0.0,0.0,EXACT_MATCH
1464,DOC-0092,marksheet,rotated_90,field_8,1,1,0.0,0.0,0.0,0.0,EXACT_MATCH
1465,DOC-0092,marksheet,rotated_90,field_9,1,1,0.0,0.0,0.0,0.0,EXACT_MATCH
1466,DOC-0092,marksheet,rotated_90,field_10,1,1,0.0,0.0,0.0,0.0,EXACT_MATCH
1467,DOC-0092,marksheet,rotated_90,field_11,1,1,0.0,0.0,0.0,0.0,EXACT_MATCH
1468,DOC-0092,marksheet,rotated_90,field_12,1,1,0.0,0.0,0.0,0.0,EXACT_MATCH
1469,DOC-0092,marksheet,rotated_90,field_13,1,1,0.0,0.0,0.0,0.0,EXACT_MATCH
1470,DOC-0092,marksheet,rotated_90,field_14,1,1,0.0,0.0,0.0,0.0,EXACT_MATCH
1471,DOC-0092,marksheet,rotated_90,field_15,1,1,0.0,0.0,0.0,0.0,EXACT_MATCH
1472,DOC-0092,marksheet,rotated_90,field_16,1,1,0.0,0.0,0.0,0.0,EXACT_MATCH
1473,DOC-0093,student_id,clean,field_1,1,1,0.0,0.0,0.0,0.0,EXACT_MATCH
1474,DOC-0093,student_id,clean,field_2,1,1,0.0,0.0,0.0,0.0,EXACT_MATCH
1475,DOC-0093,student_id,clean,field_3,1,1,0.0,0.0,0.0,0.0,EXACT_MATCH
1476,DOC-0093,student_id,clean,field_4,1,1,0.0,0.0,0.0,0.0,EXACT_MATCH
1477,DOC-0093,student_id,clean,field_5,1,1,0.0,0.0,0.0,0.0,EXACT_MATCH
1478,DOC-0093,student_id,clean,field_6,1,1,0.0,0.0,0.0,0.0,EXACT_MATCH
1479,DOC-0093,student_id,clean,field_7,1,1,0.0,0.0,0.0,0.0,EXACT_MATCH
1480,DOC-0093,student_id,clean,field_8,1,1,0.0,0.0,0.0,0.0,EXACT_MATCH
1481,DOC-0093,student_id,clean,field_9,1,1,0.0,0.0,0.0,0.0,EXACT_MATCH
1482,DOC-0093,student_id,clean,field_10,1,1,0.0,0.0,0.0,0.0,EXACT_MATCH
1483,DOC-0093,student_id,clean,field_11,1,1,0.0,0.0,0.0,0.0,EXACT_MATCH
1484,DOC-0093,student_id,clean,field_12,1,1,0.0,0.0,0.0,0.0,EXACT_MATCH
1485,DOC-0093,student_id,clean,field_13,1,1,0.0,0.0,0.0,0.0,EXACT_MATCH
1486,DOC-0093,student_id,clean,field_14,1,1,0.0,0.0,0.0,0.0,EXACT_MATCH
1487,DOC-0093,student_id,clean,field_15,1,1,0.0,0.0,0.0,0.0,EXACT_MATCH
1488,DOC-0093,student_id,clean,field_16,1,1,0.0,0.0,0.0,0.0,EXACT_MATCH
1489,DOC-0094,certificate,scanner_copy,field_1,1,1,0.0,0.0,0.0,0.0,EXACT_MATCH
1490,DOC-0094,certificate,scanner_copy,field_2,1,1,0.0,0.0,0.0,0.0,EXACT_MATCH
1491,DOC-0094,certificate,scanner_copy,field_3,1,1,0.0,0.0,0.0,0.0,EXACT_MATCH
1492,DOC-0094,certificate,scanner_copy,field_4,1,1,0.0,0.0,0.0,0.0,EXACT_MATCH
1493,DOC-0094,certificate,scanner_copy,field_5,1,1,0.0,0.0,0.0,0.0,EXACT_MATCH
1494,DOC-0094,certificate,scanner_copy,field_6,1,1,0.0,0.0,0.0,0.0,EXACT_MATCH
1495,DOC-0094,certificate,scanner_copy,field_7,1,1,0.0,0.0,0.0,0.0,EXACT_MATCH
1496,DOC-0094,certificate,scanner_copy,field_8,1,1,0.0,0.0,0.0,0.0,EXACT_MATCH
1497,DOC-0094,certificate,scanner_copy,field_9,1,1,0.0,0.0,0.0,0.0,EXACT_MATCH
1498,DOC-0094,certificate,scanner_copy,field_10,1,1,0.0,0.0,0.0,0.0,EXACT_MATCH
1499,DOC-0094,certificate,scanner_copy,field_11,1,1,0.0,0.0,0.0,0.0,EXACT_MATCH
1500,DOC-0094,certificate,scanner_copy,field_12,1,1,0.0,0.0,0.0,0.0,EXACT_MATCH
1501,DOC-0094,certificate,scanner_copy,field_13,1,1,0.0,0.0,0.0,0.0,EXACT_MATCH
1502,DOC-0094,certificate,scanner_copy,field_14,1,1,0.0,0.0,0.0,0.0,EXACT_MATCH
1503,DOC-0094,certificate,scanner_copy,field_15,1,1,0.0,0.0,0.0,0.0,EXACT_MATCH
1504,DOC-0094,certificate,scanner_copy,field_16,1,1,0.0,0.0,0.0,0.0,EXACT_MATCH
1505,DOC-0095,marksheet,mobile_camera,field_1,1,1,0.0,0.0,0.0,0.0,EXACT_MATCH
1506,DOC-0095,marksheet,mobile_camera,field_2,1,1,0.0,0.0,0.0,0.0,EXACT_MATCH
1507,DOC-0095,marksheet,mobile_camera,field_3,1,1,0.0,0.0,0.0,0.0,EXACT_MATCH
1508,DOC-0095,marksheet,mobile_camera,field_4,1,1,0.0,0.0,0.0,0.0,EXACT_MATCH
1509,DOC-0095,marksheet,mobile_camera,field_5,1,1,0.0,0.0,0.0,0.0,EXACT_MATCH
1510,DOC-0095,marksheet,mobile_camera,field_6,1,1,0.0,0.0,0.0,0.0,EXACT_MATCH
1511,DOC-0095,marksheet,mobile_camera,field_7,1,1,0.0,0.0,0.0,0.0,EXACT_MATCH
1512,DOC-0095,marksheet,mobile_camera,field_8,1,1,0.0,0.0,0.0,0.0,EXACT_MATCH
1513,DOC-0095,marksheet,mobile_camera,field_9,1,1,0.0,0.0,0.0,0.0,EXACT_MATCH
1514,DOC-0095,marksheet,mobile_camera,field_10,1,1,0.0,0.0,0.0,0.0,EXACT_MATCH
1515,DOC-0095,marksheet,mobile_camera,field_11,1,1,0.0,0.0,0.0,0.0,EXACT_MATCH
1516,DOC-0095,marksheet,mobile_camera,field_12,1,1,0.0,0.0,0.0,0.0,EXACT_MATCH
1517,DOC-0095,marksheet,mobile_camera,field_13,1,1,0.0,0.0,0.0,0.0,EXACT_MATCH
1518,DOC-0095,marksheet,mobile_camera,field_14,1,1,0.0,0.0,0.0,0.0,EXACT_MATCH
1519,DOC-0095,marksheet,mobile_camera,field_15,1,1,0.0,0.0,0.0,0.0,EXACT_MATCH
1520,DOC-0095,marksheet,mobile_camera,field_16,1,1,0.0,0.0,0.0,0.0,EXACT_MATCH
1521,DOC-0096,student_id,rotated_90,field_1,1,1,0.0,0.0,0.0,0.0,EXACT_MATCH
1522,DOC-0096,student_id,rotated_90,field_2,1,1,0.0,0.0,0.0,0.0,EXACT_MATCH
1523,DOC-0096,student_id,rotated_90,field_3,1,1,0.0,0.0,0.0,0.0,EXACT_MATCH
1524,DOC-0096,student_id,rotated_90,field_4,1,1,0.0,0.0,0.0,0.0,EXACT_MATCH
1525,DOC-0096,student_id,rotated_90,field_5,1,1,0.0,0.0,0.0,0.0,EXACT_MATCH
1526,DOC-0096,student_id,rotated_90,field_6,1,1,0.0,0.0,0.0,0.0,EXACT_MATCH
1527,DOC-0096,student_id,rotated_90,field_7,1,1,0.0,0.0,0.0,0.0,EXACT_MATCH
1528,DOC-0096,student_id,rotated_90,field_8,1,1,0.0,0.0,0.0,0.0,EXACT_MATCH
1529,DOC-0096,student_id,rotated_90,field_9,1,1,0.0,0.0,0.0,0.0,EXACT_MATCH
1530,DOC-0096,student_id,rotated_90,field_10,1,1,0.0,0.0,0.0,0.0,EXACT_MATCH
1531,DOC-0096,student_id,rotated_90,field_11,1,1,0.0,0.0,0.0,0.0,EXACT_MATCH
1532,DOC-0096,student_id,rotated_90,field_12,1,1,0.0,0.0,0.0,0.0,EXACT_MATCH
1533,DOC-0096,student_id,rotated_90,field_13,1,1,0.0,0.0,0.0,0.0,EXACT_MATCH
1534,DOC-0096,student_id,rotated_90,field_14,1,1,0.0,0.0,0.0,0.0,EXACT_MATCH
1535,DOC-0096,student_id,rotated_90,field_15,1,1,0.0,0.0,0.0,0.0,EXACT_MATCH
1536,DOC-0096,student_id,rotated_90,field_16,1,1,0.0,0.0,0.0,0.0,EXACT_MATCH
1537,DOC-0097,certificate,clean,field_1,1,1,0.0,0.0,0.0,0.0,EXACT_MATCH
1538,DOC-0097,certificate,clean,field_2,1,1,0.0,0.0,0.0,0.0,EXACT_MATCH
1539,DOC-0097,certificate,clean,field_3,1,1,0.0,0.0,0.0,0.0,EXACT_MATCH
1540,DOC-0097,certificate,clean,field_4,1,1,0.0,0.0,0.0,0.0,EXACT_MATCH
1541,DOC-0097,certificate,clean,field_5,1,1,0.0,0.0,0.0,0.0,EXACT_MATCH
1542,DOC-0097,certificate,clean,field_6,1,1,0.0,0.0,0.0,0.0,EXACT_MATCH
1543,DOC-0097,certificate,clean,field_7,1,1,0.0,0.0,0.0,0.0,EXACT_MATCH
1544,DOC-0097,certificate,clean,field_8,1,1,0.0,0.0,0.0,0.0,EXACT_MATCH
1545,DOC-0097,certificate,clean,field_9,1,1,0.0,0.0,0.0,0.0,EXACT_MATCH
1546,DOC-0097,certificate,clean,field_10,1,1,0.0,0.0,0.0,0.0,EXACT_MATCH
1547,DOC-0097,certificate,clean,field_11,1,1,0.0,0.0,0.0,0.0,EXACT_MATCH
1548,DOC-0097,certificate,clean,field_12,1,1,0.0,0.0,0.0,0.0,EXACT_MATCH
1549,DOC-0097,certificate,clean,field_13,1,1,0.0,0.0,0.0,0.0,EXACT_MATCH
1550,DOC-0097,certificate,clean,field_14,1,1,0.0,0.0,0.0,0.0,EXACT_MATCH
1551,DOC-0097,certificate,clean,field_15,1,1,0.0,0.0,0.0,0.0,EXACT_MATCH
1552,DOC-0097,certificate,clean,field_16,1,1,0.0,0.0,0.0,0.0,EXACT_MATCH
1553,DOC-0098,marksheet,scanner_copy,field_1,1,1,0.0,0.0,0.0,0.0,EXACT_MATCH
1554,DOC-0098,marksheet,scanner_copy,field_2,1,1,0.0,0.0,0.0,0.0,EXACT_MATCH
1555,DOC-0098,marksheet,scanner_copy,field_3,1,1,0.0,0.0,0.0,0.0,EXACT_MATCH
1556,DOC-0098,marksheet,scanner_copy,field_4,1,1,0.0,0.0,0.0,0.0,EXACT_MATCH
1557,DOC-0098,marksheet,scanner_copy,field_5,1,1,0.0,0.0,0.0,0.0,EXACT_MATCH
1558,DOC-0098,marksheet,scanner_copy,field_6,1,1,0.0,0.0,0.0,0.0,EXACT_MATCH
1559,DOC-0098,marksheet,scanner_copy,field_7,1,1,0.0,0.0,0.0,0.0,EXACT_MATCH
1560,DOC-0098,marksheet,scanner_copy,field_8,1,1,0.0,0.0,0.0,0.0,EXACT_MATCH
1561,DOC-0098,marksheet,scanner_copy,field_9,1,1,0.0,0.0,0.0,0.0,EXACT_MATCH
1562,DOC-0098,marksheet,scanner_copy,field_10,1,1,0.0,0.0,0.0,0.0,EXACT_MATCH
1563,DOC-0098,marksheet,scanner_copy,field_11,1,1,0.0,0.0,0.0,0.0,EXACT_MATCH
1564,DOC-0098,marksheet,scanner_copy,field_12,1,1,0.0,0.0,0.0,0.0,EXACT_MATCH
1565,DOC-0098,marksheet,scanner_copy,field_13,1,1,0.0,0.0,0.0,0.0,EXACT_MATCH
1566,DOC-0098,marksheet,scanner_copy,field_14,1,1,0.0,0.0,0.0,0.0,EXACT_MATCH
1567,DOC-0098,marksheet,scanner_copy,field_15,1,1,0.0,0.0,0.0,0.0,EXACT_MATCH
1568,DOC-0098,marksheet,scanner_copy,field_16,1,1,0.0,0.0,0.0,0.0,EXACT_MATCH
1569,DOC-0099,student_id,mobile_camera,field_1,1,1,0.0,0.0,0.0,0.0,EXACT_MATCH
1570,DOC-0099,student_id,mobile_camera,field_2,1,1,0.0,0.0,0.0,0.0,EXACT_MATCH
1571,DOC-0099,student_id,mobile_camera,field_3,1,1,0.0,0.0,0.0,0.0,EXACT_MATCH
1572,DOC-0099,student_id,mobile_camera,field_4,1,1,0.0,0.0,0.0,0.0,EXACT_MATCH
1573,DOC-0099,student_id,mobile_camera,field_5,1,1,0.0,0.0,0.0,0.0,EXACT_MATCH
1574,DOC-0099,student_id,mobile_camera,field_6,1,1,0.0,0.0,0.0,0.0,EXACT_MATCH
1575,DOC-0099,student_id,mobile_camera,field_7,1,1,0.0,0.0,0.0,0.0,EXACT_MATCH
1576,DOC-0099,student_id,mobile_camera,field_8,1,1,0.0,0.0,0.0,0.0,EXACT_MATCH
1577,DOC-0099,student_id,mobile_camera,field_9,1,1,0.0,0.0,0.0,0.0,EXACT_MATCH
1578,DOC-0099,student_id,mobile_camera,field_10,1,1,0.0,0.0,0.0,0.0,EXACT_MATCH
1579,DOC-0099,student_id,mobile_camera,field_11,1,1,0.0,0.0,0.0,0.0,EXACT_MATCH
1580,DOC-0099,student_id,mobile_camera,field_12,1,1,0.0,0.0,0.0,0.0,EXACT_MATCH
1581,DOC-0099,student_id,mobile_camera,field_13,1,1,0.0,0.0,0.0,0.0,EXACT_MATCH
1582,DOC-0099,student_id,mobile_camera,field_14,1,1,0.0,0.0,0.0,0.0,EXACT_MATCH
1583,DOC-0099,student_id,mobile_camera,field_15,1,1,0.0,0.0,0.0,0.0,EXACT_MATCH
1584,DOC-0099,student_id,mobile_camera,field_16,1,1,0.0,0.0,0.0,0.0,EXACT_MATCH
1585,DOC-0100,certificate,rotated_90,field_1,1,1,0.0,0.0,0.0,0.0,EXACT_MATCH
1586,DOC-0100,certificate,rotated_90,field_2,1,1,0.0,0.0,0.0,0.0,EXACT_MATCH
1587,DOC-0100,certificate,rotated_90,field_3,1,1,0.0,0.0,0.0,0.0,EXACT_MATCH
1588,DOC-0100,certificate,rotated_90,field_4,1,1,0.0,0.0,0.0,0.0,EXACT_MATCH
1589,DOC-0100,certificate,rotated_90,field_5,1,1,0.0,0.0,0.0,0.0,EXACT_MATCH
1590,DOC-0100,certificate,rotated_90,field_6,1,1,0.0,0.0,0.0,0.0,EXACT_MATCH
1591,DOC-0100,certificate,rotated_90,field_7,1,1,0.0,0.0,0.0,0.0,EXACT_MATCH
1592,DOC-0100,certificate,rotated_90,field_8,1,1,0.0,0.0,0.0,0.0,EXACT_MATCH
1593,DOC-0100,certificate,rotated_90,field_9,1,1,0.0,0.0,0.0,0.0,EXACT_MATCH
1594,DOC-0100,certificate,rotated_90,field_10,1,1,0.0,0.0,0.0,0.0,EXACT_MATCH
1595,DOC-0100,certificate,rotated_90,field_11,1,1,0.0,0.0,0.0,0.0,EXACT_MATCH
1596,DOC-0100,certificate,rotated_90,field_12,1,1,0.0,0.0,0.0,0.0,EXACT_MATCH
1597,DOC-0100,certificate,rotated_90,field_13,1,1,0.0,0.0,0.0,0.0,EXACT_MATCH
1598,DOC-0100,certificate,rotated_90,field_14,1,1,0.0,0.0,0.0,0.0,EXACT_MATCH
1599,DOC-0100,certificate,rotated_90,field_15,1,1,0.0,0.0,0.0,0.0,EXACT_MATCH
1600,DOC-0100,certificate,rotated_90,field_16,1,1,0.0,0.0,0.0,0.0,EXACT_MATCH
1601,DOC-0101,marksheet,clean,field_1,1,1,0.0,0.0,0.0,0.0,EXACT_MATCH
1602,DOC-0101,marksheet,clean,field_2,1,1,0.0,0.0,0.0,0.0,EXACT_MATCH
1603,DOC-0101,marksheet,clean,field_3,1,1,0.0,0.0,0.0,0.0,EXACT_MATCH
1604,DOC-0101,marksheet,clean,field_4,1,1,0.0,0.0,0.0,0.0,EXACT_MATCH
1605,DOC-0101,marksheet,clean,field_5,1,1,0.0,0.0,0.0,0.0,EXACT_MATCH
1606,DOC-0101,marksheet,clean,field_6,1,1,0.0,0.0,0.0,0.0,EXACT_MATCH
1607,DOC-0101,marksheet,clean,field_7,1,1,0.0,0.0,0.0,0.0,EXACT_MATCH
1608,DOC-0101,marksheet,clean,field_8,1,1,0.0,0.0,0.0,0.0,EXACT_MATCH
1609,DOC-0101,marksheet,clean,field_9,1,1,0.0,0.0,0.0,0.0,EXACT_MATCH
1610,DOC-0101,marksheet,clean,field_10,1,1,0.0,0.0,0.0,0.0,EXACT_MATCH
1611,DOC-0101,marksheet,clean,field_11,1,1,0.0,0.0,0.0,0.0,EXACT_MATCH
1612,DOC-0101,marksheet,clean,field_12,1,1,0.0,0.0,0.0,0.0,EXACT_MATCH
1613,DOC-0101,marksheet,clean,field_13,1,1,0.0,0.0,0.0,0.0,EXACT_MATCH
1614,DOC-0101,marksheet,clean,field_14,1,1,0.0,0.0,0.0,0.0,EXACT_MATCH
1615,DOC-0101,marksheet,clean,field_15,1,1,0.0,0.0,0.0,0.0,EXACT_MATCH
1616,DOC-0101,marksheet,clean,field_16,1,1,0.0,0.0,0.0,0.0,EXACT_MATCH
1617,DOC-0102,student_id,scanner_copy,field_1,1,1,0.0,0.0,0.0,0.0,EXACT_MATCH
1618,DOC-0102,student_id,scanner_copy,field_2,1,1,0.0,0.0,0.0,0.0,EXACT_MATCH
1619,DOC-0102,student_id,scanner_copy,field_3,1,1,0.0,0.0,0.0,0.0,EXACT_MATCH
1620,DOC-0102,student_id,scanner_copy,field_4,1,1,0.0,0.0,0.0,0.0,EXACT_MATCH
1621,DOC-0102,student_id,scanner_copy,field_5,1,1,0.0,0.0,0.0,0.0,EXACT_MATCH
1622,DOC-0102,student_id,scanner_copy,field_6,1,1,0.0,0.0,0.0,0.0,EXACT_MATCH
1623,DOC-0102,student_id,scanner_copy,field_7,1,1,0.0,0.0,0.0,0.0,EXACT_MATCH
1624,DOC-0102,student_id,scanner_copy,field_8,1,1,0.0,0.0,0.0,0.0,EXACT_MATCH
1625,DOC-0102,student_id,scanner_copy,field_9,1,1,0.0,0.0,0.0,0.0,EXACT_MATCH
1626,DOC-0102,student_id,scanner_copy,field_10,1,1,0.0,0.0,0.0,0.0,EXACT_MATCH
1627,DOC-0102,student_id,scanner_copy,field_11,1,1,0.0,0.0,0.0,0.0,EXACT_MATCH
1628,DOC-0102,student_id,scanner_copy,field_12,1,1,0.0,0.0,0.0,0.0,EXACT_MATCH
1629,DOC-0102,student_id,scanner_copy,field_13,1,1,0.0,0.0,0.0,0.0,EXACT_MATCH
1630,DOC-0102,student_id,scanner_copy,field_14,1,1,0.0,0.0,0.0,0.0,EXACT_MATCH
1631,DOC-0102,student_id,scanner_copy,field_15,1,1,0.0,0.0,0.0,0.0,EXACT_MATCH
1632,DOC-0102,student_id,scanner_copy,field_16,1,1,0.0,0.0,0.0,0.0,EXACT_MATCH
1633,DOC-0103,certificate,mobile_camera,field_1,1,1,0.0,0.0,0.0,0.0,EXACT_MATCH
1634,DOC-0103,certificate,mobile_camera,field_2,1,1,0.0,0.0,0.0,0.0,EXACT_MATCH
1635,DOC-0103,certificate,mobile_camera,field_3,1,1,0.0,0.0,0.0,0.0,EXACT_MATCH
1636,DOC-0103,certificate,mobile_camera,field_4,1,1,0.0,0.0,0.0,0.0,EXACT_MATCH
1637,DOC-0103,certificate,mobile_camera,field_5,1,1,0.0,0.0,0.0,0.0,EXACT_MATCH
1638,DOC-0103,certificate,mobile_camera,field_6,1,1,0.0,0.0,0.0,0.0,EXACT_MATCH
1639,DOC-0103,certificate,mobile_camera,field_7,1,1,0.0,0.0,0.0,0.0,EXACT_MATCH
1640,DOC-0103,certificate,mobile_camera,field_8,1,1,0.0,0.0,0.0,0.0,EXACT_MATCH
1641,DOC-0103,certificate,mobile_camera,field_9,1,1,0.0,0.0,0.0,0.0,EXACT_MATCH
1642,DOC-0103,certificate,mobile_camera,field_10,1,1,0.0,0.0,0.0,0.0,EXACT_MATCH
1643,DOC-0103,certificate,mobile_camera,field_11,1,1,0.0,0.0,0.0,0.0,EXACT_MATCH
1644,DOC-0103,certificate,mobile_camera,field_12,1,1,0.0,0.0,0.0,0.0,EXACT_MATCH
1645,DOC-0103,certificate,mobile_camera,field_13,1,1,0.0,0.0,0.0,0.0,EXACT_MATCH
1646,DOC-0103,certificate,mobile_camera,field_14,1,1,0.0,0.0,0.0,0.0,EXACT_MATCH
1647,DOC-0103,certificate,mobile_camera,field_15,1,1,0.0,0.0,0.0,0.0,EXACT_MATCH
1648,DOC-0103,certificate,mobile_camera,field_16,1,1,0.0,0.0,0.0,0.0,EXACT_MATCH
1649,DOC-0104,marksheet,rotated_90,field_1,1,1,0.0,0.0,0.0,0.0,EXACT_MATCH
1650,DOC-0104,marksheet,rotated_90,field_2,1,1,0.0,0.0,0.0,0.0,EXACT_MATCH
1651,DOC-0104,marksheet,rotated_90,field_3,1,1,0.0,0.0,0.0,0.0,EXACT_MATCH
1652,DOC-0104,marksheet,rotated_90,field_4,1,1,0.0,0.0,0.0,0.0,EXACT_MATCH
1653,DOC-0104,marksheet,rotated_90,field_5,1,1,0.0,0.0,0.0,0.0,EXACT_MATCH
1654,DOC-0104,marksheet,rotated_90,field_6,1,1,0.0,0.0,0.0,0.0,EXACT_MATCH
1655,DOC-0104,marksheet,rotated_90,field_7,1,1,0.0,0.0,0.0,0.0,EXACT_MATCH
1656,DOC-0104,marksheet,rotated_90,field_8,1,1,0.0,0.0,0.0,0.0,EXACT_MATCH
1657,DOC-0104,marksheet,rotated_90,field_9,1,1,0.0,0.0,0.0,0.0,EXACT_MATCH
1658,DOC-0104,marksheet,rotated_90,field_10,1,1,0.0,0.0,0.0,0.0,EXACT_MATCH
1659,DOC-0104,marksheet,rotated_90,field_11,1,1,0.0,0.0,0.0,0.0,EXACT_MATCH
1660,DOC-0104,marksheet,rotated_90,field_12,1,1,0.0,0.0,0.0,0.0,EXACT_MATCH
1661,DOC-0104,marksheet,rotated_90,field_13,1,1,0.0,0.0,0.0,0.0,EXACT_MATCH
1662,DOC-0104,marksheet,rotated_90,field_14,1,1,0.0,0.0,0.0,0.0,EXACT_MATCH
1663,DOC-0104,marksheet,rotated_90,field_15,1,1,0.0,0.0,0.0,0.0,EXACT_MATCH
1664,DOC-0104,marksheet,rotated_90,field_16,1,1,0.0,0.0,0.0,0.0,EXACT_MATCH
1665,DOC-0105,student_id,clean,field_1,1,1,0.0,0.0,0.0,0.0,EXACT_MATCH
1666,DOC-0105,student_id,clean,field_2,1,1,0.0,0.0,0.0,0.0,EXACT_MATCH
1667,DOC-0105,student_id,clean,field_3,1,1,0.0,0.0,0.0,0.0,EXACT_MATCH
1668,DOC-0105,student_id,clean,field_4,1,1,0.0,0.0,0.0,0.0,EXACT_MATCH
1669,DOC-0105,student_id,clean,field_5,1,1,0.0,0.0,0.0,0.0,EXACT_MATCH
1670,DOC-0105,student_id,clean,field_6,1,1,0.0,0.0,0.0,0.0,EXACT_MATCH
1671,DOC-0105,student_id,clean,field_7,1,1,0.0,0.0,0.0,0.0,EXACT_MATCH
1672,DOC-0105,student_id,clean,field_8,1,1,0.0,0.0,0.0,0.0,EXACT_MATCH
1673,DOC-0105,student_id,clean,field_9,1,1,0.0,0.0,0.0,0.0,EXACT_MATCH
1674,DOC-0105,student_id,clean,field_10,1,1,0.0,0.0,0.0,0.0,EXACT_MATCH
1675,DOC-0105,student_id,clean,field_11,1,1,0.0,0.0,0.0,0.0,EXACT_MATCH
1676,DOC-0105,student_id,clean,field_12,1,1,0.0,0.0,0.0,0.0,EXACT_MATCH
1677,DOC-0105,student_id,clean,field_13,1,1,0.0,0.0,0.0,0.0,EXACT_MATCH
1678,DOC-0105,student_id,clean,field_14,1,1,0.0,0.0,0.0,0.0,EXACT_MATCH
1679,DOC-0105,student_id,clean,field_15,1,1,0.0,0.0,0.0,0.0,EXACT_MATCH
1680,DOC-0105,student_id,clean,field_16,1,1,0.0,0.0,0.0,0.0,EXACT_MATCH
1681,DOC-0106,certificate,scanner_copy,field_1,1,1,0.0,0.0,0.0,0.0,EXACT_MATCH
1682,DOC-0106,certificate,scanner_copy,field_2,1,1,0.0,0.0,0.0,0.0,EXACT_MATCH
1683,DOC-0106,certificate,scanner_copy,field_3,1,1,0.0,0.0,0.0,0.0,EXACT_MATCH
1684,DOC-0106,certificate,scanner_copy,field_4,1,1,0.0,0.0,0.0,0.0,EXACT_MATCH
1685,DOC-0106,certificate,scanner_copy,field_5,1,1,0.0,0.0,0.0,0.0,EXACT_MATCH
1686,DOC-0106,certificate,scanner_copy,field_6,1,1,0.0,0.0,0.0,0.0,EXACT_MATCH
1687,DOC-0106,certificate,scanner_copy,field_7,1,1,0.0,0.0,0.0,0.0,EXACT_MATCH
1688,DOC-0106,certificate,scanner_copy,field_8,1,1,0.0,0.0,0.0,0.0,EXACT_MATCH
1689,DOC-0106,certificate,scanner_copy,field_9,1,1,0.0,0.0,0.0,0.0,EXACT_MATCH
1690,DOC-0106,certificate,scanner_copy,field_10,1,1,0.0,0.0,0.0,0.0,EXACT_MATCH
1691,DOC-0106,certificate,scanner_copy,field_11,1,1,0.0,0.0,0.0,0.0,EXACT_MATCH
1692,DOC-0106,certificate,scanner_copy,field_12,1,1,0.0,0.0,0.0,0.0,EXACT_MATCH
1693,DOC-0106,certificate,scanner_copy,field_13,1,1,0.0,0.0,0.0,0.0,EXACT_MATCH
1694,DOC-0106,certificate,scanner_copy,field_14,1,1,0.0,0.0,0.0,0.0,EXACT_MATCH
1695,DOC-0106,certificate,scanner_copy,field_15,1,1,0.0,0.0,0.0,0.0,EXACT_MATCH
1696,DOC-0106,certificate,scanner_copy,field_16,1,1,0.0,0.0,0.0,0.0,EXACT_MATCH
1697,DOC-0107,marksheet,mobile_camera,field_1,1,1,0.0,0.0,0.0,0.0,EXACT_MATCH
1698,DOC-0107,marksheet,mobile_camera,field_2,1,1,0.0,0.0,0.0,0.0,EXACT_MATCH
1699,DOC-0107,marksheet,mobile_camera,field_3,1,1,0.0,0.0,0.0,0.0,EXACT_MATCH
1700,DOC-0107,marksheet,mobile_camera,field_4,1,1,0.0,0.0,0.0,0.0,EXACT_MATCH
1701,DOC-0107,marksheet,mobile_camera,field_5,1,1,0.0,0.0,0.0,0.0,EXACT_MATCH
1702,DOC-0107,marksheet,mobile_camera,field_6,1,1,0.0,0.0,0.0,0.0,EXACT_MATCH
1703,DOC-0107,marksheet,mobile_camera,field_7,1,1,0.0,0.0,0.0,0.0,EXACT_MATCH
1704,DOC-0107,marksheet,mobile_camera,field_8,1,1,0.0,0.0,0.0,0.0,EXACT_MATCH
1705,DOC-0107,marksheet,mobile_camera,field_9,1,1,0.0,0.0,0.0,0.0,EXACT_MATCH
1706,DOC-0107,marksheet,mobile_camera,field_10,1,1,0.0,0.0,0.0,0.0,EXACT_MATCH
1707,DOC-0107,marksheet,mobile_camera,field_11,1,1,0.0,0.0,0.0,0.0,EXACT_MATCH
1708,DOC-0107,marksheet,mobile_camera,field_12,1,1,0.0,0.0,0.0,0.0,EXACT_MATCH
1709,DOC-0107,marksheet,mobile_camera,field_13,1,1,0.0,0.0,0.0,0.0,EXACT_MATCH
1710,DOC-0107,marksheet,mobile_camera,field_14,1,1,0.0,0.0,0.0,0.0,EXACT_MATCH
1711,DOC-0107,marksheet,mobile_camera,field_15,1,1,0.0,0.0,0.0,0.0,EXACT_MATCH
1712,DOC-0107,marksheet,mobile_camera,field_16,1,1,0.0,0.0,0.0,0.0,EXACT_MATCH
1713,DOC-0108,student_id,rotated_90,field_1,1,1,0.0,0.0,0.0,0.0,EXACT_MATCH
1714,DOC-0108,student_id,rotated_90,field_2,1,1,0.0,0.0,0.0,0.0,EXACT_MATCH
1715,DOC-0108,student_id,rotated_90,field_3,1,1,0.0,0.0,0.0,0.0,EXACT_MATCH
1716,DOC-0108,student_id,rotated_90,field_4,1,1,0.0,0.0,0.0,0.0,EXACT_MATCH
1717,DOC-0108,student_id,rotated_90,field_5,1,1,0.0,0.0,0.0,0.0,EXACT_MATCH
1718,DOC-0108,student_id,rotated_90,field_6,1,1,0.0,0.0,0.0,0.0,EXACT_MATCH
1719,DOC-0108,student_id,rotated_90,field_7,1,1,0.0,0.0,0.0,0.0,EXACT_MATCH
1720,DOC-0108,student_id,rotated_90,field_8,1,1,0.0,0.0,0.0,0.0,EXACT_MATCH
1721,DOC-0108,student_id,rotated_90,field_9,1,1,0.0,0.0,0.0,0.0,EXACT_MATCH
1722,DOC-0108,student_id,rotated_90,field_10,1,1,0.0,0.0,0.0,0.0,EXACT_MATCH
1723,DOC-0108,student_id,rotated_90,field_11,1,1,0.0,0.0,0.0,0.0,EXACT_MATCH
1724,DOC-0108,student_id,rotated_90,field_12,1,1,0.0,0.0,0.0,0.0,EXACT_MATCH
1725,DOC-0108,student_id,rotated_90,field_13,1,1,0.0,0.0,0.0,0.0,EXACT_MATCH
1726,DOC-0108,student_id,rotated_90,field_14,1,1,0.0,0.0,0.0,0.0,EXACT_MATCH
1727,DOC-0108,student_id,rotated_90,field_15,1,1,0.0,0.0,0.0,0.0,EXACT_MATCH
1728,DOC-0108,student_id,rotated_90,field_16,1,1,0.0,0.0,0.0,0.0,EXACT_MATCH
1729,DOC-0109,certificate,clean,field_1,1,1,0.0,0.0,0.0,0.0,EXACT_MATCH
1730,DOC-0109,certificate,clean,field_2,1,1,0.0,0.0,0.0,0.0,EXACT_MATCH
1731,DOC-0109,certificate,clean,field_3,1,1,0.0,0.0,0.0,0.0,EXACT_MATCH
1732,DOC-0109,certificate,clean,field_4,1,1,0.0,0.0,0.0,0.0,EXACT_MATCH
1733,DOC-0109,certificate,clean,field_5,1,1,0.0,0.0,0.0,0.0,EXACT_MATCH
1734,DOC-0109,certificate,clean,field_6,1,1,0.0,0.0,0.0,0.0,EXACT_MATCH
1735,DOC-0109,certificate,clean,field_7,1,1,0.0,0.0,0.0,0.0,EXACT_MATCH
1736,DOC-0109,certificate,clean,field_8,1,1,0.0,0.0,0.0,0.0,EXACT_MATCH
1737,DOC-0109,certificate,clean,field_9,1,1,0.0,0.0,0.0,0.0,EXACT_MATCH
1738,DOC-0109,certificate,clean,field_10,1,1,0.0,0.0,0.0,0.0,EXACT_MATCH
1739,DOC-0109,certificate,clean,field_11,1,1,0.0,0.0,0.0,0.0,EXACT_MATCH
1740,DOC-0109,certificate,clean,field_12,1,1,0.0,0.0,0.0,0.0,EXACT_MATCH
1741,DOC-0109,certificate,clean,field_13,1,1,0.0,0.0,0.0,0.0,EXACT_MATCH
1742,DOC-0109,certificate,clean,field_14,1,1,0.0,0.0,0.0,0.0,EXACT_MATCH
1743,DOC-0109,certificate,clean,field_15,1,1,0.0,0.0,0.0,0.0,EXACT_MATCH
1744,DOC-0109,certificate,clean,field_16,1,1,0.0,0.0,0.0,0.0,EXACT_MATCH
1745,DOC-0110,marksheet,scanner_copy,field_1,1,1,0.0,0.0,0.0,0.0,EXACT_MATCH
1746,DOC-0110,marksheet,scanner_copy,field_2,1,1,0.0,0.0,0.0,0.0,EXACT_MATCH
1747,DOC-0110,marksheet,scanner_copy,field_3,1,1,0.0,0.0,0.0,0.0,EXACT_MATCH
1748,DOC-0110,marksheet,scanner_copy,field_4,1,1,0.0,0.0,0.0,0.0,EXACT_MATCH
1749,DOC-0110,marksheet,scanner_copy,field_5,1,1,0.0,0.0,0.0,0.0,EXACT_MATCH
1750,DOC-0110,marksheet,scanner_copy,field_6,1,1,0.0,0.0,0.0,0.0,EXACT_MATCH
1751,DOC-0110,marksheet,scanner_copy,field_7,1,1,0.0,0.0,0.0,0.0,EXACT_MATCH
1752,DOC-0110,marksheet,scanner_copy,field_8,1,1,0.0,0.0,0.0,0.0,EXACT_MATCH
1753,DOC-0110,marksheet,scanner_copy,field_9,1,1,0.0,0.0,0.0,0.0,EXACT_MATCH
1754,DOC-0110,marksheet,scanner_copy,field_10,1,1,0.0,0.0,0.0,0.0,EXACT_MATCH
1755,DOC-0110,marksheet,scanner_copy,field_11,1,1,0.0,0.0,0.0,0.0,EXACT_MATCH
1756,DOC-0110,marksheet,scanner_copy,field_12,1,1,0.0,0.0,0.0,0.0,EXACT_MATCH
1757,DOC-0110,marksheet,scanner_copy,field_13,1,1,0.0,0.0,0.0,0.0,EXACT_MATCH
1758,DOC-0110,marksheet,scanner_copy,field_14,1,1,0.0,0.0,0.0,0.0,EXACT_MATCH
1759,DOC-0110,marksheet,scanner_copy,field_15,1,1,0.0,0.0,0.0,0.0,EXACT_MATCH
1760,DOC-0110,marksheet,scanner_copy,field_16,1,1,0.0,0.0,0.0,0.0,EXACT_MATCH
1761,DOC-0111,student_id,mobile_camera,field_1,1,1,0.0,0.0,0.0,0.0,EXACT_MATCH
1762,DOC-0111,student_id,mobile_camera,field_2,1,1,0.0,0.0,0.0,0.0,EXACT_MATCH
1763,DOC-0111,student_id,mobile_camera,field_3,1,1,0.0,0.0,0.0,0.0,EXACT_MATCH
1764,DOC-0111,student_id,mobile_camera,field_4,1,1,0.0,0.0,0.0,0.0,EXACT_MATCH
1765,DOC-0111,student_id,mobile_camera,field_5,1,1,0.0,0.0,0.0,0.0,EXACT_MATCH
1766,DOC-0111,student_id,mobile_camera,field_6,1,1,0.0,0.0,0.0,0.0,EXACT_MATCH
1767,DOC-0111,student_id,mobile_camera,field_7,1,1,0.0,0.0,0.0,0.0,EXACT_MATCH
1768,DOC-0111,student_id,mobile_camera,field_8,1,1,0.0,0.0,0.0,0.0,EXACT_MATCH
1769,DOC-0111,student_id,mobile_camera,field_9,1,1,0.0,0.0,0.0,0.0,EXACT_MATCH
1770,DOC-0111,student_id,mobile_camera,field_10,1,1,0.0,0.0,0.0,0.0,EXACT_MATCH
1771,DOC-0111,student_id,mobile_camera,field_11,1,1,0.0,0.0,0.0,0.0,EXACT_MATCH
1772,DOC-0111,student_id,mobile_camera,field_12,1,1,0.0,0.0,0.0,0.0,EXACT_MATCH
1773,DOC-0111,student_id,mobile_camera,field_13,1,1,0.0,0.0,0.0,0.0,EXACT_MATCH
1774,DOC-0111,student_id,mobile_camera,field_14,1,1,0.0,0.0,0.0,0.0,EXACT_MATCH
1775,DOC-0111,student_id,mobile_camera,field_15,1,1,0.0,0.0,0.0,0.0,EXACT_MATCH
1776,DOC-0111,student_id,mobile_camera,field_16,1,1,0.0,0.0,0.0,0.0,EXACT_MATCH
1777,DOC-0112,certificate,rotated_90,field_1,1,1,0.0,0.0,0.0,0.0,EXACT_MATCH
1778,DOC-0112,certificate,rotated_90,field_2,1,1,0.0,0.0,0.0,0.0,EXACT_MATCH
1779,DOC-0112,certificate,rotated_90,field_3,1,1,0.0,0.0,0.0,0.0,EXACT_MATCH
1780,DOC-0112,certificate,rotated_90,field_4,1,1,0.0,0.0,0.0,0.0,EXACT_MATCH
1781,DOC-0112,certificate,rotated_90,field_5,1,1,0.0,0.0,0.0,0.0,EXACT_MATCH
1782,DOC-0112,certificate,rotated_90,field_6,1,1,0.0,0.0,0.0,0.0,EXACT_MATCH
1783,DOC-0112,certificate,rotated_90,field_7,1,1,0.0,0.0,0.0,0.0,EXACT_MATCH
1784,DOC-0112,certificate,rotated_90,field_8,1,1,0.0,0.0,0.0,0.0,EXACT_MATCH
1785,DOC-0112,certificate,rotated_90,field_9,1,1,0.0,0.0,0.0,0.0,EXACT_MATCH
1786,DOC-0112,certificate,rotated_90,field_10,1,1,0.0,0.0,0.0,0.0,EXACT_MATCH
1787,DOC-0112,certificate,rotated_90,field_11,1,1,0.0,0.0,0.0,0.0,EXACT_MATCH
1788,DOC-0112,certificate,rotated_90,field_12,1,1,0.0,0.0,0.0,0.0,EXACT_MATCH
1789,DOC-0112,certificate,rotated_90,field_13,1,1,0.0,0.0,0.0,0.0,EXACT_MATCH
1790,DOC-0112,certificate,rotated_90,field_14,1,1,0.0,0.0,0.0,0.0,EXACT_MATCH
1791,DOC-0112,certificate,rotated_90,field_15,1,1,0.0,0.0,0.0,0.0,EXACT_MATCH
1792,DOC-0112,certificate,rotated_90,field_16,1,1,0.0,0.0,0.0,0.0,EXACT_MATCH
1793,DOC-0113,marksheet,clean,field_1,1,1,0.0,0.0,0.0,0.0,EXACT_MATCH
1794,DOC-0113,marksheet,clean,field_2,1,1,0.0,0.0,0.0,0.0,EXACT_MATCH
1795,DOC-0113,marksheet,clean,field_3,1,1,0.0,0.0,0.0,0.0,EXACT_MATCH
1796,DOC-0113,marksheet,clean,field_4,1,1,0.0,0.0,0.0,0.0,EXACT_MATCH
1797,DOC-0113,marksheet,clean,field_5,1,1,0.0,0.0,0.0,0.0,EXACT_MATCH
1798,DOC-0113,marksheet,clean,field_6,1,1,0.0,0.0,0.0,0.0,EXACT_MATCH
1799,DOC-0113,marksheet,clean,field_7,1,1,0.0,0.0,0.0,0.0,EXACT_MATCH
1800,DOC-0113,marksheet,clean,field_8,1,1,0.0,0.0,0.0,0.0,EXACT_MATCH
1801,DOC-0113,marksheet,clean,field_9,1,1,0.0,0.0,0.0,0.0,EXACT_MATCH
1802,DOC-0113,marksheet,clean,field_10,1,1,0.0,0.0,0.0,0.0,EXACT_MATCH
1803,DOC-0113,marksheet,clean,field_11,1,1,0.0,0.0,0.0,0.0,EXACT_MATCH
1804,DOC-0113,marksheet,clean,field_12,1,1,0.0,0.0,0.0,0.0,EXACT_MATCH
1805,DOC-0113,marksheet,clean,field_13,1,1,0.0,0.0,0.0,0.0,EXACT_MATCH
1806,DOC-0113,marksheet,clean,field_14,1,1,0.0,0.0,0.0,0.0,EXACT_MATCH
1807,DOC-0113,marksheet,clean,field_15,1,1,0.0,0.0,0.0,0.0,EXACT_MATCH
1808,DOC-0113,marksheet,clean,field_16,1,1,0.0,0.0,0.0,0.0,EXACT_MATCH
1809,DOC-0114,student_id,scanner_copy,field_1,1,1,0.0,0.0,0.0,0.0,EXACT_MATCH
1810,DOC-0114,student_id,scanner_copy,field_2,1,1,0.0,0.0,0.0,0.0,EXACT_MATCH
1811,DOC-0114,student_id,scanner_copy,field_3,1,1,0.0,0.0,0.0,0.0,EXACT_MATCH
1812,DOC-0114,student_id,scanner_copy,field_4,1,1,0.0,0.0,0.0,0.0,EXACT_MATCH
1813,DOC-0114,student_id,scanner_copy,field_5,1,1,0.0,0.0,0.0,0.0,EXACT_MATCH
1814,DOC-0114,student_id,scanner_copy,field_6,1,1,0.0,0.0,0.0,0.0,EXACT_MATCH
1815,DOC-0114,student_id,scanner_copy,field_7,1,1,0.0,0.0,0.0,0.0,EXACT_MATCH
1816,DOC-0114,student_id,scanner_copy,field_8,1,1,0.0,0.0,0.0,0.0,EXACT_MATCH
1817,DOC-0114,student_id,scanner_copy,field_9,1,1,0.0,0.0,0.0,0.0,EXACT_MATCH
1818,DOC-0114,student_id,scanner_copy,field_10,1,1,0.0,0.0,0.0,0.0,EXACT_MATCH
1819,DOC-0114,student_id,scanner_copy,field_11,1,1,0.0,0.0,0.0,0.0,EXACT_MATCH
1820,DOC-0114,student_id,scanner_copy,field_12,1,1,0.0,0.0,0.0,0.0,EXACT_MATCH
1821,DOC-0114,student_id,scanner_copy,field_13,1,1,0.0,0.0,0.0,0.0,EXACT_MATCH
1822,DOC-0114,student_id,scanner_copy,field_14,1,1,0.0,0.0,0.0,0.0,EXACT_MATCH
1823,DOC-0114,student_id,scanner_copy,field_15,1,1,0.0,0.0,0.0,0.0,EXACT_MATCH
1824,DOC-0114,student_id,scanner_copy,field_16,1,1,0.0,0.0,0.0,0.0,EXACT_MATCH
1825,DOC-0115,certificate,mobile_camera,field_1,1,1,0.0,0.0,0.0,0.0,EXACT_MATCH
1826,DOC-0115,certificate,mobile_camera,field_2,1,1,0.0,0.0,0.0,0.0,EXACT_MATCH
1827,DOC-0115,certificate,mobile_camera,field_3,1,1,0.0,0.0,0.0,0.0,EXACT_MATCH
1828,DOC-0115,certificate,mobile_camera,field_4,1,1,0.0,0.0,0.0,0.0,EXACT_MATCH
1829,DOC-0115,certificate,mobile_camera,field_5,1,1,0.0,0.0,0.0,0.0,EXACT_MATCH
1830,DOC-0115,certificate,mobile_camera,field_6,1,1,0.0,0.0,0.0,0.0,EXACT_MATCH
1831,DOC-0115,certificate,mobile_camera,field_7,1,1,0.0,0.0,0.0,0.0,EXACT_MATCH
1832,DOC-0115,certificate,mobile_camera,field_8,1,1,0.0,0.0,0.0,0.0,EXACT_MATCH
1833,DOC-0115,certificate,mobile_camera,field_9,1,1,0.0,0.0,0.0,0.0,EXACT_MATCH
1834,DOC-0115,certificate,mobile_camera,field_10,1,1,0.0,0.0,0.0,0.0,EXACT_MATCH
1835,DOC-0115,certificate,mobile_camera,field_11,1,1,0.0,0.0,0.0,0.0,EXACT_MATCH
1836,DOC-0115,certificate,mobile_camera,field_12,1,1,0.0,0.0,0.0,0.0,EXACT_MATCH
1837,DOC-0115,certificate,mobile_camera,field_13,1,1,0.0,0.0,0.0,0.0,EXACT_MATCH
1838,DOC-0115,certificate,mobile_camera,field_14,1,1,0.0,0.0,0.0,0.0,EXACT_MATCH
1839,DOC-0115,certificate,mobile_camera,field_15,1,1,0.0,0.0,0.0,0.0,EXACT_MATCH
1840,DOC-0115,certificate,mobile_camera,field_16,1,1,0.0,0.0,0.0,0.0,EXACT_MATCH
1841,DOC-0116,marksheet,rotated_90,field_1,1,1,0.0,0.0,0.0,0.0,EXACT_MATCH
1842,DOC-0116,marksheet,rotated_90,field_2,1,1,0.0,0.0,0.0,0.0,EXACT_MATCH
1843,DOC-0116,marksheet,rotated_90,field_3,1,1,0.0,0.0,0.0,0.0,EXACT_MATCH
1844,DOC-0116,marksheet,rotated_90,field_4,1,1,0.0,0.0,0.0,0.0,EXACT_MATCH
1845,DOC-0116,marksheet,rotated_90,field_5,1,1,0.0,0.0,0.0,0.0,EXACT_MATCH
1846,DOC-0116,marksheet,rotated_90,field_6,1,1,0.0,0.0,0.0,0.0,EXACT_MATCH
1847,DOC-0116,marksheet,rotated_90,field_7,1,1,0.0,0.0,0.0,0.0,EXACT_MATCH
1848,DOC-0116,marksheet,rotated_90,field_8,1,1,0.0,0.0,0.0,0.0,EXACT_MATCH
1849,DOC-0116,marksheet,rotated_90,field_9,1,1,0.0,0.0,0.0,0.0,EXACT_MATCH
1850,DOC-0116,marksheet,rotated_90,field_10,1,1,0.0,0.0,0.0,0.0,EXACT_MATCH
1851,DOC-0116,marksheet,rotated_90,field_11,1,1,0.0,0.0,0.0,0.0,EXACT_MATCH
1852,DOC-0116,marksheet,rotated_90,field_12,1,1,0.0,0.0,0.0,0.0,EXACT_MATCH
1853,DOC-0116,marksheet,rotated_90,field_13,1,1,0.0,0.0,0.0,0.0,EXACT_MATCH
1854,DOC-0116,marksheet,rotated_90,field_14,1,1,0.0,0.0,0.0,0.0,EXACT_MATCH
1855,DOC-0116,marksheet,rotated_90,field_15,1,1,0.0,0.0,0.0,0.0,EXACT_MATCH
1856,DOC-0116,marksheet,rotated_90,field_16,1,1,0.0,0.0,0.0,0.0,EXACT_MATCH
1857,DOC-0117,student_id,clean,field_1,1,1,0.0,0.0,0.0,0.0,EXACT_MATCH
1858,DOC-0117,student_id,clean,field_2,1,1,0.0,0.0,0.0,0.0,EXACT_MATCH
1859,DOC-0117,student_id,clean,field_3,1,1,0.0,0.0,0.0,0.0,EXACT_MATCH
1860,DOC-0117,student_id,clean,field_4,1,1,0.0,0.0,0.0,0.0,EXACT_MATCH
1861,DOC-0117,student_id,clean,field_5,1,1,0.0,0.0,0.0,0.0,EXACT_MATCH
1862,DOC-0117,student_id,clean,field_6,1,1,0.0,0.0,0.0,0.0,EXACT_MATCH
1863,DOC-0117,student_id,clean,field_7,1,1,0.0,0.0,0.0,0.0,EXACT_MATCH
1864,DOC-0117,student_id,clean,field_8,1,1,0.0,0.0,0.0,0.0,EXACT_MATCH
1865,DOC-0117,student_id,clean,field_9,1,1,0.0,0.0,0.0,0.0,EXACT_MATCH
1866,DOC-0117,student_id,clean,field_10,1,1,0.0,0.0,0.0,0.0,EXACT_MATCH
1867,DOC-0117,student_id,clean,field_11,1,1,0.0,0.0,0.0,0.0,EXACT_MATCH
1868,DOC-0117,student_id,clean,field_12,1,1,0.0,0.0,0.0,0.0,EXACT_MATCH
1869,DOC-0117,student_id,clean,field_13,1,1,0.0,0.0,0.0,0.0,EXACT_MATCH
1870,DOC-0117,student_id,clean,field_14,1,1,0.0,0.0,0.0,0.0,EXACT_MATCH
1871,DOC-0117,student_id,clean,field_15,1,1,0.0,0.0,0.0,0.0,EXACT_MATCH
1872,DOC-0117,student_id,clean,field_16,1,1,0.0,0.0,0.0,0.0,EXACT_MATCH
1873,DOC-0118,certificate,scanner_copy,field_1,1,1,0.0,0.0,0.0,0.0,EXACT_MATCH
1874,DOC-0118,certificate,scanner_copy,field_2,1,1,0.0,0.0,0.0,0.0,EXACT_MATCH
1875,DOC-0118,certificate,scanner_copy,field_3,1,1,0.0,0.0,0.0,0.0,EXACT_MATCH
1876,DOC-0118,certificate,scanner_copy,field_4,1,1,0.0,0.0,0.0,0.0,EXACT_MATCH
1877,DOC-0118,certificate,scanner_copy,field_5,1,1,0.0,0.0,0.0,0.0,EXACT_MATCH
1878,DOC-0118,certificate,scanner_copy,field_6,1,1,0.0,0.0,0.0,0.0,EXACT_MATCH
1879,DOC-0118,certificate,scanner_copy,field_7,1,1,0.0,0.0,0.0,0.0,EXACT_MATCH
1880,DOC-0118,certificate,scanner_copy,field_8,1,1,0.0,0.0,0.0,0.0,EXACT_MATCH
1881,DOC-0118,certificate,scanner_copy,field_9,1,1,0.0,0.0,0.0,0.0,EXACT_MATCH
1882,DOC-0118,certificate,scanner_copy,field_10,1,1,0.0,0.0,0.0,0.0,EXACT_MATCH
1883,DOC-0118,certificate,scanner_copy,field_11,1,1,0.0,0.0,0.0,0.0,EXACT_MATCH
1884,DOC-0118,certificate,scanner_copy,field_12,1,1,0.0,0.0,0.0,0.0,EXACT_MATCH
1885,DOC-0118,certificate,scanner_copy,field_13,1,1,0.0,0.0,0.0,0.0,EXACT_MATCH
1886,DOC-0118,certificate,scanner_copy,field_14,1,1,0.0,0.0,0.0,0.0,EXACT_MATCH
1887,DOC-0118,certificate,scanner_copy,field_15,1,1,0.0,0.0,0.0,0.0,EXACT_MATCH
1888,DOC-0118,certificate,scanner_copy,field_16,1,1,0.0,0.0,0.0,0.0,EXACT_MATCH
1889,DOC-0119,marksheet,mobile_camera,field_1,1,1,0.0,0.0,0.0,0.0,EXACT_MATCH
1890,DOC-0119,marksheet,mobile_camera,field_2,1,1,0.0,0.0,0.0,0.0,EXACT_MATCH
1891,DOC-0119,marksheet,mobile_camera,field_3,1,1,0.0,0.0,0.0,0.0,EXACT_MATCH
1892,DOC-0119,marksheet,mobile_camera,field_4,1,1,0.0,0.0,0.0,0.0,EXACT_MATCH
1893,DOC-0119,marksheet,mobile_camera,field_5,1,1,0.0,0.0,0.0,0.0,EXACT_MATCH
1894,DOC-0119,marksheet,mobile_camera,field_6,1,1,0.0,0.0,0.0,0.0,EXACT_MATCH
1895,DOC-0119,marksheet,mobile_camera,field_7,1,1,0.0,0.0,0.0,0.0,EXACT_MATCH
1896,DOC-0119,marksheet,mobile_camera,field_8,1,1,0.0,0.0,0.0,0.0,EXACT_MATCH
1897,DOC-0119,marksheet,mobile_camera,field_9,1,1,0.0,0.0,0.0,0.0,EXACT_MATCH
1898,DOC-0119,marksheet,mobile_camera,field_10,1,1,0.0,0.0,0.0,0.0,EXACT_MATCH
1899,DOC-0119,marksheet,mobile_camera,field_11,1,1,0.0,0.0,0.0,0.0,EXACT_MATCH
1900,DOC-0119,marksheet,mobile_camera,field_12,1,1,0.0,0.0,0.0,0.0,EXACT_MATCH
1901,DOC-0119,marksheet,mobile_camera,field_13,1,1,0.0,0.0,0.0,0.0,EXACT_MATCH
1902,DOC-0119,marksheet,mobile_camera,field_14,1,1,0.0,0.0,0.0,0.0,EXACT_MATCH
1903,DOC-0119,marksheet,mobile_camera,field_15,1,1,0.0,0.0,0.0,0.0,EXACT_MATCH
1904,DOC-0119,marksheet,mobile_camera,field_16,1,1,0.0,0.0,0.0,0.0,EXACT_MATCH
1905,DOC-0120,student_id,rotated_90,field_1,1,1,0.0,0.0,0.0,0.0,EXACT_MATCH
1906,DOC-0120,student_id,rotated_90,field_2,1,1,0.0,0.0,0.0,0.0,EXACT_MATCH
1907,DOC-0120,student_id,rotated_90,field_3,1,1,0.0,0.0,0.0,0.0,EXACT_MATCH
1908,DOC-0120,student_id,rotated_90,field_4,1,1,0.0,0.0,0.0,0.0,EXACT_MATCH
1909,DOC-0120,student_id,rotated_90,field_5,1,1,0.0,0.0,0.0,0.0,EXACT_MATCH
1910,DOC-0120,student_id,rotated_90,field_6,1,1,0.0,0.0,0.0,0.0,EXACT_MATCH
1911,DOC-0120,student_id,rotated_90,field_7,1,1,0.0,0.0,0.0,0.0,EXACT_MATCH
1912,DOC-0120,student_id,rotated_90,field_8,1,1,0.0,0.0,0.0,0.0,EXACT_MATCH
1913,DOC-0120,student_id,rotated_90,field_9,1,1,0.0,0.0,0.0,0.0,EXACT_MATCH
1914,DOC-0120,student_id,rotated_90,field_10,1,1,0.0,0.0,0.0,0.0,EXACT_MATCH
1915,DOC-0120,student_id,rotated_90,field_11,1,1,0.0,0.0,0.0,0.0,EXACT_MATCH
1916,DOC-0120,student_id,rotated_90,field_12,1,1,0.0,0.0,0.0,0.0,EXACT_MATCH
1917,DOC-0120,student_id,rotated_90,field_13,1,1,0.0,0.0,0.0,0.0,EXACT_MATCH
1918,DOC-0120,student_id,rotated_90,field_14,1,1,0.0,0.0,0.0,0.0,EXACT_MATCH
1919,DOC-0120,student_id,rotated_90,field_15,1,1,0.0,0.0,0.0,0.0,EXACT_MATCH
1920,DOC-0120,student_id,rotated_90,field_16,1,1,0.0,0.0,0.0,0.0,EXACT_MATCH
1921,DOC-0121,certificate,clean,field_1,1,1,0.0,0.0,0.0,0.0,EXACT_MATCH
1922,DOC-0121,certificate,clean,field_2,1,1,0.0,0.0,0.0,0.0,EXACT_MATCH
1923,DOC-0121,certificate,clean,field_3,1,1,0.0,0.0,0.0,0.0,EXACT_MATCH
1924,DOC-0121,certificate,clean,field_4,1,1,0.0,0.0,0.0,0.0,EXACT_MATCH
1925,DOC-0121,certificate,clean,field_5,1,1,0.0,0.0,0.0,0.0,EXACT_MATCH
1926,DOC-0121,certificate,clean,field_6,1,1,0.0,0.0,0.0,0.0,EXACT_MATCH
1927,DOC-0121,certificate,clean,field_7,1,1,0.0,0.0,0.0,0.0,EXACT_MATCH
1928,DOC-0121,certificate,clean,field_8,1,1,0.0,0.0,0.0,0.0,EXACT_MATCH
1929,DOC-0121,certificate,clean,field_9,1,1,0.0,0.0,0.0,0.0,EXACT_MATCH
1930,DOC-0121,certificate,clean,field_10,1,1,0.0,0.0,0.0,0.0,EXACT_MATCH
1931,DOC-0121,certificate,clean,field_11,1,1,0.0,0.0,0.0,0.0,EXACT_MATCH
1932,DOC-0121,certificate,clean,field_12,1,1,0.0,0.0,0.0,0.0,EXACT_MATCH
1933,DOC-0121,certificate,clean,field_13,1,1,0.0,0.0,0.0,0.0,EXACT_MATCH
1934,DOC-0121,certificate,clean,field_14,1,1,0.0,0.0,0.0,0.0,EXACT_MATCH
1935,DOC-0121,certificate,clean,field_15,1,1,0.0,0.0,0.0,0.0,EXACT_MATCH
1936,DOC-0121,certificate,clean,field_16,1,1,0.0,0.0,0.0,0.0,EXACT_MATCH
1937,DOC-0122,marksheet,scanner_copy,field_1,1,1,0.0,0.0,0.0,0.0,EXACT_MATCH
1938,DOC-0122,marksheet,scanner_copy,field_2,1,1,0.0,0.0,0.0,0.0,EXACT_MATCH
1939,DOC-0122,marksheet,scanner_copy,field_3,1,1,0.0,0.0,0.0,0.0,EXACT_MATCH
1940,DOC-0122,marksheet,scanner_copy,field_4,1,1,0.0,0.0,0.0,0.0,EXACT_MATCH
1941,DOC-0122,marksheet,scanner_copy,field_5,1,1,0.0,0.0,0.0,0.0,EXACT_MATCH
1942,DOC-0122,marksheet,scanner_copy,field_6,1,1,0.0,0.0,0.0,0.0,EXACT_MATCH
1943,DOC-0122,marksheet,scanner_copy,field_7,1,1,0.0,0.0,0.0,0.0,EXACT_MATCH
1944,DOC-0122,marksheet,scanner_copy,field_8,1,1,0.0,0.0,0.0,0.0,EXACT_MATCH
1945,DOC-0122,marksheet,scanner_copy,field_9,1,1,0.0,0.0,0.0,0.0,EXACT_MATCH
1946,DOC-0122,marksheet,scanner_copy,field_10,1,1,0.0,0.0,0.0,0.0,EXACT_MATCH
1947,DOC-0122,marksheet,scanner_copy,field_11,1,1,0.0,0.0,0.0,0.0,EXACT_MATCH
1948,DOC-0122,marksheet,scanner_copy,field_12,1,1,0.0,0.0,0.0,0.0,EXACT_MATCH
1949,DOC-0122,marksheet,scanner_copy,field_13,1,1,0.0,0.0,0.0,0.0,EXACT_MATCH
1950,DOC-0122,marksheet,scanner_copy,field_14,1,1,0.0,0.0,0.0,0.0,EXACT_MATCH
1951,DOC-0122,marksheet,scanner_copy,field_15,1,1,0.0,0.0,0.0,0.0,EXACT_MATCH
1952,DOC-0122,marksheet,scanner_copy,field_16,1,1,0.0,0.0,0.0,0.0,EXACT_MATCH
1953,DOC-0123,student_id,mobile_camera,field_1,1,1,0.0,0.0,0.0,0.0,EXACT_MATCH
1954,DOC-0123,student_id,mobile_camera,field_2,1,1,0.0,0.0,0.0,0.0,EXACT_MATCH
1955,DOC-0123,student_id,mobile_camera,field_3,1,1,0.0,0.0,0.0,0.0,EXACT_MATCH
1956,DOC-0123,student_id,mobile_camera,field_4,1,1,0.0,0.0,0.0,0.0,EXACT_MATCH
1957,DOC-0123,student_id,mobile_camera,field_5,1,1,0.0,0.0,0.0,0.0,EXACT_MATCH
1958,DOC-0123,student_id,mobile_camera,field_6,1,1,0.0,0.0,0.0,0.0,EXACT_MATCH
1959,DOC-0123,student_id,mobile_camera,field_7,1,1,0.0,0.0,0.0,0.0,EXACT_MATCH
1960,DOC-0123,student_id,mobile_camera,field_8,1,1,0.0,0.0,0.0,0.0,EXACT_MATCH
1961,DOC-0123,student_id,mobile_camera,field_9,1,1,0.0,0.0,0.0,0.0,EXACT_MATCH
1962,DOC-0123,student_id,mobile_camera,field_10,1,1,0.0,0.0,0.0,0.0,EXACT_MATCH
1963,DOC-0123,student_id,mobile_camera,field_11,1,1,0.0,0.0,0.0,0.0,EXACT_MATCH
1964,DOC-0123,student_id,mobile_camera,field_12,1,1,0.0,0.0,0.0,0.0,EXACT_MATCH
1965,DOC-0123,student_id,mobile_camera,field_13,1,1,0.0,0.0,0.0,0.0,EXACT_MATCH
1966,DOC-0123,student_id,mobile_camera,field_14,1,1,0.0,0.0,0.0,0.0,EXACT_MATCH
1967,DOC-0123,student_id,mobile_camera,field_15,1,1,0.0,0.0,0.0,0.0,EXACT_MATCH
1968,DOC-0123,student_id,mobile_camera,field_16,1,1,0.0,0.0,0.0,0.0,EXACT_MATCH
1969,DOC-0124,certificate,rotated_90,field_1,1,1,0.0,0.0,0.0,0.0,EXACT_MATCH
1970,DOC-0124,certificate,rotated_90,field_2,1,1,0.0,0.0,0.0,0.0,EXACT_MATCH
1971,DOC-0124,certificate,rotated_90,field_3,1,1,0.0,0.0,0.0,0.0,EXACT_MATCH
1972,DOC-0124,certificate,rotated_90,field_4,1,1,0.0,0.0,0.0,0.0,EXACT_MATCH
1973,DOC-0124,certificate,rotated_90,field_5,1,1,0.0,0.0,0.0,0.0,EXACT_MATCH
1974,DOC-0124,certificate,rotated_90,field_6,1,1,0.0,0.0,0.0,0.0,EXACT_MATCH
1975,DOC-0124,certificate,rotated_90,field_7,1,1,0.0,0.0,0.0,0.0,EXACT_MATCH
1976,DOC-0124,certificate,rotated_90,field_8,1,1,0.0,0.0,0.0,0.0,EXACT_MATCH
1977,DOC-0124,certificate,rotated_90,field_9,1,1,0.0,0.0,0.0,0.0,EXACT_MATCH
1978,DOC-0124,certificate,rotated_90,field_10,1,1,0.0,0.0,0.0,0.0,EXACT_MATCH
1979,DOC-0124,certificate,rotated_90,field_11,1,1,0.0,0.0,0.0,0.0,EXACT_MATCH
1980,DOC-0124,certificate,rotated_90,field_12,1,1,0.0,0.0,0.0,0.0,EXACT_MATCH
1981,DOC-0124,certificate,rotated_90,field_13,1,1,0.0,0.0,0.0,0.0,EXACT_MATCH
1982,DOC-0124,certificate,rotated_90,field_14,1,1,0.0,0.0,0.0,0.0,EXACT_MATCH
1983,DOC-0124,certificate,rotated_90,field_15,1,1,0.0,0.0,0.0,0.0,EXACT_MATCH
1984,DOC-0124,certificate,rotated_90,field_16,1,1,0.0,0.0,0.0,0.0,EXACT_MATCH
1985,DOC-0125,marksheet,clean,field_1,1,1,0.0,0.0,0.0,0.0,EXACT_MATCH
1986,DOC-0125,marksheet,clean,field_2,1,1,0.0,0.0,0.0,0.0,EXACT_MATCH
1987,DOC-0125,marksheet,clean,field_3,1,1,0.0,0.0,0.0,0.0,EXACT_MATCH
1988,DOC-0125,marksheet,clean,field_4,1,1,0.0,0.0,0.0,0.0,EXACT_MATCH
1989,DOC-0125,marksheet,clean,field_5,1,1,0.0,0.0,0.0,0.0,EXACT_MATCH
1990,DOC-0125,marksheet,clean,field_6,1,1,0.0,0.0,0.0,0.0,EXACT_MATCH
1991,DOC-0125,marksheet,clean,field_7,1,1,0.0,0.0,0.0,0.0,EXACT_MATCH
1992,DOC-0125,marksheet,clean,field_8,1,1,0.0,0.0,0.0,0.0,EXACT_MATCH
1993,DOC-0125,marksheet,clean,field_9,1,1,0.0,0.0,0.0,0.0,EXACT_MATCH
1994,DOC-0125,marksheet,clean,field_10,1,1,0.0,0.0,0.0,0.0,EXACT_MATCH
1995,DOC-0125,marksheet,clean,field_11,1,1,0.0,0.0,0.0,0.0,EXACT_MATCH
1996,DOC-0125,marksheet,clean,field_12,1,1,0.0,0.0,0.0,0.0,EXACT_MATCH
1997,DOC-0125,marksheet,clean,field_13,1,1,0.0,0.0,0.0,0.0,EXACT_MATCH
1998,DOC-0125,marksheet,clean,field_14,1,1,0.0,0.0,0.0,0.0,EXACT_MATCH
1999,DOC-0125,marksheet,clean,field_15,1,1,0.0,0.0,0.0,0.0,EXACT_MATCH
2000,DOC-0125,marksheet,clean,field_16,1,1,0.0,0.0,0.0,0.0,EXACT_MATCH
2001,DOC-0126,student_id,scanner_copy,field_1,1,1,0.0,0.0,0.0,0.0,EXACT_MATCH
2002,DOC-0126,student_id,scanner_copy,field_2,1,1,0.0,0.0,0.0,0.0,EXACT_MATCH
2003,DOC-0126,student_id,scanner_copy,field_3,1,1,0.0,0.0,0.0,0.0,EXACT_MATCH
2004,DOC-0126,student_id,scanner_copy,field_4,1,1,0.0,0.0,0.0,0.0,EXACT_MATCH
2005,DOC-0126,student_id,scanner_copy,field_5,1,1,0.0,0.0,0.0,0.0,EXACT_MATCH
2006,DOC-0126,student_id,scanner_copy,field_6,1,1,0.0,0.0,0.0,0.0,EXACT_MATCH
2007,DOC-0126,student_id,scanner_copy,field_7,1,1,0.0,0.0,0.0,0.0,EXACT_MATCH
2008,DOC-0126,student_id,scanner_copy,field_8,1,1,0.0,0.0,0.0,0.0,EXACT_MATCH
2009,DOC-0126,student_id,scanner_copy,field_9,1,1,0.0,0.0,0.0,0.0,EXACT_MATCH
2010,DOC-0126,student_id,scanner_copy,field_10,1,1,0.0,0.0,0.0,0.0,EXACT_MATCH
2011,DOC-0126,student_id,scanner_copy,field_11,1,1,0.0,0.0,0.0,0.0,EXACT_MATCH
2012,DOC-0126,student_id,scanner_copy,field_12,1,1,0.0,0.0,0.0,0.0,EXACT_MATCH
2013,DOC-0126,student_id,scanner_copy,field_13,1,1,0.0,0.0,0.0,0.0,EXACT_MATCH
2014,DOC-0126,student_id,scanner_copy,field_14,1,1,0.0,0.0,0.0,0.0,EXACT_MATCH
2015,DOC-0126,student_id,scanner_copy,field_15,1,1,0.0,0.0,0.0,0.0,EXACT_MATCH
2016,DOC-0126,student_id,scanner_copy,field_16,1,1,0.0,0.0,0.0,0.0,EXACT_MATCH
2017,DOC-0127,certificate,mobile_camera,field_1,1,1,0.0,0.0,0.0,0.0,EXACT_MATCH
2018,DOC-0127,certificate,mobile_camera,field_2,1,1,0.0,0.0,0.0,0.0,EXACT_MATCH
2019,DOC-0127,certificate,mobile_camera,field_3,1,1,0.0,0.0,0.0,0.0,EXACT_MATCH
2020,DOC-0127,certificate,mobile_camera,field_4,1,1,0.0,0.0,0.0,0.0,EXACT_MATCH
2021,DOC-0127,certificate,mobile_camera,field_5,1,1,0.0,0.0,0.0,0.0,EXACT_MATCH
2022,DOC-0127,certificate,mobile_camera,field_6,1,1,0.0,0.0,0.0,0.0,EXACT_MATCH
2023,DOC-0127,certificate,mobile_camera,field_7,1,1,0.0,0.0,0.0,0.0,EXACT_MATCH
2024,DOC-0127,certificate,mobile_camera,field_8,1,1,0.0,0.0,0.0,0.0,EXACT_MATCH
2025,DOC-0127,certificate,mobile_camera,field_9,1,1,0.0,0.0,0.0,0.0,EXACT_MATCH
2026,DOC-0127,certificate,mobile_camera,field_10,1,1,0.0,0.0,0.0,0.0,EXACT_MATCH
2027,DOC-0127,certificate,mobile_camera,field_11,1,1,0.0,0.0,0.0,0.0,EXACT_MATCH
2028,DOC-0127,certificate,mobile_camera,field_12,1,1,0.0,0.0,0.0,0.0,EXACT_MATCH
2029,DOC-0127,certificate,mobile_camera,field_13,1,1,0.0,0.0,0.0,0.0,EXACT_MATCH
2030,DOC-0127,certificate,mobile_camera,field_14,1,1,0.0,0.0,0.0,0.0,EXACT_MATCH
2031,DOC-0127,certificate,mobile_camera,field_15,1,1,0.0,0.0,0.0,0.0,EXACT_MATCH
2032,DOC-0127,certificate,mobile_camera,field_16,1,1,0.0,0.0,0.0,0.0,EXACT_MATCH
2033,DOC-0128,marksheet,rotated_90,field_1,1,1,0.0,0.0,0.0,0.0,EXACT_MATCH
2034,DOC-0128,marksheet,rotated_90,field_2,1,1,0.0,0.0,0.0,0.0,EXACT_MATCH
2035,DOC-0128,marksheet,rotated_90,field_3,1,1,0.0,0.0,0.0,0.0,EXACT_MATCH
2036,DOC-0128,marksheet,rotated_90,field_4,1,1,0.0,0.0,0.0,0.0,EXACT_MATCH
2037,DOC-0128,marksheet,rotated_90,field_5,1,1,0.0,0.0,0.0,0.0,EXACT_MATCH
2038,DOC-0128,marksheet,rotated_90,field_6,1,1,0.0,0.0,0.0,0.0,EXACT_MATCH
2039,DOC-0128,marksheet,rotated_90,field_7,1,1,0.0,0.0,0.0,0.0,EXACT_MATCH
2040,DOC-0128,marksheet,rotated_90,field_8,1,1,0.0,0.0,0.0,0.0,EXACT_MATCH
2041,DOC-0128,marksheet,rotated_90,field_9,1,1,0.0,0.0,0.0,0.0,EXACT_MATCH
2042,DOC-0128,marksheet,rotated_90,field_10,1,1,0.0,0.0,0.0,0.0,EXACT_MATCH
2043,DOC-0128,marksheet,rotated_90,field_11,1,1,0.0,0.0,0.0,0.0,EXACT_MATCH
2044,DOC-0128,marksheet,rotated_90,field_12,1,1,0.0,0.0,0.0,0.0,EXACT_MATCH
2045,DOC-0128,marksheet,rotated_90,field_13,1,1,0.0,0.0,0.0,0.0,EXACT_MATCH
2046,DOC-0128,marksheet,rotated_90,field_14,1,1,0.0,0.0,0.0,0.0,EXACT_MATCH
2047,DOC-0128,marksheet,rotated_90,field_15,1,1,0.0,0.0,0.0,0.0,EXACT_MATCH
2048,DOC-0128,marksheet,rotated_90,field_16,1,1,0.0,0.0,0.0,0.0,EXACT_MATCH
2049,DOC-0129,student_id,clean,field_1,1,1,0.0,0.0,0.0,0.0,EXACT_MATCH
2050,DOC-0129,student_id,clean,field_2,1,1,0.0,0.0,0.0,0.0,EXACT_MATCH
2051,DOC-0129,student_id,clean,field_3,1,1,0.0,0.0,0.0,0.0,EXACT_MATCH
2052,DOC-0129,student_id,clean,field_4,1,1,0.0,0.0,0.0,0.0,EXACT_MATCH
2053,DOC-0129,student_id,clean,field_5,1,1,0.0,0.0,0.0,0.0,EXACT_MATCH
2054,DOC-0129,student_id,clean,field_6,1,1,0.0,0.0,0.0,0.0,EXACT_MATCH
2055,DOC-0129,student_id,clean,field_7,1,1,0.0,0.0,0.0,0.0,EXACT_MATCH
2056,DOC-0129,student_id,clean,field_8,1,1,0.0,0.0,0.0,0.0,EXACT_MATCH
2057,DOC-0129,student_id,clean,field_9,1,1,0.0,0.0,0.0,0.0,EXACT_MATCH
2058,DOC-0129,student_id,clean,field_10,1,1,0.0,0.0,0.0,0.0,EXACT_MATCH
2059,DOC-0129,student_id,clean,field_11,1,1,0.0,0.0,0.0,0.0,EXACT_MATCH
2060,DOC-0129,student_id,clean,field_12,1,1,0.0,0.0,0.0,0.0,EXACT_MATCH
2061,DOC-0129,student_id,clean,field_13,1,1,0.0,0.0,0.0,0.0,EXACT_MATCH
2062,DOC-0129,student_id,clean,field_14,1,1,0.0,0.0,0.0,0.0,EXACT_MATCH
2063,DOC-0129,student_id,clean,field_15,1,1,0.0,0.0,0.0,0.0,EXACT_MATCH
2064,DOC-0129,student_id,clean,field_16,1,1,0.0,0.0,0.0,0.0,EXACT_MATCH
2065,DOC-0130,certificate,scanner_copy,field_1,1,1,0.0,0.0,0.0,0.0,EXACT_MATCH
2066,DOC-0130,certificate,scanner_copy,field_2,1,1,0.0,0.0,0.0,0.0,EXACT_MATCH
2067,DOC-0130,certificate,scanner_copy,field_3,1,1,0.0,0.0,0.0,0.0,EXACT_MATCH
2068,DOC-0130,certificate,scanner_copy,field_4,1,1,0.0,0.0,0.0,0.0,EXACT_MATCH
2069,DOC-0130,certificate,scanner_copy,field_5,1,1,0.0,0.0,0.0,0.0,EXACT_MATCH
2070,DOC-0130,certificate,scanner_copy,field_6,1,1,0.0,0.0,0.0,0.0,EXACT_MATCH
2071,DOC-0130,certificate,scanner_copy,field_7,1,1,0.0,0.0,0.0,0.0,EXACT_MATCH
2072,DOC-0130,certificate,scanner_copy,field_8,1,1,0.0,0.0,0.0,0.0,EXACT_MATCH
2073,DOC-0130,certificate,scanner_copy,field_9,1,1,0.0,0.0,0.0,0.0,EXACT_MATCH
2074,DOC-0130,certificate,scanner_copy,field_10,1,1,0.0,0.0,0.0,0.0,EXACT_MATCH
2075,DOC-0130,certificate,scanner_copy,field_11,1,1,0.0,0.0,0.0,0.0,EXACT_MATCH
2076,DOC-0130,certificate,scanner_copy,field_12,1,1,0.0,0.0,0.0,0.0,EXACT_MATCH
2077,DOC-0130,certificate,scanner_copy,field_13,1,1,0.0,0.0,0.0,0.0,EXACT_MATCH
2078,DOC-0130,certificate,scanner_copy,field_14,1,1,0.0,0.0,0.0,0.0,EXACT_MATCH
2079,DOC-0130,certificate,scanner_copy,field_15,1,1,0.0,0.0,0.0,0.0,EXACT_MATCH
2080,DOC-0130,certificate,scanner_copy,field_16,1,1,0.0,0.0,0.0,0.0,EXACT_MATCH
2081,DOC-0131,marksheet,mobile_camera,field_1,1,1,0.0,0.0,0.0,0.0,EXACT_MATCH
2082,DOC-0131,marksheet,mobile_camera,field_2,1,1,0.0,0.0,0.0,0.0,EXACT_MATCH
2083,DOC-0131,marksheet,mobile_camera,field_3,1,1,0.0,0.0,0.0,0.0,EXACT_MATCH
2084,DOC-0131,marksheet,mobile_camera,field_4,1,1,0.0,0.0,0.0,0.0,EXACT_MATCH
2085,DOC-0131,marksheet,mobile_camera,field_5,1,1,0.0,0.0,0.0,0.0,EXACT_MATCH
2086,DOC-0131,marksheet,mobile_camera,field_6,1,1,0.0,0.0,0.0,0.0,EXACT_MATCH
2087,DOC-0131,marksheet,mobile_camera,field_7,1,1,0.0,0.0,0.0,0.0,EXACT_MATCH
2088,DOC-0131,marksheet,mobile_camera,field_8,1,1,0.0,0.0,0.0,0.0,EXACT_MATCH
2089,DOC-0131,marksheet,mobile_camera,field_9,1,1,0.0,0.0,0.0,0.0,EXACT_MATCH
2090,DOC-0131,marksheet,mobile_camera,field_10,1,1,0.0,0.0,0.0,0.0,EXACT_MATCH
2091,DOC-0131,marksheet,mobile_camera,field_11,1,1,0.0,0.0,0.0,0.0,EXACT_MATCH
2092,DOC-0131,marksheet,mobile_camera,field_12,1,1,0.0,0.0,0.0,0.0,EXACT_MATCH
2093,DOC-0131,marksheet,mobile_camera,field_13,1,1,0.0,0.0,0.0,0.0,EXACT_MATCH
2094,DOC-0131,marksheet,mobile_camera,field_14,1,1,0.0,0.0,0.0,0.0,EXACT_MATCH
2095,DOC-0131,marksheet,mobile_camera,field_15,1,1,0.0,0.0,0.0,0.0,EXACT_MATCH
2096,DOC-0131,marksheet,mobile_camera,field_16,1,1,0.0,0.0,0.0,0.0,EXACT_MATCH
2097,DOC-0132,student_id,rotated_90,field_1,1,1,0.0,0.0,0.0,0.0,EXACT_MATCH
2098,DOC-0132,student_id,rotated_90,field_2,1,1,0.0,0.0,0.0,0.0,EXACT_MATCH
2099,DOC-0132,student_id,rotated_90,field_3,1,1,0.0,0.0,0.0,0.0,EXACT_MATCH
2100,DOC-0132,student_id,rotated_90,field_4,1,1,0.0,0.0,0.0,0.0,EXACT_MATCH
2101,DOC-0132,student_id,rotated_90,field_5,1,1,0.0,0.0,0.0,0.0,EXACT_MATCH
2102,DOC-0132,student_id,rotated_90,field_6,1,1,0.0,0.0,0.0,0.0,EXACT_MATCH
2103,DOC-0132,student_id,rotated_90,field_7,1,1,0.0,0.0,0.0,0.0,EXACT_MATCH
2104,DOC-0132,student_id,rotated_90,field_8,1,1,0.0,0.0,0.0,0.0,EXACT_MATCH
2105,DOC-0132,student_id,rotated_90,field_9,1,1,0.0,0.0,0.0,0.0,EXACT_MATCH
2106,DOC-0132,student_id,rotated_90,field_10,1,1,0.0,0.0,0.0,0.0,EXACT_MATCH
2107,DOC-0132,student_id,rotated_90,field_11,1,1,0.0,0.0,0.0,0.0,EXACT_MATCH
2108,DOC-0132,student_id,rotated_90,field_12,1,1,0.0,0.0,0.0,0.0,EXACT_MATCH
2109,DOC-0132,student_id,rotated_90,field_13,1,1,0.0,0.0,0.0,0.0,EXACT_MATCH
2110,DOC-0132,student_id,rotated_90,field_14,1,1,0.0,0.0,0.0,0.0,EXACT_MATCH
2111,DOC-0132,student_id,rotated_90,field_15,1,1,0.0,0.0,0.0,0.0,EXACT_MATCH
2112,DOC-0132,student_id,rotated_90,field_16,1,1,0.0,0.0,0.0,0.0,EXACT_MATCH
2113,DOC-0133,certificate,clean,field_1,1,1,0.0,0.0,0.0,0.0,EXACT_MATCH
2114,DOC-0133,certificate,clean,field_2,1,1,0.0,0.0,0.0,0.0,EXACT_MATCH
2115,DOC-0133,certificate,clean,field_3,1,1,0.0,0.0,0.0,0.0,EXACT_MATCH
2116,DOC-0133,certificate,clean,field_4,1,1,0.0,0.0,0.0,0.0,EXACT_MATCH
2117,DOC-0133,certificate,clean,field_5,1,1,0.0,0.0,0.0,0.0,EXACT_MATCH
2118,DOC-0133,certificate,clean,field_6,1,1,0.0,0.0,0.0,0.0,EXACT_MATCH
2119,DOC-0133,certificate,clean,field_7,1,1,0.0,0.0,0.0,0.0,EXACT_MATCH
2120,DOC-0133,certificate,clean,field_8,1,1,0.0,0.0,0.0,0.0,EXACT_MATCH
2121,DOC-0133,certificate,clean,field_9,1,1,0.0,0.0,0.0,0.0,EXACT_MATCH
2122,DOC-0133,certificate,clean,field_10,1,1,0.0,0.0,0.0,0.0,EXACT_MATCH
2123,DOC-0133,certificate,clean,field_11,1,1,0.0,0.0,0.0,0.0,EXACT_MATCH
2124,DOC-0133,certificate,clean,field_12,1,1,0.0,0.0,0.0,0.0,EXACT_MATCH
2125,DOC-0133,certificate,clean,field_13,1,1,0.0,0.0,0.0,0.0,EXACT_MATCH
2126,DOC-0133,certificate,clean,field_14,1,1,0.0,0.0,0.0,0.0,EXACT_MATCH
2127,DOC-0133,certificate,clean,field_15,1,1,0.0,0.0,0.0,0.0,EXACT_MATCH
2128,DOC-0133,certificate,clean,field_16,1,1,0.0,0.0,0.0,0.0,EXACT_MATCH
2129,DOC-0134,marksheet,scanner_copy,field_1,1,1,0.0,0.0,0.0,0.0,EXACT_MATCH
2130,DOC-0134,marksheet,scanner_copy,field_2,1,1,0.0,0.0,0.0,0.0,EXACT_MATCH
2131,DOC-0134,marksheet,scanner_copy,field_3,1,1,0.0,0.0,0.0,0.0,EXACT_MATCH
2132,DOC-0134,marksheet,scanner_copy,field_4,1,1,0.0,0.0,0.0,0.0,EXACT_MATCH
2133,DOC-0134,marksheet,scanner_copy,field_5,1,1,0.0,0.0,0.0,0.0,EXACT_MATCH
2134,DOC-0134,marksheet,scanner_copy,field_6,1,1,0.0,0.0,0.0,0.0,EXACT_MATCH
2135,DOC-0134,marksheet,scanner_copy,field_7,1,1,0.0,0.0,0.0,0.0,EXACT_MATCH
2136,DOC-0134,marksheet,scanner_copy,field_8,1,1,0.0,0.0,0.0,0.0,EXACT_MATCH
2137,DOC-0134,marksheet,scanner_copy,field_9,1,1,0.0,0.0,0.0,0.0,EXACT_MATCH
2138,DOC-0134,marksheet,scanner_copy,field_10,1,1,0.0,0.0,0.0,0.0,EXACT_MATCH
2139,DOC-0134,marksheet,scanner_copy,field_11,1,1,0.0,0.0,0.0,0.0,EXACT_MATCH
2140,DOC-0134,marksheet,scanner_copy,field_12,1,1,0.0,0.0,0.0,0.0,EXACT_MATCH
2141,DOC-0134,marksheet,scanner_copy,field_13,1,1,0.0,0.0,0.0,0.0,EXACT_MATCH
2142,DOC-0134,marksheet,scanner_copy,field_14,1,1,0.0,0.0,0.0,0.0,EXACT_MATCH
2143,DOC-0134,marksheet,scanner_copy,field_15,1,1,0.0,0.0,0.0,0.0,EXACT_MATCH
2144,DOC-0134,marksheet,scanner_copy,field_16,1,1,0.0,0.0,0.0,0.0,EXACT_MATCH
2145,DOC-0135,student_id,mobile_camera,field_1,1,1,0.0,0.0,0.0,0.0,EXACT_MATCH
2146,DOC-0135,student_id,mobile_camera,field_2,1,1,0.0,0.0,0.0,0.0,EXACT_MATCH
2147,DOC-0135,student_id,mobile_camera,field_3,1,1,0.0,0.0,0.0,0.0,EXACT_MATCH
2148,DOC-0135,student_id,mobile_camera,field_4,1,1,0.0,0.0,0.0,0.0,EXACT_MATCH
2149,DOC-0135,student_id,mobile_camera,field_5,1,1,0.0,0.0,0.0,0.0,EXACT_MATCH
2150,DOC-0135,student_id,mobile_camera,field_6,1,1,0.0,0.0,0.0,0.0,EXACT_MATCH
2151,DOC-0135,student_id,mobile_camera,field_7,1,1,0.0,0.0,0.0,0.0,EXACT_MATCH
2152,DOC-0135,student_id,mobile_camera,field_8,1,1,0.0,0.0,0.0,0.0,EXACT_MATCH
2153,DOC-0135,student_id,mobile_camera,field_9,1,1,0.0,0.0,0.0,0.0,EXACT_MATCH
2154,DOC-0135,student_id,mobile_camera,field_10,1,1,0.0,0.0,0.0,0.0,EXACT_MATCH
2155,DOC-0135,student_id,mobile_camera,field_11,1,1,0.0,0.0,0.0,0.0,EXACT_MATCH
2156,DOC-0135,student_id,mobile_camera,field_12,1,1,0.0,0.0,0.0,0.0,EXACT_MATCH
2157,DOC-0135,student_id,mobile_camera,field_13,1,1,0.0,0.0,0.0,0.0,EXACT_MATCH
2158,DOC-0135,student_id,mobile_camera,field_14,1,1,0.0,0.0,0.0,0.0,EXACT_MATCH
2159,DOC-0135,student_id,mobile_camera,field_15,1,1,0.0,0.0,0.0,0.0,EXACT_MATCH
2160,DOC-0135,student_id,mobile_camera,field_16,1,1,0.0,0.0,0.0,0.0,EXACT_MATCH
2161,DOC-0136,certificate,rotated_90,field_1,1,1,0.0,0.0,0.0,0.0,EXACT_MATCH
2162,DOC-0136,certificate,rotated_90,field_2,1,1,0.0,0.0,0.0,0.0,EXACT_MATCH
2163,DOC-0136,certificate,rotated_90,field_3,1,1,0.0,0.0,0.0,0.0,EXACT_MATCH
2164,DOC-0136,certificate,rotated_90,field_4,1,1,0.0,0.0,0.0,0.0,EXACT_MATCH
2165,DOC-0136,certificate,rotated_90,field_5,1,1,0.0,0.0,0.0,0.0,EXACT_MATCH
2166,DOC-0136,certificate,rotated_90,field_6,1,1,0.0,0.0,0.0,0.0,EXACT_MATCH
2167,DOC-0136,certificate,rotated_90,field_7,1,1,0.0,0.0,0.0,0.0,EXACT_MATCH
2168,DOC-0136,certificate,rotated_90,field_8,1,1,0.0,0.0,0.0,0.0,EXACT_MATCH
2169,DOC-0136,certificate,rotated_90,field_9,1,1,0.0,0.0,0.0,0.0,EXACT_MATCH
2170,DOC-0136,certificate,rotated_90,field_10,1,1,0.0,0.0,0.0,0.0,EXACT_MATCH
2171,DOC-0136,certificate,rotated_90,field_11,1,1,0.0,0.0,0.0,0.0,EXACT_MATCH
2172,DOC-0136,certificate,rotated_90,field_12,1,1,0.0,0.0,0.0,0.0,EXACT_MATCH
2173,DOC-0136,certificate,rotated_90,field_13,1,1,0.0,0.0,0.0,0.0,EXACT_MATCH
2174,DOC-0136,certificate,rotated_90,field_14,1,1,0.0,0.0,0.0,0.0,EXACT_MATCH
2175,DOC-0136,certificate,rotated_90,field_15,1,1,0.0,0.0,0.0,0.0,EXACT_MATCH
2176,DOC-0136,certificate,rotated_90,field_16,1,1,0.0,0.0,0.0,0.0,EXACT_MATCH
2177,DOC-0137,marksheet,clean,field_1,1,1,0.0,0.0,0.0,0.0,EXACT_MATCH
2178,DOC-0137,marksheet,clean,field_2,1,1,0.0,0.0,0.0,0.0,EXACT_MATCH
2179,DOC-0137,marksheet,clean,field_3,1,1,0.0,0.0,0.0,0.0,EXACT_MATCH
2180,DOC-0137,marksheet,clean,field_4,1,1,0.0,0.0,0.0,0.0,EXACT_MATCH
2181,DOC-0137,marksheet,clean,field_5,1,1,0.0,0.0,0.0,0.0,EXACT_MATCH
2182,DOC-0137,marksheet,clean,field_6,1,1,0.0,0.0,0.0,0.0,EXACT_MATCH
2183,DOC-0137,marksheet,clean,field_7,1,1,0.0,0.0,0.0,0.0,EXACT_MATCH
2184,DOC-0137,marksheet,clean,field_8,1,1,0.0,0.0,0.0,0.0,EXACT_MATCH
2185,DOC-0137,marksheet,clean,field_9,1,1,0.0,0.0,0.0,0.0,EXACT_MATCH
2186,DOC-0137,marksheet,clean,field_10,1,1,0.0,0.0,0.0,0.0,EXACT_MATCH
2187,DOC-0137,marksheet,clean,field_11,1,1,0.0,0.0,0.0,0.0,EXACT_MATCH
2188,DOC-0137,marksheet,clean,field_12,1,1,0.0,0.0,0.0,0.0,EXACT_MATCH
2189,DOC-0137,marksheet,clean,field_13,1,1,0.0,0.0,0.0,0.0,EXACT_MATCH
2190,DOC-0137,marksheet,clean,field_14,1,1,0.0,0.0,0.0,0.0,EXACT_MATCH
2191,DOC-0137,marksheet,clean,field_15,1,1,0.0,0.0,0.0,0.0,EXACT_MATCH
2192,DOC-0137,marksheet,clean,field_16,1,1,0.0,0.0,0.0,0.0,EXACT_MATCH
2193,DOC-0138,student_id,scanner_copy,field_1,1,1,0.0,0.0,0.0,0.0,EXACT_MATCH
2194,DOC-0138,student_id,scanner_copy,field_2,1,1,0.0,0.0,0.0,0.0,EXACT_MATCH
2195,DOC-0138,student_id,scanner_copy,field_3,1,1,0.0,0.0,0.0,0.0,EXACT_MATCH
2196,DOC-0138,student_id,scanner_copy,field_4,1,1,0.0,0.0,0.0,0.0,EXACT_MATCH
2197,DOC-0138,student_id,scanner_copy,field_5,1,1,0.0,0.0,0.0,0.0,EXACT_MATCH
2198,DOC-0138,student_id,scanner_copy,field_6,1,1,0.0,0.0,0.0,0.0,EXACT_MATCH
2199,DOC-0138,student_id,scanner_copy,field_7,1,1,0.0,0.0,0.0,0.0,EXACT_MATCH
2200,DOC-0138,student_id,scanner_copy,field_8,1,1,0.0,0.0,0.0,0.0,EXACT_MATCH
2201,DOC-0138,student_id,scanner_copy,field_9,1,1,0.0,0.0,0.0,0.0,EXACT_MATCH
2202,DOC-0138,student_id,scanner_copy,field_10,1,1,0.0,0.0,0.0,0.0,EXACT_MATCH
2203,DOC-0138,student_id,scanner_copy,field_11,1,1,0.0,0.0,0.0,0.0,EXACT_MATCH
2204,DOC-0138,student_id,scanner_copy,field_12,1,1,0.0,0.0,0.0,0.0,EXACT_MATCH
2205,DOC-0138,student_id,scanner_copy,field_13,1,1,0.0,0.0,0.0,0.0,EXACT_MATCH
2206,DOC-0138,student_id,scanner_copy,field_14,1,1,0.0,0.0,0.0,0.0,EXACT_MATCH
2207,DOC-0138,student_id,scanner_copy,field_15,1,1,0.0,0.0,0.0,0.0,EXACT_MATCH
2208,DOC-0138,student_id,scanner_copy,field_16,1,1,0.0,0.0,0.0,0.0,EXACT_MATCH
2209,DOC-0139,certificate,mobile_camera,field_1,1,1,0.0,0.0,0.0,0.0,EXACT_MATCH
2210,DOC-0139,certificate,mobile_camera,field_2,1,1,0.0,0.0,0.0,0.0,EXACT_MATCH
2211,DOC-0139,certificate,mobile_camera,field_3,1,1,0.0,0.0,0.0,0.0,EXACT_MATCH
2212,DOC-0139,certificate,mobile_camera,field_4,1,1,0.0,0.0,0.0,0.0,EXACT_MATCH
2213,DOC-0139,certificate,mobile_camera,field_5,1,1,0.0,0.0,0.0,0.0,EXACT_MATCH
2214,DOC-0139,certificate,mobile_camera,field_6,1,1,0.0,0.0,0.0,0.0,EXACT_MATCH
2215,DOC-0139,certificate,mobile_camera,field_7,1,1,0.0,0.0,0.0,0.0,EXACT_MATCH
2216,DOC-0139,certificate,mobile_camera,field_8,1,1,0.0,0.0,0.0,0.0,EXACT_MATCH
2217,DOC-0139,certificate,mobile_camera,field_9,1,1,0.0,0.0,0.0,0.0,EXACT_MATCH
2218,DOC-0139,certificate,mobile_camera,field_10,1,1,0.0,0.0,0.0,0.0,EXACT_MATCH
2219,DOC-0139,certificate,mobile_camera,field_11,1,1,0.0,0.0,0.0,0.0,EXACT_MATCH
2220,DOC-0139,certificate,mobile_camera,field_12,1,1,0.0,0.0,0.0,0.0,EXACT_MATCH
2221,DOC-0139,certificate,mobile_camera,field_13,1,1,0.0,0.0,0.0,0.0,EXACT_MATCH
2222,DOC-0139,certificate,mobile_camera,field_14,1,1,0.0,0.0,0.0,0.0,EXACT_MATCH
2223,DOC-0139,certificate,mobile_camera,field_15,1,1,0.0,0.0,0.0,0.0,EXACT_MATCH
2224,DOC-0139,certificate,mobile_camera,field_16,1,1,0.0,0.0,0.0,0.0,EXACT_MATCH
2225,DOC-0140,marksheet,rotated_90,field_1,1,1,0.0,0.0,0.0,0.0,EXACT_MATCH
2226,DOC-0140,marksheet,rotated_90,field_2,1,1,0.0,0.0,0.0,0.0,EXACT_MATCH
2227,DOC-0140,marksheet,rotated_90,field_3,1,1,0.0,0.0,0.0,0.0,EXACT_MATCH
2228,DOC-0140,marksheet,rotated_90,field_4,1,1,0.0,0.0,0.0,0.0,EXACT_MATCH
2229,DOC-0140,marksheet,rotated_90,field_5,1,1,0.0,0.0,0.0,0.0,EXACT_MATCH
2230,DOC-0140,marksheet,rotated_90,field_6,1,1,0.0,0.0,0.0,0.0,EXACT_MATCH
2231,DOC-0140,marksheet,rotated_90,field_7,1,1,0.0,0.0,0.0,0.0,EXACT_MATCH
2232,DOC-0140,marksheet,rotated_90,field_8,1,1,0.0,0.0,0.0,0.0,EXACT_MATCH
2233,DOC-0140,marksheet,rotated_90,field_9,1,1,0.0,0.0,0.0,0.0,EXACT_MATCH
2234,DOC-0140,marksheet,rotated_90,field_10,1,1,0.0,0.0,0.0,0.0,EXACT_MATCH
2235,DOC-0140,marksheet,rotated_90,field_11,1,1,0.0,0.0,0.0,0.0,EXACT_MATCH
2236,DOC-0140,marksheet,rotated_90,field_12,1,1,0.0,0.0,0.0,0.0,EXACT_MATCH
2237,DOC-0140,marksheet,rotated_90,field_13,1,1,0.0,0.0,0.0,0.0,EXACT_MATCH
2238,DOC-0140,marksheet,rotated_90,field_14,1,1,0.0,0.0,0.0,0.0,EXACT_MATCH
2239,DOC-0140,marksheet,rotated_90,field_15,1,1,0.0,0.0,0.0,0.0,EXACT_MATCH
2240,DOC-0140,marksheet,rotated_90,field_16,1,1,0.0,0.0,0.0,0.0,EXACT_MATCH
2241,DOC-0141,student_id,clean,field_1,1,1,0.0,0.0,0.0,0.0,EXACT_MATCH
2242,DOC-0141,student_id,clean,field_2,1,1,0.0,0.0,0.0,0.0,EXACT_MATCH
2243,DOC-0141,student_id,clean,field_3,1,1,0.0,0.0,0.0,0.0,EXACT_MATCH
2244,DOC-0141,student_id,clean,field_4,1,1,0.0,0.0,0.0,0.0,EXACT_MATCH
2245,DOC-0141,student_id,clean,field_5,1,1,0.0,0.0,0.0,0.0,EXACT_MATCH
2246,DOC-0141,student_id,clean,field_6,1,1,0.0,0.0,0.0,0.0,EXACT_MATCH
2247,DOC-0141,student_id,clean,field_7,1,1,0.0,0.0,0.0,0.0,EXACT_MATCH
2248,DOC-0141,student_id,clean,field_8,1,1,0.0,0.0,0.0,0.0,EXACT_MATCH
2249,DOC-0141,student_id,clean,field_9,1,1,0.0,0.0,0.0,0.0,EXACT_MATCH
2250,DOC-0141,student_id,clean,field_10,1,1,0.0,0.0,0.0,0.0,EXACT_MATCH
2251,DOC-0141,student_id,clean,field_11,1,1,0.0,0.0,0.0,0.0,EXACT_MATCH
2252,DOC-0141,student_id,clean,field_12,1,1,0.0,0.0,0.0,0.0,EXACT_MATCH
2253,DOC-0141,student_id,clean,field_13,1,1,0.0,0.0,0.0,0.0,EXACT_MATCH
2254,DOC-0141,student_id,clean,field_14,1,1,0.0,0.0,0.0,0.0,EXACT_MATCH
2255,DOC-0141,student_id,clean,field_15,1,1,0.0,0.0,0.0,0.0,EXACT_MATCH
2256,DOC-0141,student_id,clean,field_16,1,1,0.0,0.0,0.0,0.0,EXACT_MATCH
2257,DOC-0142,certificate,scanner_copy,field_1,1,1,0.0,0.0,0.0,0.0,EXACT_MATCH
2258,DOC-0142,certificate,scanner_copy,field_2,1,1,0.0,0.0,0.0,0.0,EXACT_MATCH
2259,DOC-0142,certificate,scanner_copy,field_3,1,1,0.0,0.0,0.0,0.0,EXACT_MATCH
2260,DOC-0142,certificate,scanner_copy,field_4,1,1,0.0,0.0,0.0,0.0,EXACT_MATCH
2261,DOC-0142,certificate,scanner_copy,field_5,1,1,0.0,0.0,0.0,0.0,EXACT_MATCH
2262,DOC-0142,certificate,scanner_copy,field_6,1,1,0.0,0.0,0.0,0.0,EXACT_MATCH
2263,DOC-0142,certificate,scanner_copy,field_7,1,1,0.0,0.0,0.0,0.0,EXACT_MATCH
2264,DOC-0142,certificate,scanner_copy,field_8,1,1,0.0,0.0,0.0,0.0,EXACT_MATCH
2265,DOC-0142,certificate,scanner_copy,field_9,1,1,0.0,0.0,0.0,0.0,EXACT_MATCH
2266,DOC-0142,certificate,scanner_copy,field_10,1,1,0.0,0.0,0.0,0.0,EXACT_MATCH
2267,DOC-0142,certificate,scanner_copy,field_11,1,1,0.0,0.0,0.0,0.0,EXACT_MATCH
2268,DOC-0142,certificate,scanner_copy,field_12,1,1,0.0,0.0,0.0,0.0,EXACT_MATCH
2269,DOC-0142,certificate,scanner_copy,field_13,1,1,0.0,0.0,0.0,0.0,EXACT_MATCH
2270,DOC-0142,certificate,scanner_copy,field_14,1,1,0.0,0.0,0.0,0.0,EXACT_MATCH
2271,DOC-0142,certificate,scanner_copy,field_15,1,1,0.0,0.0,0.0,0.0,EXACT_MATCH
2272,DOC-0142,certificate,scanner_copy,field_16,1,1,0.0,0.0,0.0,0.0,EXACT_MATCH
2273,DOC-0143,marksheet,mobile_camera,field_1,1,1,0.0,0.0,0.0,0.0,EXACT_MATCH
2274,DOC-0143,marksheet,mobile_camera,field_2,1,1,0.0,0.0,0.0,0.0,EXACT_MATCH
2275,DOC-0143,marksheet,mobile_camera,field_3,1,1,0.0,0.0,0.0,0.0,EXACT_MATCH
2276,DOC-0143,marksheet,mobile_camera,field_4,1,1,0.0,0.0,0.0,0.0,EXACT_MATCH
2277,DOC-0143,marksheet,mobile_camera,field_5,1,1,0.0,0.0,0.0,0.0,EXACT_MATCH
2278,DOC-0143,marksheet,mobile_camera,field_6,1,1,0.0,0.0,0.0,0.0,EXACT_MATCH
2279,DOC-0143,marksheet,mobile_camera,field_7,1,1,0.0,0.0,0.0,0.0,EXACT_MATCH
2280,DOC-0143,marksheet,mobile_camera,field_8,1,1,0.0,0.0,0.0,0.0,EXACT_MATCH
2281,DOC-0143,marksheet,mobile_camera,field_9,1,1,0.0,0.0,0.0,0.0,EXACT_MATCH
2282,DOC-0143,marksheet,mobile_camera,field_10,1,1,0.0,0.0,0.0,0.0,EXACT_MATCH
2283,DOC-0143,marksheet,mobile_camera,field_11,1,1,0.0,0.0,0.0,0.0,EXACT_MATCH
2284,DOC-0143,marksheet,mobile_camera,field_12,1,1,0.0,0.0,0.0,0.0,EXACT_MATCH
2285,DOC-0143,marksheet,mobile_camera,field_13,1,1,0.0,0.0,0.0,0.0,EXACT_MATCH
2286,DOC-0143,marksheet,mobile_camera,field_14,1,1,0.0,0.0,0.0,0.0,EXACT_MATCH
2287,DOC-0143,marksheet,mobile_camera,field_15,1,1,0.0,0.0,0.0,0.0,EXACT_MATCH
2288,DOC-0143,marksheet,mobile_camera,field_16,1,1,0.0,0.0,0.0,0.0,EXACT_MATCH
2289,DOC-0144,student_id,rotated_90,field_1,1,1,0.0,0.0,0.0,0.0,EXACT_MATCH
2290,DOC-0144,student_id,rotated_90,field_2,1,1,0.0,0.0,0.0,0.0,EXACT_MATCH
2291,DOC-0144,student_id,rotated_90,field_3,1,1,0.0,0.0,0.0,0.0,EXACT_MATCH
2292,DOC-0144,student_id,rotated_90,field_4,1,1,0.0,0.0,0.0,0.0,EXACT_MATCH
2293,DOC-0144,student_id,rotated_90,field_5,1,1,0.0,0.0,0.0,0.0,EXACT_MATCH
2294,DOC-0144,student_id,rotated_90,field_6,1,1,0.0,0.0,0.0,0.0,EXACT_MATCH
2295,DOC-0144,student_id,rotated_90,field_7,1,1,0.0,0.0,0.0,0.0,EXACT_MATCH
2296,DOC-0144,student_id,rotated_90,field_8,1,1,0.0,0.0,0.0,0.0,EXACT_MATCH
2297,DOC-0144,student_id,rotated_90,field_9,1,1,0.0,0.0,0.0,0.0,EXACT_MATCH
2298,DOC-0144,student_id,rotated_90,field_10,1,1,0.0,0.0,0.0,0.0,EXACT_MATCH
2299,DOC-0144,student_id,rotated_90,field_11,1,1,0.0,0.0,0.0,0.0,EXACT_MATCH
2300,DOC-0144,student_id,rotated_90,field_12,1,1,0.0,0.0,0.0,0.0,EXACT_MATCH
2301,DOC-0144,student_id,rotated_90,field_13,1,1,0.0,0.0,0.0,0.0,EXACT_MATCH
2302,DOC-0144,student_id,rotated_90,field_14,1,1,0.0,0.0,0.0,0.0,EXACT_MATCH
2303,DOC-0144,student_id,rotated_90,field_15,1,1,0.0,0.0,0.0,0.0,EXACT_MATCH
2304,DOC-0144,student_id,rotated_90,field_16,1,1,0.0,0.0,0.0,0.0,EXACT_MATCH
2305,DOC-0145,certificate,clean,field_1,1,1,0.0,0.0,0.0,0.0,EXACT_MATCH
2306,DOC-0145,certificate,clean,field_2,1,1,0.0,0.0,0.0,0.0,EXACT_MATCH
2307,DOC-0145,certificate,clean,field_3,1,1,0.0,0.0,0.0,0.0,EXACT_MATCH
2308,DOC-0145,certificate,clean,field_4,1,1,0.0,0.0,0.0,0.0,EXACT_MATCH
2309,DOC-0145,certificate,clean,field_5,1,1,0.0,0.0,0.0,0.0,EXACT_MATCH
2310,DOC-0145,certificate,clean,field_6,1,1,0.0,0.0,0.0,0.0,EXACT_MATCH
2311,DOC-0145,certificate,clean,field_7,1,1,0.0,0.0,0.0,0.0,EXACT_MATCH
2312,DOC-0145,certificate,clean,field_8,1,1,0.0,0.0,0.0,0.0,EXACT_MATCH
2313,DOC-0145,certificate,clean,field_9,1,1,0.0,0.0,0.0,0.0,EXACT_MATCH
2314,DOC-0145,certificate,clean,field_10,1,1,0.0,0.0,0.0,0.0,EXACT_MATCH
2315,DOC-0145,certificate,clean,field_11,1,1,0.0,0.0,0.0,0.0,EXACT_MATCH
2316,DOC-0145,certificate,clean,field_12,1,1,0.0,0.0,0.0,0.0,EXACT_MATCH
2317,DOC-0145,certificate,clean,field_13,1,1,0.0,0.0,0.0,0.0,EXACT_MATCH
2318,DOC-0145,certificate,clean,field_14,1,1,0.0,0.0,0.0,0.0,EXACT_MATCH
2319,DOC-0145,certificate,clean,field_15,1,1,0.0,0.0,0.0,0.0,EXACT_MATCH
2320,DOC-0145,certificate,clean,field_16,1,1,0.0,0.0,0.0,0.0,EXACT_MATCH
2321,DOC-0146,marksheet,scanner_copy,field_1,1,1,0.0,0.0,0.0,0.0,EXACT_MATCH
2322,DOC-0146,marksheet,scanner_copy,field_2,1,1,0.0,0.0,0.0,0.0,EXACT_MATCH
2323,DOC-0146,marksheet,scanner_copy,field_3,1,1,0.0,0.0,0.0,0.0,EXACT_MATCH
2324,DOC-0146,marksheet,scanner_copy,field_4,1,1,0.0,0.0,0.0,0.0,EXACT_MATCH
2325,DOC-0146,marksheet,scanner_copy,field_5,1,1,0.0,0.0,0.0,0.0,EXACT_MATCH
2326,DOC-0146,marksheet,scanner_copy,field_6,1,1,0.0,0.0,0.0,0.0,EXACT_MATCH
2327,DOC-0146,marksheet,scanner_copy,field_7,1,1,0.0,0.0,0.0,0.0,EXACT_MATCH
2328,DOC-0146,marksheet,scanner_copy,field_8,1,1,0.0,0.0,0.0,0.0,EXACT_MATCH
2329,DOC-0146,marksheet,scanner_copy,field_9,1,1,0.0,0.0,0.0,0.0,EXACT_MATCH
2330,DOC-0146,marksheet,scanner_copy,field_10,1,1,0.0,0.0,0.0,0.0,EXACT_MATCH
2331,DOC-0146,marksheet,scanner_copy,field_11,1,1,0.0,0.0,0.0,0.0,EXACT_MATCH
2332,DOC-0146,marksheet,scanner_copy,field_12,1,1,0.0,0.0,0.0,0.0,EXACT_MATCH
2333,DOC-0146,marksheet,scanner_copy,field_13,1,1,0.0,0.0,0.0,0.0,EXACT_MATCH
2334,DOC-0146,marksheet,scanner_copy,field_14,1,1,0.0,0.0,0.0,0.0,EXACT_MATCH
2335,DOC-0146,marksheet,scanner_copy,field_15,1,1,0.0,0.0,0.0,0.0,EXACT_MATCH
2336,DOC-0146,marksheet,scanner_copy,field_16,1,1,0.0,0.0,0.0,0.0,EXACT_MATCH
2337,DOC-0147,student_id,mobile_camera,field_1,1,1,0.0,0.0,0.0,0.0,EXACT_MATCH
2338,DOC-0147,student_id,mobile_camera,field_2,1,1,0.0,0.0,0.0,0.0,EXACT_MATCH
2339,DOC-0147,student_id,mobile_camera,field_3,1,1,0.0,0.0,0.0,0.0,EXACT_MATCH
2340,DOC-0147,student_id,mobile_camera,field_4,1,1,0.0,0.0,0.0,0.0,EXACT_MATCH
2341,DOC-0147,student_id,mobile_camera,field_5,1,1,0.0,0.0,0.0,0.0,EXACT_MATCH
2342,DOC-0147,student_id,mobile_camera,field_6,1,1,0.0,0.0,0.0,0.0,EXACT_MATCH
2343,DOC-0147,student_id,mobile_camera,field_7,1,1,0.0,0.0,0.0,0.0,EXACT_MATCH
2344,DOC-0147,student_id,mobile_camera,field_8,1,1,0.0,0.0,0.0,0.0,EXACT_MATCH
2345,DOC-0147,student_id,mobile_camera,field_9,1,1,0.0,0.0,0.0,0.0,EXACT_MATCH
2346,DOC-0147,student_id,mobile_camera,field_10,1,1,0.0,0.0,0.0,0.0,EXACT_MATCH
2347,DOC-0147,student_id,mobile_camera,field_11,1,1,0.0,0.0,0.0,0.0,EXACT_MATCH
2348,DOC-0147,student_id,mobile_camera,field_12,1,1,0.0,0.0,0.0,0.0,EXACT_MATCH
2349,DOC-0147,student_id,mobile_camera,field_13,1,1,0.0,0.0,0.0,0.0,EXACT_MATCH
2350,DOC-0147,student_id,mobile_camera,field_14,1,1,0.0,0.0,0.0,0.0,EXACT_MATCH
2351,DOC-0147,student_id,mobile_camera,field_15,1,1,0.0,0.0,0.0,0.0,EXACT_MATCH
2352,DOC-0147,student_id,mobile_camera,field_16,1,1,0.0,0.0,0.0,0.0,EXACT_MATCH
2353,DOC-0148,certificate,rotated_90,field_1,1,1,0.0,0.0,0.0,0.0,EXACT_MATCH
2354,DOC-0148,certificate,rotated_90,field_2,1,1,0.0,0.0,0.0,0.0,EXACT_MATCH
2355,DOC-0148,certificate,rotated_90,field_3,1,1,0.0,0.0,0.0,0.0,EXACT_MATCH
2356,DOC-0148,certificate,rotated_90,field_4,1,1,0.0,0.0,0.0,0.0,EXACT_MATCH
2357,DOC-0148,certificate,rotated_90,field_5,1,1,0.0,0.0,0.0,0.0,EXACT_MATCH
2358,DOC-0148,certificate,rotated_90,field_6,1,1,0.0,0.0,0.0,0.0,EXACT_MATCH
2359,DOC-0148,certificate,rotated_90,field_7,1,1,0.0,0.0,0.0,0.0,EXACT_MATCH
2360,DOC-0148,certificate,rotated_90,field_8,1,1,0.0,0.0,0.0,0.0,EXACT_MATCH
2361,DOC-0148,certificate,rotated_90,field_9,1,1,0.0,0.0,0.0,0.0,EXACT_MATCH
2362,DOC-0148,certificate,rotated_90,field_10,1,1,0.0,0.0,0.0,0.0,EXACT_MATCH
2363,DOC-0148,certificate,rotated_90,field_11,1,1,0.0,0.0,0.0,0.0,EXACT_MATCH
2364,DOC-0148,certificate,rotated_90,field_12,1,1,0.0,0.0,0.0,0.0,EXACT_MATCH
2365,DOC-0148,certificate,rotated_90,field_13,1,1,0.0,0.0,0.0,0.0,EXACT_MATCH
2366,DOC-0148,certificate,rotated_90,field_14,1,1,0.0,0.0,0.0,0.0,EXACT_MATCH
2367,DOC-0148,certificate,rotated_90,field_15,1,1,0.0,0.0,0.0,0.0,EXACT_MATCH
2368,DOC-0148,certificate,rotated_90,field_16,1,1,0.0,0.0,0.0,0.0,EXACT_MATCH
2369,DOC-0149,marksheet,clean,field_1,1,1,0.0,0.0,0.0,0.0,EXACT_MATCH
2370,DOC-0149,marksheet,clean,field_2,1,1,0.0,0.0,0.0,0.0,EXACT_MATCH
2371,DOC-0149,marksheet,clean,field_3,1,1,0.0,0.0,0.0,0.0,EXACT_MATCH
2372,DOC-0149,marksheet,clean,field_4,1,1,0.0,0.0,0.0,0.0,EXACT_MATCH
2373,DOC-0149,marksheet,clean,field_5,1,1,0.0,0.0,0.0,0.0,EXACT_MATCH
2374,DOC-0149,marksheet,clean,field_6,1,1,0.0,0.0,0.0,0.0,EXACT_MATCH
2375,DOC-0149,marksheet,clean,field_7,1,1,0.0,0.0,0.0,0.0,EXACT_MATCH
2376,DOC-0149,marksheet,clean,field_8,1,1,0.0,0.0,0.0,0.0,EXACT_MATCH
2377,DOC-0149,marksheet,clean,field_9,1,1,0.0,0.0,0.0,0.0,EXACT_MATCH
2378,DOC-0149,marksheet,clean,field_10,1,1,0.0,0.0,0.0,0.0,EXACT_MATCH
2379,DOC-0149,marksheet,clean,field_11,1,1,0.0,0.0,0.0,0.0,EXACT_MATCH
2380,DOC-0149,marksheet,clean,field_12,1,1,0.0,0.0,0.0,0.0,EXACT_MATCH
2381,DOC-0149,marksheet,clean,field_13,1,1,0.0,0.0,0.0,0.0,EXACT_MATCH
2382,DOC-0149,marksheet,clean,field_14,1,1,0.0,0.0,0.0,0.0,EXACT_MATCH
2383,DOC-0149,marksheet,clean,field_15,1,1,0.0,0.0,0.0,0.0,EXACT_MATCH
2384,DOC-0149,marksheet,clean,field_16,1,1,0.0,0.0,0.0,0.0,EXACT_MATCH
2385,DOC-0150,student_id,scanner_copy,field_1,1,1,0.0,0.0,0.0,0.0,EXACT_MATCH
2386,DOC-0150,student_id,scanner_copy,field_2,1,1,0.0,0.0,0.0,0.0,EXACT_MATCH
2387,DOC-0150,student_id,scanner_copy,field_3,1,1,0.0,0.0,0.0,0.0,EXACT_MATCH
2388,DOC-0150,student_id,scanner_copy,field_4,1,1,0.0,0.0,0.0,0.0,EXACT_MATCH
2389,DOC-0150,student_id,scanner_copy,field_5,1,1,0.0,0.0,0.0,0.0,EXACT_MATCH
2390,DOC-0150,student_id,scanner_copy,field_6,1,1,0.0,0.0,0.0,0.0,EXACT_MATCH
2391,DOC-0150,student_id,scanner_copy,field_7,1,1,0.0,0.0,0.0,0.0,EXACT_MATCH
2392,DOC-0150,student_id,scanner_copy,field_8,1,1,0.0,0.0,0.0,0.0,EXACT_MATCH
2393,DOC-0150,student_id,scanner_copy,field_9,1,1,0.0,0.0,0.0,0.0,EXACT_MATCH
2394,DOC-0150,student_id,scanner_copy,field_10,1,1,0.0,0.0,0.0,0.0,EXACT_MATCH
2395,DOC-0150,student_id,scanner_copy,field_11,1,1,0.0,0.0,0.0,0.0,EXACT_MATCH
2396,DOC-0150,student_id,scanner_copy,field_12,1,1,0.0,0.0,0.0,0.0,EXACT_MATCH
2397,DOC-0150,student_id,scanner_copy,field_13,1,1,0.0,0.0,0.0,0.0,EXACT_MATCH
2398,DOC-0150,student_id,scanner_copy,field_14,1,1,0.0,0.0,0.0,0.0,EXACT_MATCH
2399,DOC-0150,student_id,scanner_copy,field_15,1,1,0.0,0.0,0.0,0.0,EXACT_MATCH
2400,DOC-0150,student_id,scanner_copy,field_16,1,1,0.0,0.0,0.0,0.0,EXACT_MATCH
2401,DOC-0151,certificate,mobile_camera,field_1,1,1,0.0,0.0,0.0,0.0,EXACT_MATCH
2402,DOC-0151,certificate,mobile_camera,field_2,1,1,0.0,0.0,0.0,0.0,EXACT_MATCH
2403,DOC-0151,certificate,mobile_camera,field_3,1,1,0.0,0.0,0.0,0.0,EXACT_MATCH
2404,DOC-0151,certificate,mobile_camera,field_4,1,1,0.0,0.0,0.0,0.0,EXACT_MATCH
2405,DOC-0151,certificate,mobile_camera,field_5,1,1,0.0,0.0,0.0,0.0,EXACT_MATCH
2406,DOC-0151,certificate,mobile_camera,field_6,1,1,0.0,0.0,0.0,0.0,EXACT_MATCH
2407,DOC-0151,certificate,mobile_camera,field_7,1,1,0.0,0.0,0.0,0.0,EXACT_MATCH
2408,DOC-0151,certificate,mobile_camera,field_8,1,1,0.0,0.0,0.0,0.0,EXACT_MATCH
2409,DOC-0151,certificate,mobile_camera,field_9,1,1,0.0,0.0,0.0,0.0,EXACT_MATCH
2410,DOC-0151,certificate,mobile_camera,field_10,1,1,0.0,0.0,0.0,0.0,EXACT_MATCH
2411,DOC-0151,certificate,mobile_camera,field_11,1,1,0.0,0.0,0.0,0.0,EXACT_MATCH
2412,DOC-0151,certificate,mobile_camera,field_12,1,1,0.0,0.0,0.0,0.0,EXACT_MATCH
2413,DOC-0151,certificate,mobile_camera,field_13,1,1,0.0,0.0,0.0,0.0,EXACT_MATCH
2414,DOC-0151,certificate,mobile_camera,field_14,1,1,0.0,0.0,0.0,0.0,EXACT_MATCH
2415,DOC-0151,certificate,mobile_camera,field_15,1,1,0.0,0.0,0.0,0.0,EXACT_MATCH
2416,DOC-0151,certificate,mobile_camera,field_16,1,1,0.0,0.0,0.0,0.0,EXACT_MATCH
2417,DOC-0152,marksheet,rotated_90,field_1,1,1,0.0,0.0,0.0,0.0,EXACT_MATCH
2418,DOC-0152,marksheet,rotated_90,field_2,1,1,0.0,0.0,0.0,0.0,EXACT_MATCH
2419,DOC-0152,marksheet,rotated_90,field_3,1,1,0.0,0.0,0.0,0.0,EXACT_MATCH
2420,DOC-0152,marksheet,rotated_90,field_4,1,1,0.0,0.0,0.0,0.0,EXACT_MATCH
2421,DOC-0152,marksheet,rotated_90,field_5,1,1,0.0,0.0,0.0,0.0,EXACT_MATCH
2422,DOC-0152,marksheet,rotated_90,field_6,1,1,0.0,0.0,0.0,0.0,EXACT_MATCH
2423,DOC-0152,marksheet,rotated_90,field_7,1,1,0.0,0.0,0.0,0.0,EXACT_MATCH
2424,DOC-0152,marksheet,rotated_90,field_8,1,1,0.0,0.0,0.0,0.0,EXACT_MATCH
2425,DOC-0152,marksheet,rotated_90,field_9,1,1,0.0,0.0,0.0,0.0,EXACT_MATCH
2426,DOC-0152,marksheet,rotated_90,field_10,1,1,0.0,0.0,0.0,0.0,EXACT_MATCH
2427,DOC-0152,marksheet,rotated_90,field_11,1,1,0.0,0.0,0.0,0.0,EXACT_MATCH
2428,DOC-0152,marksheet,rotated_90,field_12,1,1,0.0,0.0,0.0,0.0,EXACT_MATCH
2429,DOC-0152,marksheet,rotated_90,field_13,1,1,0.0,0.0,0.0,0.0,EXACT_MATCH
2430,DOC-0152,marksheet,rotated_90,field_14,1,1,0.0,0.0,0.0,0.0,EXACT_MATCH
2431,DOC-0152,marksheet,rotated_90,field_15,1,1,0.0,0.0,0.0,0.0,EXACT_MATCH
2432,DOC-0152,marksheet,rotated_90,field_16,1,1,0.0,0.0,0.0,0.0,EXACT_MATCH
2433,DOC-0153,student_id,clean,field_1,1,1,0.0,0.0,0.0,0.0,EXACT_MATCH
2434,DOC-0153,student_id,clean,field_2,1,1,0.0,0.0,0.0,0.0,EXACT_MATCH
2435,DOC-0153,student_id,clean,field_3,1,1,0.0,0.0,0.0,0.0,EXACT_MATCH
2436,DOC-0153,student_id,clean,field_4,1,1,0.0,0.0,0.0,0.0,EXACT_MATCH
2437,DOC-0153,student_id,clean,field_5,1,1,0.0,0.0,0.0,0.0,EXACT_MATCH
2438,DOC-0153,student_id,clean,field_6,1,1,0.0,0.0,0.0,0.0,EXACT_MATCH
2439,DOC-0153,student_id,clean,field_7,1,1,0.0,0.0,0.0,0.0,EXACT_MATCH
2440,DOC-0153,student_id,clean,field_8,1,1,0.0,0.0,0.0,0.0,EXACT_MATCH
2441,DOC-0153,student_id,clean,field_9,1,1,0.0,0.0,0.0,0.0,EXACT_MATCH
2442,DOC-0153,student_id,clean,field_10,1,1,0.0,0.0,0.0,0.0,EXACT_MATCH
2443,DOC-0153,student_id,clean,field_11,1,1,0.0,0.0,0.0,0.0,EXACT_MATCH
2444,DOC-0153,student_id,clean,field_12,1,1,0.0,0.0,0.0,0.0,EXACT_MATCH
2445,DOC-0153,student_id,clean,field_13,1,1,0.0,0.0,0.0,0.0,EXACT_MATCH
2446,DOC-0153,student_id,clean,field_14,1,1,0.0,0.0,0.0,0.0,EXACT_MATCH
2447,DOC-0153,student_id,clean,field_15,1,1,0.0,0.0,0.0,0.0,EXACT_MATCH
2448,DOC-0153,student_id,clean,field_16,1,1,0.0,0.0,0.0,0.0,EXACT_MATCH
2449,DOC-0154,certificate,scanner_copy,field_1,1,1,0.0,0.0,0.0,0.0,EXACT_MATCH
2450,DOC-0154,certificate,scanner_copy,field_2,1,1,0.0,0.0,0.0,0.0,EXACT_MATCH
2451,DOC-0154,certificate,scanner_copy,field_3,1,1,0.0,0.0,0.0,0.0,EXACT_MATCH
2452,DOC-0154,certificate,scanner_copy,field_4,1,1,0.0,0.0,0.0,0.0,EXACT_MATCH
2453,DOC-0154,certificate,scanner_copy,field_5,1,1,0.0,0.0,0.0,0.0,EXACT_MATCH
2454,DOC-0154,certificate,scanner_copy,field_6,1,1,0.0,0.0,0.0,0.0,EXACT_MATCH
2455,DOC-0154,certificate,scanner_copy,field_7,1,1,0.0,0.0,0.0,0.0,EXACT_MATCH
2456,DOC-0154,certificate,scanner_copy,field_8,1,1,0.0,0.0,0.0,0.0,EXACT_MATCH
2457,DOC-0154,certificate,scanner_copy,field_9,1,1,0.0,0.0,0.0,0.0,EXACT_MATCH
2458,DOC-0154,certificate,scanner_copy,field_10,1,1,0.0,0.0,0.0,0.0,EXACT_MATCH
2459,DOC-0154,certificate,scanner_copy,field_11,1,1,0.0,0.0,0.0,0.0,EXACT_MATCH
2460,DOC-0154,certificate,scanner_copy,field_12,1,1,0.0,0.0,0.0,0.0,EXACT_MATCH
2461,DOC-0154,certificate,scanner_copy,field_13,1,1,0.0,0.0,0.0,0.0,EXACT_MATCH
2462,DOC-0154,certificate,scanner_copy,field_14,1,1,0.0,0.0,0.0,0.0,EXACT_MATCH
2463,DOC-0154,certificate,scanner_copy,field_15,1,1,0.0,0.0,0.0,0.0,EXACT_MATCH
2464,DOC-0154,certificate,scanner_copy,field_16,1,1,0.0,0.0,0.0,0.0,EXACT_MATCH
2465,DOC-0155,marksheet,mobile_camera,field_1,1,1,0.0,0.0,0.0,0.0,EXACT_MATCH
2466,DOC-0155,marksheet,mobile_camera,field_2,1,1,0.0,0.0,0.0,0.0,EXACT_MATCH
2467,DOC-0155,marksheet,mobile_camera,field_3,1,1,0.0,0.0,0.0,0.0,EXACT_MATCH
2468,DOC-0155,marksheet,mobile_camera,field_4,1,1,0.0,0.0,0.0,0.0,EXACT_MATCH
2469,DOC-0155,marksheet,mobile_camera,field_5,1,1,0.0,0.0,0.0,0.0,EXACT_MATCH
2470,DOC-0155,marksheet,mobile_camera,field_6,1,1,0.0,0.0,0.0,0.0,EXACT_MATCH
2471,DOC-0155,marksheet,mobile_camera,field_7,1,1,0.0,0.0,0.0,0.0,EXACT_MATCH
2472,DOC-0155,marksheet,mobile_camera,field_8,1,1,0.0,0.0,0.0,0.0,EXACT_MATCH
2473,DOC-0155,marksheet,mobile_camera,field_9,1,1,0.0,0.0,0.0,0.0,EXACT_MATCH
2474,DOC-0155,marksheet,mobile_camera,field_10,1,1,0.0,0.0,0.0,0.0,EXACT_MATCH
2475,DOC-0155,marksheet,mobile_camera,field_11,1,1,0.0,0.0,0.0,0.0,EXACT_MATCH
2476,DOC-0155,marksheet,mobile_camera,field_12,1,1,0.0,0.0,0.0,0.0,EXACT_MATCH
2477,DOC-0155,marksheet,mobile_camera,field_13,1,1,0.0,0.0,0.0,0.0,EXACT_MATCH
2478,DOC-0155,marksheet,mobile_camera,field_14,1,1,0.0,0.0,0.0,0.0,EXACT_MATCH
2479,DOC-0155,marksheet,mobile_camera,field_15,1,1,0.0,0.0,0.0,0.0,EXACT_MATCH
2480,DOC-0155,marksheet,mobile_camera,field_16,1,1,0.0,0.0,0.0,0.0,EXACT_MATCH
2481,DOC-0156,student_id,rotated_90,field_1,1,1,0.0,0.0,0.0,0.0,EXACT_MATCH
2482,DOC-0156,student_id,rotated_90,field_2,1,1,0.0,0.0,0.0,0.0,EXACT_MATCH
2483,DOC-0156,student_id,rotated_90,field_3,1,1,0.0,0.0,0.0,0.0,EXACT_MATCH
2484,DOC-0156,student_id,rotated_90,field_4,1,1,0.0,0.0,0.0,0.0,EXACT_MATCH
2485,DOC-0156,student_id,rotated_90,field_5,1,1,0.0,0.0,0.0,0.0,EXACT_MATCH
2486,DOC-0156,student_id,rotated_90,field_6,1,1,0.0,0.0,0.0,0.0,EXACT_MATCH
2487,DOC-0156,student_id,rotated_90,field_7,1,1,0.0,0.0,0.0,0.0,EXACT_MATCH
2488,DOC-0156,student_id,rotated_90,field_8,1,1,0.0,0.0,0.0,0.0,EXACT_MATCH
2489,DOC-0156,student_id,rotated_90,field_9,1,1,0.0,0.0,0.0,0.0,EXACT_MATCH
2490,DOC-0156,student_id,rotated_90,field_10,1,1,0.0,0.0,0.0,0.0,EXACT_MATCH
2491,DOC-0156,student_id,rotated_90,field_11,1,1,0.0,0.0,0.0,0.0,EXACT_MATCH
2492,DOC-0156,student_id,rotated_90,field_12,1,1,0.0,0.0,0.0,0.0,EXACT_MATCH
2493,DOC-0156,student_id,rotated_90,field_13,1,1,0.0,0.0,0.0,0.0,EXACT_MATCH
2494,DOC-0156,student_id,rotated_90,field_14,1,1,0.0,0.0,0.0,0.0,EXACT_MATCH
2495,DOC-0156,student_id,rotated_90,field_15,1,1,0.0,0.0,0.0,0.0,EXACT_MATCH
2496,DOC-0156,student_id,rotated_90,field_16,1,1,0.0,0.0,0.0,0.0,EXACT_MATCH
2497,DOC-0157,certificate,clean,field_1,1,1,0.0,0.0,0.0,0.0,EXACT_MATCH
2498,DOC-0157,certificate,clean,field_2,1,1,0.0,0.0,0.0,0.0,EXACT_MATCH
2499,DOC-0157,certificate,clean,field_3,1,1,0.0,0.0,0.0,0.0,EXACT_MATCH
2500,DOC-0157,certificate,clean,field_4,1,1,0.0,0.0,0.0,0.0,EXACT_MATCH
2501,DOC-0157,certificate,clean,field_5,1,1,0.0,0.0,0.0,0.0,EXACT_MATCH
2502,DOC-0157,certificate,clean,field_6,1,1,0.0,0.0,0.0,0.0,EXACT_MATCH
2503,DOC-0157,certificate,clean,field_7,1,1,0.0,0.0,0.0,0.0,EXACT_MATCH
2504,DOC-0157,certificate,clean,field_8,1,1,0.0,0.0,0.0,0.0,EXACT_MATCH
2505,DOC-0157,certificate,clean,field_9,1,1,0.0,0.0,0.0,0.0,EXACT_MATCH
2506,DOC-0157,certificate,clean,field_10,1,1,0.0,0.0,0.0,0.0,EXACT_MATCH
2507,DOC-0157,certificate,clean,field_11,1,1,0.0,0.0,0.0,0.0,EXACT_MATCH
2508,DOC-0157,certificate,clean,field_12,1,1,0.0,0.0,0.0,0.0,EXACT_MATCH
2509,DOC-0157,certificate,clean,field_13,1,1,0.0,0.0,0.0,0.0,EXACT_MATCH
2510,DOC-0157,certificate,clean,field_14,1,1,0.0,0.0,0.0,0.0,EXACT_MATCH
2511,DOC-0157,certificate,clean,field_15,1,1,0.0,0.0,0.0,0.0,EXACT_MATCH
2512,DOC-0157,certificate,clean,field_16,1,1,0.0,0.0,0.0,0.0,EXACT_MATCH
2513,DOC-0158,marksheet,scanner_copy,field_1,1,1,0.0,0.0,0.0,0.0,EXACT_MATCH
2514,DOC-0158,marksheet,scanner_copy,field_2,1,1,0.0,0.0,0.0,0.0,EXACT_MATCH
2515,DOC-0158,marksheet,scanner_copy,field_3,1,1,0.0,0.0,0.0,0.0,EXACT_MATCH
2516,DOC-0158,marksheet,scanner_copy,field_4,1,1,0.0,0.0,0.0,0.0,EXACT_MATCH
2517,DOC-0158,marksheet,scanner_copy,field_5,1,1,0.0,0.0,0.0,0.0,EXACT_MATCH
2518,DOC-0158,marksheet,scanner_copy,field_6,1,1,0.0,0.0,0.0,0.0,EXACT_MATCH
2519,DOC-0158,marksheet,scanner_copy,field_7,1,1,0.0,0.0,0.0,0.0,EXACT_MATCH
2520,DOC-0158,marksheet,scanner_copy,field_8,1,1,0.0,0.0,0.0,0.0,EXACT_MATCH
2521,DOC-0158,marksheet,scanner_copy,field_9,1,1,0.0,0.0,0.0,0.0,EXACT_MATCH
2522,DOC-0158,marksheet,scanner_copy,field_10,1,1,0.0,0.0,0.0,0.0,EXACT_MATCH
2523,DOC-0158,marksheet,scanner_copy,field_11,1,1,0.0,0.0,0.0,0.0,EXACT_MATCH
2524,DOC-0158,marksheet,scanner_copy,field_12,1,1,0.0,0.0,0.0,0.0,EXACT_MATCH
2525,DOC-0158,marksheet,scanner_copy,field_13,1,1,0.0,0.0,0.0,0.0,EXACT_MATCH
2526,DOC-0158,marksheet,scanner_copy,field_14,1,1,0.0,0.0,0.0,0.0,EXACT_MATCH
2527,DOC-0158,marksheet,scanner_copy,field_15,1,1,0.0,0.0,0.0,0.0,EXACT_MATCH
2528,DOC-0158,marksheet,scanner_copy,field_16,1,1,0.0,0.0,0.0,0.0,EXACT_MATCH
2529,DOC-0159,student_id,mobile_camera,field_1,1,1,0.0,0.0,0.0,0.0,EXACT_MATCH
2530,DOC-0159,student_id,mobile_camera,field_2,1,1,0.0,0.0,0.0,0.0,EXACT_MATCH
2531,DOC-0159,student_id,mobile_camera,field_3,1,1,0.0,0.0,0.0,0.0,EXACT_MATCH
2532,DOC-0159,student_id,mobile_camera,field_4,1,1,0.0,0.0,0.0,0.0,EXACT_MATCH
2533,DOC-0159,student_id,mobile_camera,field_5,1,1,0.0,0.0,0.0,0.0,EXACT_MATCH
2534,DOC-0159,student_id,mobile_camera,field_6,1,1,0.0,0.0,0.0,0.0,EXACT_MATCH
2535,DOC-0159,student_id,mobile_camera,field_7,1,1,0.0,0.0,0.0,0.0,EXACT_MATCH
2536,DOC-0159,student_id,mobile_camera,field_8,1,1,0.0,0.0,0.0,0.0,EXACT_MATCH
2537,DOC-0159,student_id,mobile_camera,field_9,1,1,0.0,0.0,0.0,0.0,EXACT_MATCH
2538,DOC-0159,student_id,mobile_camera,field_10,1,1,0.0,0.0,0.0,0.0,EXACT_MATCH
2539,DOC-0159,student_id,mobile_camera,field_11,1,1,0.0,0.0,0.0,0.0,EXACT_MATCH
2540,DOC-0159,student_id,mobile_camera,field_12,1,1,0.0,0.0,0.0,0.0,EXACT_MATCH
2541,DOC-0159,student_id,mobile_camera,field_13,1,1,0.0,0.0,0.0,0.0,EXACT_MATCH
2542,DOC-0159,student_id,mobile_camera,field_14,1,1,0.0,0.0,0.0,0.0,EXACT_MATCH
2543,DOC-0159,student_id,mobile_camera,field_15,1,1,0.0,0.0,0.0,0.0,EXACT_MATCH
2544,DOC-0159,student_id,mobile_camera,field_16,1,1,0.0,0.0,0.0,0.0,EXACT_MATCH
2545,DOC-0160,certificate,rotated_90,field_1,1,1,0.0,0.0,0.0,0.0,EXACT_MATCH
2546,DOC-0160,certificate,rotated_90,field_2,1,1,0.0,0.0,0.0,0.0,EXACT_MATCH
2547,DOC-0160,certificate,rotated_90,field_3,1,1,0.0,0.0,0.0,0.0,EXACT_MATCH
2548,DOC-0160,certificate,rotated_90,field_4,1,1,0.0,0.0,0.0,0.0,EXACT_MATCH
2549,DOC-0160,certificate,rotated_90,field_5,1,1,0.0,0.0,0.0,0.0,EXACT_MATCH
2550,DOC-0160,certificate,rotated_90,field_6,1,1,0.0,0.0,0.0,0.0,EXACT_MATCH
2551,DOC-0160,certificate,rotated_90,field_7,1,1,0.0,0.0,0.0,0.0,EXACT_MATCH
2552,DOC-0160,certificate,rotated_90,field_8,1,1,0.0,0.0,0.0,0.0,EXACT_MATCH
2553,DOC-0160,certificate,rotated_90,field_9,1,1,0.0,0.0,0.0,0.0,EXACT_MATCH
2554,DOC-0160,certificate,rotated_90,field_10,1,1,0.0,0.0,0.0,0.0,EXACT_MATCH
2555,DOC-0160,certificate,rotated_90,field_11,1,1,0.0,0.0,0.0,0.0,EXACT_MATCH
2556,DOC-0160,certificate,rotated_90,field_12,1,1,0.0,0.0,0.0,0.0,EXACT_MATCH
2557,DOC-0160,certificate,rotated_90,field_13,1,1,0.0,0.0,0.0,0.0,EXACT_MATCH
2558,DOC-0160,certificate,rotated_90,field_14,1,1,0.0,0.0,0.0,0.0,EXACT_MATCH
2559,DOC-0160,certificate,rotated_90,field_15,1,1,0.0,0.0,0.0,0.0,EXACT_MATCH
2560,DOC-0160,certificate,rotated_90,field_16,1,1,0.0,0.0,0.0,0.0,EXACT_MATCH
2561,DOC-0161,marksheet,clean,field_1,1,1,0.0,0.0,0.0,0.0,EXACT_MATCH
2562,DOC-0161,marksheet,clean,field_2,1,1,0.0,0.0,0.0,0.0,EXACT_MATCH
2563,DOC-0161,marksheet,clean,field_3,1,1,0.0,0.0,0.0,0.0,EXACT_MATCH
2564,DOC-0161,marksheet,clean,field_4,1,1,0.0,0.0,0.0,0.0,EXACT_MATCH
2565,DOC-0161,marksheet,clean,field_5,1,1,0.0,0.0,0.0,0.0,EXACT_MATCH
2566,DOC-0161,marksheet,clean,field_6,1,1,0.0,0.0,0.0,0.0,EXACT_MATCH
2567,DOC-0161,marksheet,clean,field_7,1,1,0.0,0.0,0.0,0.0,EXACT_MATCH
2568,DOC-0161,marksheet,clean,field_8,1,1,0.0,0.0,0.0,0.0,EXACT_MATCH
2569,DOC-0161,marksheet,clean,field_9,1,1,0.0,0.0,0.0,0.0,EXACT_MATCH
2570,DOC-0161,marksheet,clean,field_10,1,1,0.0,0.0,0.0,0.0,EXACT_MATCH
2571,DOC-0161,marksheet,clean,field_11,1,1,0.0,0.0,0.0,0.0,EXACT_MATCH
2572,DOC-0161,marksheet,clean,field_12,1,1,0.0,0.0,0.0,0.0,EXACT_MATCH
2573,DOC-0161,marksheet,clean,field_13,1,1,0.0,0.0,0.0,0.0,EXACT_MATCH
2574,DOC-0161,marksheet,clean,field_14,1,1,0.0,0.0,0.0,0.0,EXACT_MATCH
2575,DOC-0161,marksheet,clean,field_15,1,1,0.0,0.0,0.0,0.0,EXACT_MATCH
2576,DOC-0161,marksheet,clean,field_16,1,1,0.0,0.0,0.0,0.0,EXACT_MATCH
2577,DOC-0162,student_id,scanner_copy,field_1,1,1,0.0,0.0,0.0,0.0,EXACT_MATCH
2578,DOC-0162,student_id,scanner_copy,field_2,1,1,0.0,0.0,0.0,0.0,EXACT_MATCH
2579,DOC-0162,student_id,scanner_copy,field_3,1,1,0.0,0.0,0.0,0.0,EXACT_MATCH
2580,DOC-0162,student_id,scanner_copy,field_4,1,1,0.0,0.0,0.0,0.0,EXACT_MATCH
2581,DOC-0162,student_id,scanner_copy,field_5,1,1,0.0,0.0,0.0,0.0,EXACT_MATCH
2582,DOC-0162,student_id,scanner_copy,field_6,1,1,0.0,0.0,0.0,0.0,EXACT_MATCH
2583,DOC-0162,student_id,scanner_copy,field_7,1,1,0.0,0.0,0.0,0.0,EXACT_MATCH
2584,DOC-0162,student_id,scanner_copy,field_8,1,1,0.0,0.0,0.0,0.0,EXACT_MATCH
2585,DOC-0162,student_id,scanner_copy,field_9,1,1,0.0,0.0,0.0,0.0,EXACT_MATCH
2586,DOC-0162,student_id,scanner_copy,field_10,1,1,0.0,0.0,0.0,0.0,EXACT_MATCH
2587,DOC-0162,student_id,scanner_copy,field_11,1,1,0.0,0.0,0.0,0.0,EXACT_MATCH
2588,DOC-0162,student_id,scanner_copy,field_12,1,1,0.0,0.0,0.0,0.0,EXACT_MATCH
2589,DOC-0162,student_id,scanner_copy,field_13,1,1,0.0,0.0,0.0,0.0,EXACT_MATCH
2590,DOC-0162,student_id,scanner_copy,field_14,1,1,0.0,0.0,0.0,0.0,EXACT_MATCH
2591,DOC-0162,student_id,scanner_copy,field_15,1,1,0.0,0.0,0.0,0.0,EXACT_MATCH
2592,DOC-0162,student_id,scanner_copy,field_16,1,1,0.0,0.0,0.0,0.0,EXACT_MATCH
2593,DOC-0163,certificate,mobile_camera,field_1,1,1,0.0,0.0,0.0,0.0,EXACT_MATCH
2594,DOC-0163,certificate,mobile_camera,field_2,1,1,0.0,0.0,0.0,0.0,EXACT_MATCH
2595,DOC-0163,certificate,mobile_camera,field_3,1,1,0.0,0.0,0.0,0.0,EXACT_MATCH
2596,DOC-0163,certificate,mobile_camera,field_4,1,1,0.0,0.0,0.0,0.0,EXACT_MATCH
2597,DOC-0163,certificate,mobile_camera,field_5,1,1,0.0,0.0,0.0,0.0,EXACT_MATCH
2598,DOC-0163,certificate,mobile_camera,field_6,1,1,0.0,0.0,0.0,0.0,EXACT_MATCH
2599,DOC-0163,certificate,mobile_camera,field_7,1,1,0.0,0.0,0.0,0.0,EXACT_MATCH
2600,DOC-0163,certificate,mobile_camera,field_8,1,1,0.0,0.0,0.0,0.0,EXACT_MATCH
2601,DOC-0163,certificate,mobile_camera,field_9,1,1,0.0,0.0,0.0,0.0,EXACT_MATCH
2602,DOC-0163,certificate,mobile_camera,field_10,1,1,0.0,0.0,0.0,0.0,EXACT_MATCH
2603,DOC-0163,certificate,mobile_camera,field_11,1,1,0.0,0.0,0.0,0.0,EXACT_MATCH
2604,DOC-0163,certificate,mobile_camera,field_12,1,1,0.0,0.0,0.0,0.0,EXACT_MATCH
2605,DOC-0163,certificate,mobile_camera,field_13,1,1,0.0,0.0,0.0,0.0,EXACT_MATCH
2606,DOC-0163,certificate,mobile_camera,field_14,1,1,0.0,0.0,0.0,0.0,EXACT_MATCH
2607,DOC-0163,certificate,mobile_camera,field_15,1,1,0.0,0.0,0.0,0.0,EXACT_MATCH
2608,DOC-0163,certificate,mobile_camera,field_16,1,1,0.0,0.0,0.0,0.0,EXACT_MATCH
2609,DOC-0164,marksheet,rotated_90,field_1,1,1,0.0,0.0,0.0,0.0,EXACT_MATCH
2610,DOC-0164,marksheet,rotated_90,field_2,1,1,0.0,0.0,0.0,0.0,EXACT_MATCH
2611,DOC-0164,marksheet,rotated_90,field_3,1,1,0.0,0.0,0.0,0.0,EXACT_MATCH
2612,DOC-0164,marksheet,rotated_90,field_4,1,1,0.0,0.0,0.0,0.0,EXACT_MATCH
2613,DOC-0164,marksheet,rotated_90,field_5,1,1,0.0,0.0,0.0,0.0,EXACT_MATCH
2614,DOC-0164,marksheet,rotated_90,field_6,1,1,0.0,0.0,0.0,0.0,EXACT_MATCH
2615,DOC-0164,marksheet,rotated_90,field_7,1,1,0.0,0.0,0.0,0.0,EXACT_MATCH
2616,DOC-0164,marksheet,rotated_90,field_8,1,1,0.0,0.0,0.0,0.0,EXACT_MATCH
2617,DOC-0164,marksheet,rotated_90,field_9,1,1,0.0,0.0,0.0,0.0,EXACT_MATCH
2618,DOC-0164,marksheet,rotated_90,field_10,1,1,0.0,0.0,0.0,0.0,EXACT_MATCH
2619,DOC-0164,marksheet,rotated_90,field_11,1,1,0.0,0.0,0.0,0.0,EXACT_MATCH
2620,DOC-0164,marksheet,rotated_90,field_12,1,1,0.0,0.0,0.0,0.0,EXACT_MATCH
2621,DOC-0164,marksheet,rotated_90,field_13,1,1,0.0,0.0,0.0,0.0,EXACT_MATCH
2622,DOC-0164,marksheet,rotated_90,field_14,1,1,0.0,0.0,0.0,0.0,EXACT_MATCH
2623,DOC-0164,marksheet,rotated_90,field_15,1,1,0.0,0.0,0.0,0.0,EXACT_MATCH
2624,DOC-0164,marksheet,rotated_90,field_16,1,1,0.0,0.0,0.0,0.0,EXACT_MATCH
2625,DOC-0165,student_id,clean,field_1,1,1,0.0,0.0,0.0,0.0,EXACT_MATCH
2626,DOC-0165,student_id,clean,field_2,1,1,0.0,0.0,0.0,0.0,EXACT_MATCH
2627,DOC-0165,student_id,clean,field_3,1,1,0.0,0.0,0.0,0.0,EXACT_MATCH
2628,DOC-0165,student_id,clean,field_4,1,1,0.0,0.0,0.0,0.0,EXACT_MATCH
2629,DOC-0165,student_id,clean,field_5,1,1,0.0,0.0,0.0,0.0,EXACT_MATCH
2630,DOC-0165,student_id,clean,field_6,1,1,0.0,0.0,0.0,0.0,EXACT_MATCH
2631,DOC-0165,student_id,clean,field_7,1,1,0.0,0.0,0.0,0.0,EXACT_MATCH
2632,DOC-0165,student_id,clean,field_8,1,1,0.0,0.0,0.0,0.0,EXACT_MATCH
2633,DOC-0165,student_id,clean,field_9,1,1,0.0,0.0,0.0,0.0,EXACT_MATCH
2634,DOC-0165,student_id,clean,field_10,1,1,0.0,0.0,0.0,0.0,EXACT_MATCH
2635,DOC-0165,student_id,clean,field_11,1,1,0.0,0.0,0.0,0.0,EXACT_MATCH
2636,DOC-0165,student_id,clean,field_12,1,1,0.0,0.0,0.0,0.0,EXACT_MATCH
2637,DOC-0165,student_id,clean,field_13,1,1,0.0,0.0,0.0,0.0,EXACT_MATCH
2638,DOC-0165,student_id,clean,field_14,1,1,0.0,0.0,0.0,0.0,EXACT_MATCH
2639,DOC-0165,student_id,clean,field_15,1,1,0.0,0.0,0.0,0.0,EXACT_MATCH
2640,DOC-0165,student_id,clean,field_16,1,1,0.0,0.0,0.0,0.0,EXACT_MATCH
2641,DOC-0166,certificate,scanner_copy,field_1,1,1,0.0,0.0,0.0,0.0,EXACT_MATCH
2642,DOC-0166,certificate,scanner_copy,field_2,1,1,0.0,0.0,0.0,0.0,EXACT_MATCH
2643,DOC-0166,certificate,scanner_copy,field_3,1,1,0.0,0.0,0.0,0.0,EXACT_MATCH
2644,DOC-0166,certificate,scanner_copy,field_4,1,1,0.0,0.0,0.0,0.0,EXACT_MATCH
2645,DOC-0166,certificate,scanner_copy,field_5,1,1,0.0,0.0,0.0,0.0,EXACT_MATCH
2646,DOC-0166,certificate,scanner_copy,field_6,1,1,0.0,0.0,0.0,0.0,EXACT_MATCH
2647,DOC-0166,certificate,scanner_copy,field_7,1,1,0.0,0.0,0.0,0.0,EXACT_MATCH
2648,DOC-0166,certificate,scanner_copy,field_8,1,1,0.0,0.0,0.0,0.0,EXACT_MATCH
2649,DOC-0166,certificate,scanner_copy,field_9,1,1,0.0,0.0,0.0,0.0,EXACT_MATCH
2650,DOC-0166,certificate,scanner_copy,field_10,1,1,0.0,0.0,0.0,0.0,EXACT_MATCH
2651,DOC-0166,certificate,scanner_copy,field_11,1,1,0.0,0.0,0.0,0.0,EXACT_MATCH
2652,DOC-0166,certificate,scanner_copy,field_12,1,1,0.0,0.0,0.0,0.0,EXACT_MATCH
2653,DOC-0166,certificate,scanner_copy,field_13,1,1,0.0,0.0,0.0,0.0,EXACT_MATCH
2654,DOC-0166,certificate,scanner_copy,field_14,1,1,0.0,0.0,0.0,0.0,EXACT_MATCH
2655,DOC-0166,certificate,scanner_copy,field_15,1,1,0.0,0.0,0.0,0.0,EXACT_MATCH
2656,DOC-0166,certificate,scanner_copy,field_16,1,1,0.0,0.0,0.0,0.0,EXACT_MATCH
2657,DOC-0167,marksheet,mobile_camera,field_1,1,1,0.0,0.0,0.0,0.0,EXACT_MATCH
2658,DOC-0167,marksheet,mobile_camera,field_2,1,1,0.0,0.0,0.0,0.0,EXACT_MATCH
2659,DOC-0167,marksheet,mobile_camera,field_3,1,1,0.0,0.0,0.0,0.0,EXACT_MATCH
2660,DOC-0167,marksheet,mobile_camera,field_4,1,1,0.0,0.0,0.0,0.0,EXACT_MATCH
2661,DOC-0167,marksheet,mobile_camera,field_5,1,1,0.0,0.0,0.0,0.0,EXACT_MATCH
2662,DOC-0167,marksheet,mobile_camera,field_6,1,1,0.0,0.0,0.0,0.0,EXACT_MATCH
2663,DOC-0167,marksheet,mobile_camera,field_7,1,1,0.0,0.0,0.0,0.0,EXACT_MATCH
2664,DOC-0167,marksheet,mobile_camera,field_8,1,1,0.0,0.0,0.0,0.0,EXACT_MATCH
2665,DOC-0167,marksheet,mobile_camera,field_9,1,1,0.0,0.0,0.0,0.0,EXACT_MATCH
2666,DOC-0167,marksheet,mobile_camera,field_10,1,1,0.0,0.0,0.0,0.0,EXACT_MATCH
2667,DOC-0167,marksheet,mobile_camera,field_11,1,1,0.0,0.0,0.0,0.0,EXACT_MATCH
2668,DOC-0167,marksheet,mobile_camera,field_12,1,1,0.0,0.0,0.0,0.0,EXACT_MATCH
2669,DOC-0167,marksheet,mobile_camera,field_13,1,1,0.0,0.0,0.0,0.0,EXACT_MATCH
2670,DOC-0167,marksheet,mobile_camera,field_14,1,1,0.0,0.0,0.0,0.0,EXACT_MATCH
2671,DOC-0167,marksheet,mobile_camera,field_15,1,1,0.0,0.0,0.0,0.0,EXACT_MATCH
2672,DOC-0167,marksheet,mobile_camera,field_16,1,1,0.0,0.0,0.0,0.0,EXACT_MATCH
2673,DOC-0168,student_id,rotated_90,field_1,1,1,0.0,0.0,0.0,0.0,EXACT_MATCH
2674,DOC-0168,student_id,rotated_90,field_2,1,1,0.0,0.0,0.0,0.0,EXACT_MATCH
2675,DOC-0168,student_id,rotated_90,field_3,1,1,0.0,0.0,0.0,0.0,EXACT_MATCH
2676,DOC-0168,student_id,rotated_90,field_4,1,1,0.0,0.0,0.0,0.0,EXACT_MATCH
2677,DOC-0168,student_id,rotated_90,field_5,1,1,0.0,0.0,0.0,0.0,EXACT_MATCH
2678,DOC-0168,student_id,rotated_90,field_6,1,1,0.0,0.0,0.0,0.0,EXACT_MATCH
2679,DOC-0168,student_id,rotated_90,field_7,1,1,0.0,0.0,0.0,0.0,EXACT_MATCH
2680,DOC-0168,student_id,rotated_90,field_8,1,1,0.0,0.0,0.0,0.0,EXACT_MATCH
2681,DOC-0168,student_id,rotated_90,field_9,1,1,0.0,0.0,0.0,0.0,EXACT_MATCH
2682,DOC-0168,student_id,rotated_90,field_10,1,1,0.0,0.0,0.0,0.0,EXACT_MATCH
2683,DOC-0168,student_id,rotated_90,field_11,1,1,0.0,0.0,0.0,0.0,EXACT_MATCH
2684,DOC-0168,student_id,rotated_90,field_12,1,1,0.0,0.0,0.0,0.0,EXACT_MATCH
2685,DOC-0168,student_id,rotated_90,field_13,1,1,0.0,0.0,0.0,0.0,EXACT_MATCH
2686,DOC-0168,student_id,rotated_90,field_14,1,1,0.0,0.0,0.0,0.0,EXACT_MATCH
2687,DOC-0168,student_id,rotated_90,field_15,1,1,0.0,0.0,0.0,0.0,EXACT_MATCH
2688,DOC-0168,student_id,rotated_90,field_16,1,1,0.0,0.0,0.0,0.0,EXACT_MATCH
2689,DOC-0169,certificate,clean,field_1,1,1,0.0,0.0,0.0,0.0,EXACT_MATCH
2690,DOC-0169,certificate,clean,field_2,1,1,0.0,0.0,0.0,0.0,EXACT_MATCH
2691,DOC-0169,certificate,clean,field_3,1,1,0.0,0.0,0.0,0.0,EXACT_MATCH
2692,DOC-0169,certificate,clean,field_4,1,1,0.0,0.0,0.0,0.0,EXACT_MATCH
2693,DOC-0169,certificate,clean,field_5,1,1,0.0,0.0,0.0,0.0,EXACT_MATCH
2694,DOC-0169,certificate,clean,field_6,1,1,0.0,0.0,0.0,0.0,EXACT_MATCH
2695,DOC-0169,certificate,clean,field_7,1,1,0.0,0.0,0.0,0.0,EXACT_MATCH
2696,DOC-0169,certificate,clean,field_8,1,1,0.0,0.0,0.0,0.0,EXACT_MATCH
2697,DOC-0169,certificate,clean,field_9,1,1,0.0,0.0,0.0,0.0,EXACT_MATCH
2698,DOC-0169,certificate,clean,field_10,1,1,0.0,0.0,0.0,0.0,EXACT_MATCH
2699,DOC-0169,certificate,clean,field_11,1,1,0.0,0.0,0.0,0.0,EXACT_MATCH
2700,DOC-0169,certificate,clean,field_12,1,1,0.0,0.0,0.0,0.0,EXACT_MATCH
2701,DOC-0169,certificate,clean,field_13,1,1,0.0,0.0,0.0,0.0,EXACT_MATCH
2702,DOC-0169,certificate,clean,field_14,1,1,0.0,0.0,0.0,0.0,EXACT_MATCH
2703,DOC-0169,certificate,clean,field_15,1,1,0.0,0.0,0.0,0.0,EXACT_MATCH
2704,DOC-0169,certificate,clean,field_16,1,1,0.0,0.0,0.0,0.0,EXACT_MATCH
2705,DOC-0170,marksheet,scanner_copy,field_1,1,1,0.0,0.0,0.0,0.0,EXACT_MATCH
2706,DOC-0170,marksheet,scanner_copy,field_2,1,1,0.0,0.0,0.0,0.0,EXACT_MATCH
2707,DOC-0170,marksheet,scanner_copy,field_3,1,1,0.0,0.0,0.0,0.0,EXACT_MATCH
2708,DOC-0170,marksheet,scanner_copy,field_4,1,1,0.0,0.0,0.0,0.0,EXACT_MATCH
2709,DOC-0170,marksheet,scanner_copy,field_5,1,1,0.0,0.0,0.0,0.0,EXACT_MATCH
2710,DOC-0170,marksheet,scanner_copy,field_6,1,1,0.0,0.0,0.0,0.0,EXACT_MATCH
2711,DOC-0170,marksheet,scanner_copy,field_7,1,1,0.0,0.0,0.0,0.0,EXACT_MATCH
2712,DOC-0170,marksheet,scanner_copy,field_8,1,1,0.0,0.0,0.0,0.0,EXACT_MATCH
2713,DOC-0170,marksheet,scanner_copy,field_9,1,1,0.0,0.0,0.0,0.0,EXACT_MATCH
2714,DOC-0170,marksheet,scanner_copy,field_10,1,1,0.0,0.0,0.0,0.0,EXACT_MATCH
2715,DOC-0170,marksheet,scanner_copy,field_11,1,1,0.0,0.0,0.0,0.0,EXACT_MATCH
2716,DOC-0170,marksheet,scanner_copy,field_12,1,1,0.0,0.0,0.0,0.0,EXACT_MATCH
2717,DOC-0170,marksheet,scanner_copy,field_13,1,1,0.0,0.0,0.0,0.0,EXACT_MATCH
2718,DOC-0170,marksheet,scanner_copy,field_14,1,1,0.0,0.0,0.0,0.0,EXACT_MATCH
2719,DOC-0170,marksheet,scanner_copy,field_15,1,1,0.0,0.0,0.0,0.0,EXACT_MATCH
2720,DOC-0170,marksheet,scanner_copy,field_16,1,1,0.0,0.0,0.0,0.0,EXACT_MATCH
2721,DOC-0171,student_id,mobile_camera,field_1,1,1,0.0,0.0,0.0,0.0,EXACT_MATCH
2722,DOC-0171,student_id,mobile_camera,field_2,1,1,0.0,0.0,0.0,0.0,EXACT_MATCH
2723,DOC-0171,student_id,mobile_camera,field_3,1,1,0.0,0.0,0.0,0.0,EXACT_MATCH
2724,DOC-0171,student_id,mobile_camera,field_4,1,1,0.0,0.0,0.0,0.0,EXACT_MATCH
2725,DOC-0171,student_id,mobile_camera,field_5,1,1,0.0,0.0,0.0,0.0,EXACT_MATCH
2726,DOC-0171,student_id,mobile_camera,field_6,1,1,0.0,0.0,0.0,0.0,EXACT_MATCH
2727,DOC-0171,student_id,mobile_camera,field_7,1,1,0.0,0.0,0.0,0.0,EXACT_MATCH
2728,DOC-0171,student_id,mobile_camera,field_8,1,1,0.0,0.0,0.0,0.0,EXACT_MATCH
2729,DOC-0171,student_id,mobile_camera,field_9,1,1,0.0,0.0,0.0,0.0,EXACT_MATCH
2730,DOC-0171,student_id,mobile_camera,field_10,1,1,0.0,0.0,0.0,0.0,EXACT_MATCH
2731,DOC-0171,student_id,mobile_camera,field_11,1,1,0.0,0.0,0.0,0.0,EXACT_MATCH
2732,DOC-0171,student_id,mobile_camera,field_12,1,1,0.0,0.0,0.0,0.0,EXACT_MATCH
2733,DOC-0171,student_id,mobile_camera,field_13,1,1,0.0,0.0,0.0,0.0,EXACT_MATCH
2734,DOC-0171,student_id,mobile_camera,field_14,1,1,0.0,0.0,0.0,0.0,EXACT_MATCH
2735,DOC-0171,student_id,mobile_camera,field_15,1,1,0.0,0.0,0.0,0.0,EXACT_MATCH
2736,DOC-0171,student_id,mobile_camera,field_16,1,1,0.0,0.0,0.0,0.0,EXACT_MATCH
2737,DOC-0172,certificate,rotated_90,field_1,1,1,0.0,0.0,0.0,0.0,EXACT_MATCH
2738,DOC-0172,certificate,rotated_90,field_2,1,1,0.0,0.0,0.0,0.0,EXACT_MATCH
2739,DOC-0172,certificate,rotated_90,field_3,1,1,0.0,0.0,0.0,0.0,EXACT_MATCH
2740,DOC-0172,certificate,rotated_90,field_4,1,1,0.0,0.0,0.0,0.0,EXACT_MATCH
2741,DOC-0172,certificate,rotated_90,field_5,1,1,0.0,0.0,0.0,0.0,EXACT_MATCH
2742,DOC-0172,certificate,rotated_90,field_6,1,1,0.0,0.0,0.0,0.0,EXACT_MATCH
2743,DOC-0172,certificate,rotated_90,field_7,1,1,0.0,0.0,0.0,0.0,EXACT_MATCH
2744,DOC-0172,certificate,rotated_90,field_8,1,1,0.0,0.0,0.0,0.0,EXACT_MATCH
2745,DOC-0172,certificate,rotated_90,field_9,1,1,0.0,0.0,0.0,0.0,EXACT_MATCH
2746,DOC-0172,certificate,rotated_90,field_10,1,1,0.0,0.0,0.0,0.0,EXACT_MATCH
2747,DOC-0172,certificate,rotated_90,field_11,1,1,0.0,0.0,0.0,0.0,EXACT_MATCH
2748,DOC-0172,certificate,rotated_90,field_12,1,1,0.0,0.0,0.0,0.0,EXACT_MATCH
2749,DOC-0172,certificate,rotated_90,field_13,1,1,0.0,0.0,0.0,0.0,EXACT_MATCH
2750,DOC-0172,certificate,rotated_90,field_14,1,1,0.0,0.0,0.0,0.0,EXACT_MATCH
2751,DOC-0172,certificate,rotated_90,field_15,1,1,0.0,0.0,0.0,0.0,EXACT_MATCH
2752,DOC-0172,certificate,rotated_90,field_16,1,1,0.0,0.0,0.0,0.0,EXACT_MATCH
2753,DOC-0173,marksheet,clean,field_1,1,1,0.0,0.0,0.0,0.0,EXACT_MATCH
2754,DOC-0173,marksheet,clean,field_2,1,1,0.0,0.0,0.0,0.0,EXACT_MATCH
2755,DOC-0173,marksheet,clean,field_3,1,1,0.0,0.0,0.0,0.0,EXACT_MATCH
2756,DOC-0173,marksheet,clean,field_4,1,1,0.0,0.0,0.0,0.0,EXACT_MATCH
2757,DOC-0173,marksheet,clean,field_5,1,1,0.0,0.0,0.0,0.0,EXACT_MATCH
2758,DOC-0173,marksheet,clean,field_6,1,1,0.0,0.0,0.0,0.0,EXACT_MATCH
2759,DOC-0173,marksheet,clean,field_7,1,1,0.0,0.0,0.0,0.0,EXACT_MATCH
2760,DOC-0173,marksheet,clean,field_8,1,1,0.0,0.0,0.0,0.0,EXACT_MATCH
2761,DOC-0173,marksheet,clean,field_9,1,1,0.0,0.0,0.0,0.0,EXACT_MATCH
2762,DOC-0173,marksheet,clean,field_10,1,1,0.0,0.0,0.0,0.0,EXACT_MATCH
2763,DOC-0173,marksheet,clean,field_11,1,1,0.0,0.0,0.0,0.0,EXACT_MATCH
2764,DOC-0173,marksheet,clean,field_12,1,1,0.0,0.0,0.0,0.0,EXACT_MATCH
2765,DOC-0173,marksheet,clean,field_13,1,1,0.0,0.0,0.0,0.0,EXACT_MATCH
2766,DOC-0173,marksheet,clean,field_14,1,1,0.0,0.0,0.0,0.0,EXACT_MATCH
2767,DOC-0173,marksheet,clean,field_15,1,1,0.0,0.0,0.0,0.0,EXACT_MATCH
2768,DOC-0173,marksheet,clean,field_16,1,1,0.0,0.0,0.0,0.0,EXACT_MATCH
2769,DOC-0174,student_id,scanner_copy,field_1,1,1,0.0,0.0,0.0,0.0,EXACT_MATCH
2770,DOC-0174,student_id,scanner_copy,field_2,1,1,0.0,0.0,0.0,0.0,EXACT_MATCH
2771,DOC-0174,student_id,scanner_copy,field_3,1,1,0.0,0.0,0.0,0.0,EXACT_MATCH
2772,DOC-0174,student_id,scanner_copy,field_4,1,1,0.0,0.0,0.0,0.0,EXACT_MATCH
2773,DOC-0174,student_id,scanner_copy,field_5,1,1,0.0,0.0,0.0,0.0,EXACT_MATCH
2774,DOC-0174,student_id,scanner_copy,field_6,1,1,0.0,0.0,0.0,0.0,EXACT_MATCH
2775,DOC-0174,student_id,scanner_copy,field_7,1,1,0.0,0.0,0.0,0.0,EXACT_MATCH
2776,DOC-0174,student_id,scanner_copy,field_8,1,1,0.0,0.0,0.0,0.0,EXACT_MATCH
2777,DOC-0174,student_id,scanner_copy,field_9,1,1,0.0,0.0,0.0,0.0,EXACT_MATCH
2778,DOC-0174,student_id,scanner_copy,field_10,1,1,0.0,0.0,0.0,0.0,EXACT_MATCH
2779,DOC-0174,student_id,scanner_copy,field_11,1,1,0.0,0.0,0.0,0.0,EXACT_MATCH
2780,DOC-0174,student_id,scanner_copy,field_12,1,1,0.0,0.0,0.0,0.0,EXACT_MATCH
2781,DOC-0174,student_id,scanner_copy,field_13,1,1,0.0,0.0,0.0,0.0,EXACT_MATCH
2782,DOC-0174,student_id,scanner_copy,field_14,1,1,0.0,0.0,0.0,0.0,EXACT_MATCH
2783,DOC-0174,student_id,scanner_copy,field_15,1,1,0.0,0.0,0.0,0.0,EXACT_MATCH
2784,DOC-0174,student_id,scanner_copy,field_16,1,1,0.0,0.0,0.0,0.0,EXACT_MATCH
2785,DOC-0175,certificate,mobile_camera,field_1,1,1,0.0,0.0,0.0,0.0,EXACT_MATCH
2786,DOC-0175,certificate,mobile_camera,field_2,1,1,0.0,0.0,0.0,0.0,EXACT_MATCH
2787,DOC-0175,certificate,mobile_camera,field_3,1,1,0.0,0.0,0.0,0.0,EXACT_MATCH
2788,DOC-0175,certificate,mobile_camera,field_4,1,1,0.0,0.0,0.0,0.0,EXACT_MATCH
2789,DOC-0175,certificate,mobile_camera,field_5,1,1,0.0,0.0,0.0,0.0,EXACT_MATCH
2790,DOC-0175,certificate,mobile_camera,field_6,1,1,0.0,0.0,0.0,0.0,EXACT_MATCH
2791,DOC-0175,certificate,mobile_camera,field_7,1,1,0.0,0.0,0.0,0.0,EXACT_MATCH
2792,DOC-0175,certificate,mobile_camera,field_8,1,1,0.0,0.0,0.0,0.0,EXACT_MATCH
2793,DOC-0175,certificate,mobile_camera,field_9,1,1,0.0,0.0,0.0,0.0,EXACT_MATCH
2794,DOC-0175,certificate,mobile_camera,field_10,1,1,0.0,0.0,0.0,0.0,EXACT_MATCH
2795,DOC-0175,certificate,mobile_camera,field_11,1,1,0.0,0.0,0.0,0.0,EXACT_MATCH
2796,DOC-0175,certificate,mobile_camera,field_12,1,1,0.0,0.0,0.0,0.0,EXACT_MATCH
2797,DOC-0175,certificate,mobile_camera,field_13,1,1,0.0,0.0,0.0,0.0,EXACT_MATCH
2798,DOC-0175,certificate,mobile_camera,field_14,1,1,0.0,0.0,0.0,0.0,EXACT_MATCH
2799,DOC-0175,certificate,mobile_camera,field_15,1,1,0.0,0.0,0.0,0.0,EXACT_MATCH
2800,DOC-0175,certificate,mobile_camera,field_16,1,1,0.0,0.0,0.0,0.0,EXACT_MATCH
2801,DOC-0176,marksheet,rotated_90,field_1,1,1,0.0,0.0,0.0,0.0,EXACT_MATCH
2802,DOC-0176,marksheet,rotated_90,field_2,1,1,0.0,0.0,0.0,0.0,EXACT_MATCH
2803,DOC-0176,marksheet,rotated_90,field_3,1,1,0.0,0.0,0.0,0.0,EXACT_MATCH
2804,DOC-0176,marksheet,rotated_90,field_4,1,1,0.0,0.0,0.0,0.0,EXACT_MATCH
2805,DOC-0176,marksheet,rotated_90,field_5,1,1,0.0,0.0,0.0,0.0,EXACT_MATCH
2806,DOC-0176,marksheet,rotated_90,field_6,1,1,0.0,0.0,0.0,0.0,EXACT_MATCH
2807,DOC-0176,marksheet,rotated_90,field_7,1,1,0.0,0.0,0.0,0.0,EXACT_MATCH
2808,DOC-0176,marksheet,rotated_90,field_8,1,1,0.0,0.0,0.0,0.0,EXACT_MATCH
2809,DOC-0176,marksheet,rotated_90,field_9,1,1,0.0,0.0,0.0,0.0,EXACT_MATCH
2810,DOC-0176,marksheet,rotated_90,field_10,1,1,0.0,0.0,0.0,0.0,EXACT_MATCH
2811,DOC-0176,marksheet,rotated_90,field_11,1,1,0.0,0.0,0.0,0.0,EXACT_MATCH
2812,DOC-0176,marksheet,rotated_90,field_12,1,1,0.0,0.0,0.0,0.0,EXACT_MATCH
2813,DOC-0176,marksheet,rotated_90,field_13,1,1,0.0,0.0,0.0,0.0,EXACT_MATCH
2814,DOC-0176,marksheet,rotated_90,field_14,1,1,0.0,0.0,0.0,0.0,EXACT_MATCH
2815,DOC-0176,marksheet,rotated_90,field_15,1,1,0.0,0.0,0.0,0.0,EXACT_MATCH
2816,DOC-0176,marksheet,rotated_90,field_16,1,1,0.0,0.0,0.0,0.0,EXACT_MATCH
2817,DOC-0177,student_id,clean,field_1,1,1,0.0,0.0,0.0,0.0,EXACT_MATCH
2818,DOC-0177,student_id,clean,field_2,1,1,0.0,0.0,0.0,0.0,EXACT_MATCH
2819,DOC-0177,student_id,clean,field_3,1,1,0.0,0.0,0.0,0.0,EXACT_MATCH
2820,DOC-0177,student_id,clean,field_4,1,1,0.0,0.0,0.0,0.0,EXACT_MATCH
2821,DOC-0177,student_id,clean,field_5,1,1,0.0,0.0,0.0,0.0,EXACT_MATCH
2822,DOC-0177,student_id,clean,field_6,1,1,0.0,0.0,0.0,0.0,EXACT_MATCH
2823,DOC-0177,student_id,clean,field_7,1,1,0.0,0.0,0.0,0.0,EXACT_MATCH
2824,DOC-0177,student_id,clean,field_8,1,1,0.0,0.0,0.0,0.0,EXACT_MATCH
2825,DOC-0177,student_id,clean,field_9,1,1,0.0,0.0,0.0,0.0,EXACT_MATCH
2826,DOC-0177,student_id,clean,field_10,1,1,0.0,0.0,0.0,0.0,EXACT_MATCH
2827,DOC-0177,student_id,clean,field_11,1,1,0.0,0.0,0.0,0.0,EXACT_MATCH
2828,DOC-0177,student_id,clean,field_12,1,1,0.0,0.0,0.0,0.0,EXACT_MATCH
2829,DOC-0177,student_id,clean,field_13,1,1,0.0,0.0,0.0,0.0,EXACT_MATCH
2830,DOC-0177,student_id,clean,field_14,1,1,0.0,0.0,0.0,0.0,EXACT_MATCH
2831,DOC-0177,student_id,clean,field_15,1,1,0.0,0.0,0.0,0.0,EXACT_MATCH
2832,DOC-0177,student_id,clean,field_16,1,1,0.0,0.0,0.0,0.0,EXACT_MATCH
2833,DOC-0178,certificate,scanner_copy,field_1,1,1,0.0,0.0,0.0,0.0,EXACT_MATCH
2834,DOC-0178,certificate,scanner_copy,field_2,1,1,0.0,0.0,0.0,0.0,EXACT_MATCH
2835,DOC-0178,certificate,scanner_copy,field_3,1,1,0.0,0.0,0.0,0.0,EXACT_MATCH
2836,DOC-0178,certificate,scanner_copy,field_4,1,1,0.0,0.0,0.0,0.0,EXACT_MATCH
2837,DOC-0178,certificate,scanner_copy,field_5,1,1,0.0,0.0,0.0,0.0,EXACT_MATCH
2838,DOC-0178,certificate,scanner_copy,field_6,1,1,0.0,0.0,0.0,0.0,EXACT_MATCH
2839,DOC-0178,certificate,scanner_copy,field_7,1,1,0.0,0.0,0.0,0.0,EXACT_MATCH
2840,DOC-0178,certificate,scanner_copy,field_8,1,1,0.0,0.0,0.0,0.0,EXACT_MATCH
2841,DOC-0178,certificate,scanner_copy,field_9,1,1,0.0,0.0,0.0,0.0,EXACT_MATCH
2842,DOC-0178,certificate,scanner_copy,field_10,1,1,0.0,0.0,0.0,0.0,EXACT_MATCH
2843,DOC-0178,certificate,scanner_copy,field_11,1,1,0.0,0.0,0.0,0.0,EXACT_MATCH
2844,DOC-0178,certificate,scanner_copy,field_12,1,1,0.0,0.0,0.0,0.0,EXACT_MATCH
2845,DOC-0178,certificate,scanner_copy,field_13,1,1,0.0,0.0,0.0,0.0,EXACT_MATCH
2846,DOC-0178,certificate,scanner_copy,field_14,1,1,0.0,0.0,0.0,0.0,EXACT_MATCH
2847,DOC-0178,certificate,scanner_copy,field_15,1,1,0.0,0.0,0.0,0.0,EXACT_MATCH
2848,DOC-0178,certificate,scanner_copy,field_16,1,1,0.0,0.0,0.0,0.0,EXACT_MATCH
2849,DOC-0179,marksheet,mobile_camera,field_1,1,1,0.0,0.0,0.0,0.0,EXACT_MATCH
2850,DOC-0179,marksheet,mobile_camera,field_2,1,1,0.0,0.0,0.0,0.0,EXACT_MATCH
2851,DOC-0179,marksheet,mobile_camera,field_3,1,1,0.0,0.0,0.0,0.0,EXACT_MATCH
2852,DOC-0179,marksheet,mobile_camera,field_4,1,1,0.0,0.0,0.0,0.0,EXACT_MATCH
2853,DOC-0179,marksheet,mobile_camera,field_5,1,1,0.0,0.0,0.0,0.0,EXACT_MATCH
2854,DOC-0179,marksheet,mobile_camera,field_6,1,1,0.0,0.0,0.0,0.0,EXACT_MATCH
2855,DOC-0179,marksheet,mobile_camera,field_7,1,1,0.0,0.0,0.0,0.0,EXACT_MATCH
2856,DOC-0179,marksheet,mobile_camera,field_8,1,1,0.0,0.0,0.0,0.0,EXACT_MATCH
2857,DOC-0179,marksheet,mobile_camera,field_9,1,1,0.0,0.0,0.0,0.0,EXACT_MATCH
2858,DOC-0179,marksheet,mobile_camera,field_10,1,1,0.0,0.0,0.0,0.0,EXACT_MATCH
2859,DOC-0179,marksheet,mobile_camera,field_11,1,1,0.0,0.0,0.0,0.0,EXACT_MATCH
2860,DOC-0179,marksheet,mobile_camera,field_12,1,1,0.0,0.0,0.0,0.0,EXACT_MATCH
2861,DOC-0179,marksheet,mobile_camera,field_13,1,1,0.0,0.0,0.0,0.0,EXACT_MATCH
2862,DOC-0179,marksheet,mobile_camera,field_14,1,1,0.0,0.0,0.0,0.0,EXACT_MATCH
2863,DOC-0179,marksheet,mobile_camera,field_15,1,1,0.0,0.0,0.0,0.0,EXACT_MATCH
2864,DOC-0179,marksheet,mobile_camera,field_16,1,1,0.0,0.0,0.0,0.0,EXACT_MATCH
2865,DOC-0180,student_id,rotated_90,field_1,1,1,0.0,0.0,0.0,0.0,EXACT_MATCH
2866,DOC-0180,student_id,rotated_90,field_2,1,1,0.0,0.0,0.0,0.0,EXACT_MATCH
2867,DOC-0180,student_id,rotated_90,field_3,1,1,0.0,0.0,0.0,0.0,EXACT_MATCH
2868,DOC-0180,student_id,rotated_90,field_4,1,1,0.0,0.0,0.0,0.0,EXACT_MATCH
2869,DOC-0180,student_id,rotated_90,field_5,1,1,0.0,0.0,0.0,0.0,EXACT_MATCH
2870,DOC-0180,student_id,rotated_90,field_6,1,1,0.0,0.0,0.0,0.0,EXACT_MATCH
2871,DOC-0180,student_id,rotated_90,field_7,1,1,0.0,0.0,0.0,0.0,EXACT_MATCH
2872,DOC-0180,student_id,rotated_90,field_8,1,1,0.0,0.0,0.0,0.0,EXACT_MATCH
2873,DOC-0180,student_id,rotated_90,field_9,1,1,0.0,0.0,0.0,0.0,EXACT_MATCH
2874,DOC-0180,student_id,rotated_90,field_10,1,1,0.0,0.0,0.0,0.0,EXACT_MATCH
2875,DOC-0180,student_id,rotated_90,field_11,1,1,0.0,0.0,0.0,0.0,EXACT_MATCH
2876,DOC-0180,student_id,rotated_90,field_12,1,1,0.0,0.0,0.0,0.0,EXACT_MATCH
2877,DOC-0180,student_id,rotated_90,field_13,1,1,0.0,0.0,0.0,0.0,EXACT_MATCH
2878,DOC-0180,student_id,rotated_90,field_14,1,1,0.0,0.0,0.0,0.0,EXACT_MATCH
2879,DOC-0180,student_id,rotated_90,field_15,1,1,0.0,0.0,0.0,0.0,EXACT_MATCH
2880,DOC-0180,student_id,rotated_90,field_16,1,1,0.0,0.0,0.0,0.0,EXACT_MATCH
2881,DOC-0181,certificate,clean,field_1,0,1,0.3185,0.0,3.3521,0.0,FORMAT_ERROR
2882,DOC-0181,certificate,clean,field_2,0,1,0.4794,0.0,2.296,0.0,FORMAT_ERROR
2883,DOC-0181,certificate,clean,field_3,0,1,0.2202,0.0,0.968,0.0,FORMAT_ERROR
2884,DOC-0181,certificate,clean,field_4,0,1,0.1761,0.0,3.0985,0.0,FORMAT_ERROR
2885,DOC-0181,certificate,clean,field_5,0,1,0.4205,0.0,2.6242,0.0,FORMAT_ERROR
2886,DOC-0181,certificate,clean,field_6,0,1,0.1593,0.0,3.4097,0.0,FORMAT_ERROR
2887,DOC-0181,certificate,clean,field_7,0,1,0.5246,0.0,1.137,0.0,FORMAT_ERROR
2888,DOC-0181,certificate,clean,field_8,0,1,0.2318,0.0,1.0502,0.0,FORMAT_ERROR
2889,DOC-0181,certificate,clean,field_9,0,1,0.2869,0.0,2.0743,0.0,FORMAT_ERROR
2890,DOC-0181,certificate,clean,field_10,0,1,0.3444,0.0,1.3737,0.0,FORMAT_ERROR
2891,DOC-0181,certificate,clean,field_11,0,1,0.4253,0.0,0.9185,0.0,FORMAT_ERROR
2892,DOC-0181,certificate,clean,field_12,0,1,0.2815,0.0,1.5991,0.0,FORMAT_ERROR
2893,DOC-0181,certificate,clean,field_13,0,1,0.3552,0.0,2.8555,0.0,FORMAT_ERROR
2894,DOC-0181,certificate,clean,field_14,0,1,0.2399,0.0,2.0427,0.0,FORMAT_ERROR
2895,DOC-0181,certificate,clean,field_15,0,1,0.4166,0.0,0.6394,0.0,FORMAT_ERROR
2896,DOC-0181,certificate,clean,field_16,0,1,0.4234,0.0,1.0116,0.0,FORMAT_ERROR
2897,DOC-0182,marksheet,scanner_copy,field_1,0,1,0.1793,0.0,3.3467,0.0,FORMAT_ERROR
2898,DOC-0182,marksheet,scanner_copy,field_2,0,1,0.5845,0.0,2.9252,0.0,FORMAT_ERROR
2899,DOC-0182,marksheet,scanner_copy,field_3,0,1,0.2871,0.0,0.793,0.0,FORMAT_ERROR
2900,DOC-0182,marksheet,scanner_copy,field_4,0,1,0.4579,0.0,1.8205,0.0,FORMAT_ERROR
2901,DOC-0182,marksheet,scanner_copy,field_5,0,1,0.2049,0.0,1.9855,0.0,FORMAT_ERROR
2902,DOC-0182,marksheet,scanner_copy,field_6,0,1,0.1655,0.0,3.228,0.0,FORMAT_ERROR
2903,DOC-0182,marksheet,scanner_copy,field_7,0,1,0.2665,0.0,2.4876,0.0,FORMAT_ERROR
2904,DOC-0182,marksheet,scanner_copy,field_8,0,1,0.2903,0.0,2.0602,0.0,FORMAT_ERROR
2905,DOC-0182,marksheet,scanner_copy,field_9,0,1,0.396,0.0,1.0546,0.0,FORMAT_ERROR
2906,DOC-0182,marksheet,scanner_copy,field_10,0,1,0.5863,0.0,2.8254,0.0,FORMAT_ERROR
2907,DOC-0182,marksheet,scanner_copy,field_11,0,1,0.5728,0.0,3.1845,0.0,FORMAT_ERROR
2908,DOC-0182,marksheet,scanner_copy,field_12,0,1,0.4191,0.0,3.2656,0.0,FORMAT_ERROR
2909,DOC-0182,marksheet,scanner_copy,field_13,0,1,0.1898,0.0,1.0879,0.0,FORMAT_ERROR
2910,DOC-0182,marksheet,scanner_copy,field_14,0,1,0.1704,0.0,1.476,0.0,FORMAT_ERROR
2911,DOC-0182,marksheet,scanner_copy,field_15,0,1,0.3249,0.0,1.314,0.0,FORMAT_ERROR
2912,DOC-0182,marksheet,scanner_copy,field_16,0,1,0.5229,0.0,1.5703,0.0,FORMAT_ERROR
2913,DOC-0183,student_id,mobile_camera,field_1,0,1,0.2764,0.0,2.1281,0.0,FORMAT_ERROR
2914,DOC-0183,student_id,mobile_camera,field_2,0,1,0.2134,0.0,2.9066,0.0,FORMAT_ERROR
2915,DOC-0183,student_id,mobile_camera,field_3,0,1,0.1835,0.0,3.4607,0.0,FORMAT_ERROR
2916,DOC-0183,student_id,mobile_camera,field_4,0,1,0.4975,0.0,1.0961,0.0,FORMAT_ERROR
2917,DOC-0183,student_id,mobile_camera,field_5,0,1,0.1525,0.0,2.9464,0.0,FORMAT_ERROR
2918,DOC-0183,student_id,mobile_camera,field_6,0,1,0.4681,0.0,2.687,0.0,FORMAT_ERROR
2919,DOC-0183,student_id,mobile_camera,field_7,0,1,0.4971,0.0,0.7221,0.0,FORMAT_ERROR
2920,DOC-0183,student_id,mobile_camera,field_8,0,1,0.3113,0.0,0.8476,0.0,FORMAT_ERROR
2921,DOC-0183,student_id,mobile_camera,field_9,0,1,0.5384,0.0,2.3699,0.0,FORMAT_ERROR
2922,DOC-0183,student_id,mobile_camera,field_10,0,1,0.2989,0.0,0.6907,0.0,FORMAT_ERROR
2923,DOC-0183,student_id,mobile_camera,field_11,0,1,0.2899,0.0,1.4755,0.0,FORMAT_ERROR
2924,DOC-0183,student_id,mobile_camera,field_12,0,1,0.4783,0.0,2.4127,0.0,FORMAT_ERROR
2925,DOC-0183,student_id,mobile_camera,field_13,0,1,0.5492,0.0,1.9166,0.0,FORMAT_ERROR
2926,DOC-0183,student_id,mobile_camera,field_14,0,1,0.2038,0.0,2.6397,0.0,FORMAT_ERROR
2927,DOC-0183,student_id,mobile_camera,field_15,0,1,0.4924,0.0,2.1838,0.0,FORMAT_ERROR
2928,DOC-0183,student_id,mobile_camera,field_16,0,1,0.4969,0.0,1.9814,0.0,FORMAT_ERROR
2929,DOC-0184,certificate,rotated_90,field_1,0,1,0.3852,0.0,1.7826,0.0,FORMAT_ERROR
2930,DOC-0184,certificate,rotated_90,field_2,0,1,0.1614,0.0,0.8237,0.0,FORMAT_ERROR
2931,DOC-0184,certificate,rotated_90,field_3,0,1,0.1641,0.0,2.4092,0.0,FORMAT_ERROR
2932,DOC-0184,certificate,rotated_90,field_4,0,1,0.2915,0.0,2.0257,0.0,FORMAT_ERROR
2933,DOC-0184,certificate,rotated_90,field_5,0,1,0.5584,0.0,1.2479,0.0,FORMAT_ERROR
2934,DOC-0184,certificate,rotated_90,field_6,0,1,0.3347,0.0,2.7667,0.0,FORMAT_ERROR
2935,DOC-0184,certificate,rotated_90,field_7,0,1,0.253,0.0,0.7309,0.0,FORMAT_ERROR
2936,DOC-0184,certificate,rotated_90,field_8,0,1,0.2804,0.0,0.9837,0.0,FORMAT_ERROR
2937,DOC-0184,certificate,rotated_90,field_9,0,1,0.5684,0.0,2.9244,0.0,FORMAT_ERROR
2938,DOC-0184,certificate,rotated_90,field_10,0,1,0.435,0.0,3.1144,0.0,FORMAT_ERROR
2939,DOC-0184,certificate,rotated_90,field_11,0,1,0.5117,0.0,1.0597,0.0,FORMAT_ERROR
2940,DOC-0184,certificate,rotated_90,field_12,0,1,0.5517,0.0,2.118,0.0,FORMAT_ERROR
2941,DOC-0184,certificate,rotated_90,field_13,0,1,0.5133,0.0,3.1883,0.0,FORMAT_ERROR
2942,DOC-0184,certificate,rotated_90,field_14,0,1,0.2931,0.0,0.8302,0.0,FORMAT_ERROR
2943,DOC-0184,certificate,rotated_90,field_15,0,1,0.2526,0.0,1.7813,0.0,FORMAT_ERROR
2944,DOC-0184,certificate,rotated_90,field_16,0,1,0.5181,0.0,3.0822,0.0,FORMAT_ERROR
2945,DOC-0185,marksheet,clean,field_1,0,1,0.1531,0.0,2.0322,0.0,FORMAT_ERROR
2946,DOC-0185,marksheet,clean,field_2,0,1,0.3378,0.0,1.1663,0.0,FORMAT_ERROR
2947,DOC-0185,marksheet,clean,field_3,0,1,0.2039,0.0,1.5128,0.0,FORMAT_ERROR
2948,DOC-0185,marksheet,clean,field_4,0,1,0.5743,0.0,1.4696,0.0,FORMAT_ERROR
2949,DOC-0185,marksheet,clean,field_5,0,1,0.3835,0.0,2.6091,0.0,FORMAT_ERROR
2950,DOC-0185,marksheet,clean,field_6,0,1,0.3136,0.0,3.4153,0.0,FORMAT_ERROR
2951,DOC-0185,marksheet,clean,field_7,0,1,0.5831,0.0,1.2553,0.0,FORMAT_ERROR
2952,DOC-0185,marksheet,clean,field_8,0,1,0.3738,0.0,1.4026,0.0,FORMAT_ERROR
2953,DOC-0185,marksheet,clean,field_9,0,1,0.2782,0.0,0.6107,0.0,FORMAT_ERROR
2954,DOC-0185,marksheet,clean,field_10,0,1,0.4243,0.0,2.008,0.0,FORMAT_ERROR
2955,DOC-0185,marksheet,clean,field_11,0,1,0.1732,0.0,1.3359,0.0,FORMAT_ERROR
2956,DOC-0185,marksheet,clean,field_12,0,1,0.5587,0.0,1.2187,0.0,FORMAT_ERROR
2957,DOC-0185,marksheet,clean,field_13,0,1,0.2152,0.0,1.9684,0.0,FORMAT_ERROR
2958,DOC-0185,marksheet,clean,field_14,0,1,0.5935,0.0,1.2262,0.0,FORMAT_ERROR
2959,DOC-0185,marksheet,clean,field_15,0,1,0.4525,0.0,2.7849,0.0,FORMAT_ERROR
2960,DOC-0185,marksheet,clean,field_16,0,1,0.2569,0.0,2.6846,0.0,FORMAT_ERROR
2961,DOC-0186,student_id,scanner_copy,field_1,0,1,0.3155,0.0,2.3969,0.0,FORMAT_ERROR
2962,DOC-0186,student_id,scanner_copy,field_2,0,1,0.4351,0.0,2.1073,0.0,FORMAT_ERROR
2963,DOC-0186,student_id,scanner_copy,field_3,0,1,0.1906,0.0,3.0059,0.0,FORMAT_ERROR
2964,DOC-0186,student_id,scanner_copy,field_4,0,1,0.2944,0.0,1.0596,0.0,FORMAT_ERROR
2965,DOC-0186,student_id,scanner_copy,field_5,0,1,0.1683,0.0,2.2727,0.0,FORMAT_ERROR
2966,DOC-0186,student_id,scanner_copy,field_6,0,1,0.4549,0.0,0.5498,0.0,FORMAT_ERROR
2967,DOC-0186,student_id,scanner_copy,field_7,0,1,0.3804,0.0,1.1795,0.0,FORMAT_ERROR
2968,DOC-0186,student_id,scanner_copy,field_8,0,1,0.4403,0.0,1.0231,0.0,FORMAT_ERROR
2969,DOC-0186,student_id,scanner_copy,field_9,0,1,0.4609,0.0,1.6602,0.0,FORMAT_ERROR
2970,DOC-0186,student_id,scanner_copy,field_10,0,1,0.5715,0.0,0.9126,0.0,FORMAT_ERROR
2971,DOC-0186,student_id,scanner_copy,field_11,0,1,0.3035,0.0,0.8404,0.0,FORMAT_ERROR
2972,DOC-0186,student_id,scanner_copy,field_12,0,1,0.5661,0.0,3.132,0.0,FORMAT_ERROR
2973,DOC-0186,student_id,scanner_copy,field_13,0,1,0.2661,0.0,2.48,0.0,FORMAT_ERROR
2974,DOC-0186,student_id,scanner_copy,field_14,0,1,0.5177,0.0,2.1656,0.0,FORMAT_ERROR
2975,DOC-0186,student_id,scanner_copy,field_15,0,1,0.3883,0.0,1.2256,0.0,FORMAT_ERROR
2976,DOC-0186,student_id,scanner_copy,field_16,0,1,0.1919,0.0,3.1916,0.0,FORMAT_ERROR
2977,DOC-0187,certificate,mobile_camera,field_1,0,1,0.5552,0.0,2.3993,0.0,FORMAT_ERROR
2978,DOC-0187,certificate,mobile_camera,field_2,0,1,0.3026,0.0,1.5476,0.0,FORMAT_ERROR
2979,DOC-0187,certificate,mobile_camera,field_3,0,1,0.4767,0.0,3.1913,0.0,FORMAT_ERROR
2980,DOC-0187,certificate,mobile_camera,field_4,0,1,0.5492,0.0,2.8396,0.0,FORMAT_ERROR
2981,DOC-0187,certificate,mobile_camera,field_5,0,1,0.4389,0.0,0.7524,0.0,FORMAT_ERROR
2982,DOC-0187,certificate,mobile_camera,field_6,0,1,0.2227,0.0,3.1957,0.0,FORMAT_ERROR
2983,DOC-0187,certificate,mobile_camera,field_7,0,1,0.4229,0.0,0.5276,0.0,FORMAT_ERROR
2984,DOC-0187,certificate,mobile_camera,field_8,0,1,0.1957,0.0,2.4905,0.0,FORMAT_ERROR
2985,DOC-0187,certificate,mobile_camera,field_9,0,1,0.1523,0.0,0.9824,0.0,FORMAT_ERROR
2986,DOC-0187,certificate,mobile_camera,field_10,0,1,0.3969,0.0,2.5757,0.0,FORMAT_ERROR
2987,DOC-0187,certificate,mobile_camera,field_11,0,1,0.4434,0.0,1.1728,0.0,FORMAT_ERROR
2988,DOC-0187,certificate,mobile_camera,field_12,0,1,0.4705,0.0,1.2117,0.0,FORMAT_ERROR
2989,DOC-0187,certificate,mobile_camera,field_13,0,1,0.2964,0.0,2.7395,0.0,FORMAT_ERROR
2990,DOC-0187,certificate,mobile_camera,field_14,0,1,0.4423,0.0,3.0477,0.0,FORMAT_ERROR
2991,DOC-0187,certificate,mobile_camera,field_15,0,1,0.4459,0.0,2.2049,0.0,FORMAT_ERROR
2992,DOC-0187,certificate,mobile_camera,field_16,0,1,0.1922,0.0,1.6031,0.0,FORMAT_ERROR
2993,DOC-0188,marksheet,rotated_90,field_1,0,1,0.2693,0.0,1.232,0.0,FORMAT_ERROR
2994,DOC-0188,marksheet,rotated_90,field_2,0,1,0.5879,0.0,1.6793,0.0,FORMAT_ERROR
2995,DOC-0188,marksheet,rotated_90,field_3,0,1,0.5514,0.0,2.3934,0.0,FORMAT_ERROR
2996,DOC-0188,marksheet,rotated_90,field_4,0,1,0.5077,0.0,2.0079,0.0,FORMAT_ERROR
2997,DOC-0188,marksheet,rotated_90,field_5,0,1,0.4096,0.0,1.9776,0.0,FORMAT_ERROR
2998,DOC-0188,marksheet,rotated_90,field_6,0,1,0.2379,0.0,2.6674,0.0,FORMAT_ERROR
2999,DOC-0188,marksheet,rotated_90,field_7,0,1,0.2763,0.0,0.5729,0.0,FORMAT_ERROR
3000,DOC-0188,marksheet,rotated_90,field_8,0,1,0.4405,0.0,1.0313,0.0,FORMAT_ERROR
3001,DOC-0188,marksheet,rotated_90,field_9,0,1,0.5732,0.0,3.3618,0.0,FORMAT_ERROR
3002,DOC-0188,marksheet,rotated_90,field_10,0,1,0.5617,0.0,1.6105,0.0,FORMAT_ERROR
3003,DOC-0188,marksheet,rotated_90,field_11,0,1,0.157,0.0,3.285,0.0,FORMAT_ERROR
3004,DOC-0188,marksheet,rotated_90,field_12,0,1,0.3427,0.0,3.4,0.0,FORMAT_ERROR
3005,DOC-0188,marksheet,rotated_90,field_13,0,1,0.5836,0.0,3.059,0.0,FORMAT_ERROR
3006,DOC-0188,marksheet,rotated_90,field_14,0,1,0.2825,0.0,1.6553,0.0,FORMAT_ERROR
3007,DOC-0188,marksheet,rotated_90,field_15,0,1,0.533,0.0,1.4508,0.0,FORMAT_ERROR
3008,DOC-0188,marksheet,rotated_90,field_16,0,1,0.2263,0.0,2.1704,0.0,FORMAT_ERROR
3009,DOC-0189,student_id,clean,field_1,0,1,0.5713,0.0,2.5881,0.0,FORMAT_ERROR
3010,DOC-0189,student_id,clean,field_2,0,1,0.4065,0.0,0.7915,0.0,FORMAT_ERROR
3011,DOC-0189,student_id,clean,field_3,0,1,0.4268,0.0,3.4702,0.0,FORMAT_ERROR
3012,DOC-0189,student_id,clean,field_4,0,1,0.213,0.0,2.055,0.0,FORMAT_ERROR
3013,DOC-0189,student_id,clean,field_5,0,1,0.5448,0.0,2.7223,0.0,FORMAT_ERROR
3014,DOC-0189,student_id,clean,field_6,0,1,0.4637,0.0,2.6075,0.0,FORMAT_ERROR
3015,DOC-0189,student_id,clean,field_7,0,1,0.3118,0.0,1.3808,0.0,FORMAT_ERROR
3016,DOC-0189,student_id,clean,field_8,0,1,0.5142,0.0,2.9303,0.0,FORMAT_ERROR
3017,DOC-0189,student_id,clean,field_9,0,1,0.5402,0.0,3.2397,0.0,FORMAT_ERROR
3018,DOC-0189,student_id,clean,field_10,0,1,0.3801,0.0,2.0045,0.0,FORMAT_ERROR
3019,DOC-0189,student_id,clean,field_11,0,1,0.5092,0.0,2.4499,0.0,FORMAT_ERROR
3020,DOC-0189,student_id,clean,field_12,0,1,0.4659,0.0,2.8874,0.0,FORMAT_ERROR
3021,DOC-0189,student_id,clean,field_13,0,1,0.5505,0.0,1.514,0.0,FORMAT_ERROR
3022,DOC-0189,student_id,clean,field_14,0,1,0.319,0.0,0.7819,0.0,FORMAT_ERROR
3023,DOC-0189,student_id,clean,field_15,0,1,0.4102,0.0,0.6078,0.0,FORMAT_ERROR
3024,DOC-0189,student_id,clean,field_16,0,1,0.3595,0.0,2.1279,0.0,FORMAT_ERROR
3025,DOC-0190,certificate,scanner_copy,field_1,0,1,0.2789,0.0,2.2725,0.0,FORMAT_ERROR
3026,DOC-0190,certificate,scanner_copy,field_2,0,1,0.1637,0.0,0.612,0.0,FORMAT_ERROR
3027,DOC-0190,certificate,scanner_copy,field_3,0,1,0.5202,0.0,1.5806,0.0,FORMAT_ERROR
3028,DOC-0190,certificate,scanner_copy,field_4,0,1,0.2072,0.0,2.0667,0.0,FORMAT_ERROR
3029,DOC-0190,certificate,scanner_copy,field_5,0,1,0.4965,0.0,1.1475,0.0,FORMAT_ERROR
3030,DOC-0190,certificate,scanner_copy,field_6,0,1,0.4303,0.0,0.756,0.0,FORMAT_ERROR
3031,DOC-0190,certificate,scanner_copy,field_7,0,1,0.1733,0.0,2.0941,0.0,FORMAT_ERROR
3032,DOC-0190,certificate,scanner_copy,field_8,0,1,0.3933,0.0,2.4123,0.0,FORMAT_ERROR
3033,DOC-0190,certificate,scanner_copy,field_9,0,1,0.4767,0.0,3.4276,0.0,FORMAT_ERROR
3034,DOC-0190,certificate,scanner_copy,field_10,0,1,0.3823,0.0,1.4689,0.0,FORMAT_ERROR
3035,DOC-0190,certificate,scanner_copy,field_11,0,1,0.5078,0.0,1.3125,0.0,FORMAT_ERROR
3036,DOC-0190,certificate,scanner_copy,field_12,0,1,0.3475,0.0,0.7354,0.0,FORMAT_ERROR
3037,DOC-0190,certificate,scanner_copy,field_13,0,1,0.1614,0.0,3.3879,0.0,FORMAT_ERROR
3038,DOC-0190,certificate,scanner_copy,field_14,0,1,0.5262,0.0,2.5879,0.0,FORMAT_ERROR
3039,DOC-0190,certificate,scanner_copy,field_15,0,1,0.334,0.0,1.0199,0.0,FORMAT_ERROR
3040,DOC-0190,certificate,scanner_copy,field_16,0,1,0.2204,0.0,1.2507,0.0,FORMAT_ERROR
3041,DOC-0191,marksheet,mobile_camera,field_1,0,1,0.3972,0.0,2.6438,0.0,FORMAT_ERROR
3042,DOC-0191,marksheet,mobile_camera,field_2,0,1,0.4471,0.0,1.3398,0.0,FORMAT_ERROR
3043,DOC-0191,marksheet,mobile_camera,field_3,0,1,0.5797,0.0,2.7137,0.0,FORMAT_ERROR
3044,DOC-0191,marksheet,mobile_camera,field_4,0,1,0.3995,0.0,2.3352,0.0,FORMAT_ERROR
3045,DOC-0191,marksheet,mobile_camera,field_5,0,1,0.3388,0.0,1.2432,0.0,FORMAT_ERROR
3046,DOC-0191,marksheet,mobile_camera,field_6,0,1,0.3102,0.0,2.7735,0.0,FORMAT_ERROR
3047,DOC-0191,marksheet,mobile_camera,field_7,0,1,0.1565,0.0,0.8482,0.0,FORMAT_ERROR
3048,DOC-0191,marksheet,mobile_camera,field_8,0,1,0.1707,0.0,0.6222,0.0,FORMAT_ERROR
3049,DOC-0191,marksheet,mobile_camera,field_9,0,1,0.535,0.0,2.611,0.0,FORMAT_ERROR
3050,DOC-0191,marksheet,mobile_camera,field_10,0,1,0.3634,0.0,0.7935,0.0,FORMAT_ERROR
3051,DOC-0191,marksheet,mobile_camera,field_11,0,1,0.3712,0.0,1.9204,0.0,FORMAT_ERROR
3052,DOC-0191,marksheet,mobile_camera,field_12,0,1,0.2279,0.0,1.8016,0.0,FORMAT_ERROR
3053,DOC-0191,marksheet,mobile_camera,field_13,0,1,0.3293,0.0,2.3476,0.0,FORMAT_ERROR
3054,DOC-0191,marksheet,mobile_camera,field_14,0,1,0.4358,0.0,0.6359,0.0,FORMAT_ERROR
3055,DOC-0191,marksheet,mobile_camera,field_15,0,1,0.3186,0.0,2.3776,0.0,FORMAT_ERROR
3056,DOC-0191,marksheet,mobile_camera,field_16,0,1,0.3764,0.0,3.0695,0.0,FORMAT_ERROR
3057,DOC-0192,student_id,rotated_90,field_1,0,1,0.4464,0.0,0.9888,0.0,FORMAT_ERROR
3058,DOC-0192,student_id,rotated_90,field_2,0,1,0.1818,0.0,2.4273,0.0,FORMAT_ERROR
3059,DOC-0192,student_id,rotated_90,field_3,0,1,0.1619,0.0,2.2573,0.0,FORMAT_ERROR
3060,DOC-0192,student_id,rotated_90,field_4,0,1,0.5731,0.0,2.2264,0.0,FORMAT_ERROR
3061,DOC-0192,student_id,rotated_90,field_5,0,1,0.3247,0.0,2.4299,0.0,FORMAT_ERROR
3062,DOC-0192,student_id,rotated_90,field_6,0,1,0.3562,0.0,2.1369,0.0,FORMAT_ERROR
3063,DOC-0192,student_id,rotated_90,field_7,0,1,0.5737,0.0,1.6583,0.0,FORMAT_ERROR
3064,DOC-0192,student_id,rotated_90,field_8,0,1,0.5825,0.0,3.2161,0.0,FORMAT_ERROR
3065,DOC-0192,student_id,rotated_90,field_9,0,1,0.2381,0.0,0.7081,0.0,FORMAT_ERROR
3066,DOC-0192,student_id,rotated_90,field_10,0,1,0.1954,0.0,0.5547,0.0,FORMAT_ERROR
3067,DOC-0192,student_id,rotated_90,field_11,0,1,0.1925,0.0,2.549,0.0,FORMAT_ERROR
3068,DOC-0192,student_id,rotated_90,field_12,0,1,0.182,0.0,1.4569,0.0,FORMAT_ERROR
3069,DOC-0192,student_id,rotated_90,field_13,0,1,0.5302,0.0,0.5698,0.0,FORMAT_ERROR
3070,DOC-0192,student_id,rotated_90,field_14,0,1,0.5165,0.0,1.3456,0.0,FORMAT_ERROR
3071,DOC-0192,student_id,rotated_90,field_15,0,1,0.2032,0.0,2.5902,0.0,FORMAT_ERROR
3072,DOC-0192,student_id,rotated_90,field_16,0,1,0.433,0.0,3.1324,0.0,FORMAT_ERROR
3073,DOC-0193,certificate,clean,field_1,0,1,0.4808,0.0,2.9104,0.0,FORMAT_ERROR
3074,DOC-0193,certificate,clean,field_2,0,1,0.2769,0.0,1.0323,0.0,FORMAT_ERROR
3075,DOC-0193,certificate,clean,field_3,0,1,0.4878,0.0,2.9205,0.0,FORMAT_ERROR
3076,DOC-0193,certificate,clean,field_4,0,1,0.5957,0.0,1.7379,0.0,FORMAT_ERROR
3077,DOC-0193,certificate,clean,field_5,0,1,0.3174,0.0,2.8292,0.0,FORMAT_ERROR
3078,DOC-0193,certificate,clean,field_6,0,1,0.3034,0.0,3.2923,0.0,FORMAT_ERROR
3079,DOC-0193,certificate,clean,field_7,0,1,0.5363,0.0,1.787,0.0,FORMAT_ERROR
3080,DOC-0193,certificate,clean,field_8,0,1,0.4879,0.0,2.7636,0.0,FORMAT_ERROR
3081,DOC-0193,certificate,clean,field_9,0,1,0.1964,0.0,3.2077,0.0,FORMAT_ERROR
3082,DOC-0193,certificate,clean,field_10,0,1,0.3774,0.0,2.9794,0.0,FORMAT_ERROR
3083,DOC-0193,certificate,clean,field_11,0,1,0.294,0.0,3.1866,0.0,FORMAT_ERROR
3084,DOC-0193,certificate,clean,field_12,0,1,0.3251,0.0,0.5325,0.0,FORMAT_ERROR
3085,DOC-0193,certificate,clean,field_13,0,1,0.5574,0.0,0.7739,0.0,FORMAT_ERROR
3086,DOC-0193,certificate,clean,field_14,0,1,0.2937,0.0,3.3502,0.0,FORMAT_ERROR
3087,DOC-0193,certificate,clean,field_15,0,1,0.5778,0.0,2.2203,0.0,FORMAT_ERROR
3088,DOC-0193,certificate,clean,field_16,0,1,0.4343,0.0,1.8453,0.0,FORMAT_ERROR
3089,DOC-0194,marksheet,scanner_copy,field_1,0,1,0.2819,0.0,1.486,0.0,FORMAT_ERROR
3090,DOC-0194,marksheet,scanner_copy,field_2,0,1,0.4526,0.0,2.7571,0.0,FORMAT_ERROR
3091,DOC-0194,marksheet,scanner_copy,field_3,0,1,0.5062,0.0,2.8689,0.0,FORMAT_ERROR
3092,DOC-0194,marksheet,scanner_copy,field_4,0,1,0.191,0.0,1.9833,0.0,FORMAT_ERROR
3093,DOC-0194,marksheet,scanner_copy,field_5,0,1,0.1759,0.0,2.1486,0.0,FORMAT_ERROR
3094,DOC-0194,marksheet,scanner_copy,field_6,0,1,0.3487,0.0,3.1631,0.0,FORMAT_ERROR
3095,DOC-0194,marksheet,scanner_copy,field_7,0,1,0.3079,0.0,0.8512,0.0,FORMAT_ERROR
3096,DOC-0194,marksheet,scanner_copy,field_8,0,1,0.2143,0.0,2.7845,0.0,FORMAT_ERROR
3097,DOC-0194,marksheet,scanner_copy,field_9,0,1,0.4282,0.0,0.8034,0.0,FORMAT_ERROR
3098,DOC-0194,marksheet,scanner_copy,field_10,0,1,0.1878,0.0,2.6029,0.0,FORMAT_ERROR
3099,DOC-0194,marksheet,scanner_copy,field_11,0,1,0.1827,0.0,2.9656,0.0,FORMAT_ERROR
3100,DOC-0194,marksheet,scanner_copy,field_12,0,1,0.4678,0.0,0.744,0.0,FORMAT_ERROR
3101,DOC-0194,marksheet,scanner_copy,field_13,0,1,0.1882,0.0,3.4599,0.0,FORMAT_ERROR
3102,DOC-0194,marksheet,scanner_copy,field_14,0,1,0.3184,0.0,1.6119,0.0,FORMAT_ERROR
3103,DOC-0194,marksheet,scanner_copy,field_15,0,1,0.5158,0.0,3.3417,0.0,FORMAT_ERROR
3104,DOC-0194,marksheet,scanner_copy,field_16,0,1,0.5937,0.0,2.7601,0.0,FORMAT_ERROR
3105,DOC-0195,student_id,mobile_camera,field_1,0,1,0.3193,0.0,0.7505,0.0,FORMAT_ERROR
3106,DOC-0195,student_id,mobile_camera,field_2,0,1,0.4997,0.0,2.1752,0.0,FORMAT_ERROR
3107,DOC-0195,student_id,mobile_camera,field_3,0,1,0.3409,0.0,3.2191,0.0,FORMAT_ERROR
3108,DOC-0195,student_id,mobile_camera,field_4,0,1,0.2,0.0,1.9779,0.0,FORMAT_ERROR
3109,DOC-0195,student_id,mobile_camera,field_5,0,1,0.1551,0.0,1.906,0.0,FORMAT_ERROR
3110,DOC-0195,student_id,mobile_camera,field_6,0,1,0.1753,0.0,0.8565,0.0,FORMAT_ERROR
3111,DOC-0195,student_id,mobile_camera,field_7,0,1,0.2029,0.0,2.4476,0.0,FORMAT_ERROR
3112,DOC-0195,student_id,mobile_camera,field_8,0,1,0.4857,0.0,2.2501,0.0,FORMAT_ERROR
3113,DOC-0195,student_id,mobile_camera,field_9,0,1,0.583,0.0,1.6246,0.0,FORMAT_ERROR
3114,DOC-0195,student_id,mobile_camera,field_10,0,1,0.2786,0.0,3.1058,0.0,FORMAT_ERROR
3115,DOC-0195,student_id,mobile_camera,field_11,0,1,0.2506,0.0,3.3897,0.0,FORMAT_ERROR
3116,DOC-0195,student_id,mobile_camera,field_12,0,1,0.1555,0.0,3.4096,0.0,FORMAT_ERROR
3117,DOC-0195,student_id,mobile_camera,field_13,0,1,0.1694,0.0,3.1734,0.0,FORMAT_ERROR
3118,DOC-0195,student_id,mobile_camera,field_14,0,1,0.3875,0.0,3.4789,0.0,FORMAT_ERROR
3119,DOC-0195,student_id,mobile_camera,field_15,0,1,0.1832,0.0,2.1616,0.0,FORMAT_ERROR
3120,DOC-0195,student_id,mobile_camera,field_16,0,1,0.5862,0.0,2.0693,0.0,FORMAT_ERROR
3121,DOC-0196,certificate,rotated_90,field_1,0,1,0.4332,0.0,2.5872,0.0,FORMAT_ERROR
3122,DOC-0196,certificate,rotated_90,field_2,0,1,0.3545,0.0,2.3827,0.0,FORMAT_ERROR
3123,DOC-0196,certificate,rotated_90,field_3,0,1,0.4129,0.0,3.2035,0.0,FORMAT_ERROR
3124,DOC-0196,certificate,rotated_90,field_4,0,1,0.1705,0.0,1.3429,0.0,FORMAT_ERROR
3125,DOC-0196,certificate,rotated_90,field_5,0,1,0.5777,0.0,3.1708,0.0,FORMAT_ERROR
3126,DOC-0196,certificate,rotated_90,field_6,0,1,0.355,0.0,2.3604,0.0,FORMAT_ERROR
3127,DOC-0196,certificate,rotated_90,field_7,0,1,0.2748,0.0,1.0644,0.0,FORMAT_ERROR
3128,DOC-0196,certificate,rotated_90,field_8,0,1,0.3587,0.0,1.5601,0.0,FORMAT_ERROR
3129,DOC-0196,certificate,rotated_90,field_9,0,1,0.4126,0.0,0.7332,0.0,FORMAT_ERROR
3130,DOC-0196,certificate,rotated_90,field_10,0,1,0.5885,0.0,3.4586,0.0,FORMAT_ERROR
3131,DOC-0196,certificate,rotated_90,field_11,0,1,0.4642,0.0,2.1083,0.0,FORMAT_ERROR
3132,DOC-0196,certificate,rotated_90,field_12,0,1,0.2893,0.0,2.9414,0.0,FORMAT_ERROR
3133,DOC-0196,certificate,rotated_90,field_13,0,1,0.4581,0.0,0.9879,0.0,FORMAT_ERROR
3134,DOC-0196,certificate,rotated_90,field_14,0,1,0.5599,0.0,2.9676,0.0,FORMAT_ERROR
3135,DOC-0196,certificate,rotated_90,field_15,0,1,0.5774,0.0,2.6772,0.0,FORMAT_ERROR
3136,DOC-0196,certificate,rotated_90,field_16,0,1,0.426,0.0,1.7547,0.0,FORMAT_ERROR
3137,DOC-0197,marksheet,clean,field_1,0,1,0.5697,0.0,3.0982,0.0,FORMAT_ERROR
3138,DOC-0197,marksheet,clean,field_2,0,1,0.1703,0.0,0.5791,0.0,FORMAT_ERROR
3139,DOC-0197,marksheet,clean,field_3,0,1,0.3194,0.0,2.9317,0.0,FORMAT_ERROR
3140,DOC-0197,marksheet,clean,field_4,0,1,0.5943,0.0,0.9513,0.0,FORMAT_ERROR
3141,DOC-0197,marksheet,clean,field_5,0,1,0.4174,0.0,1.6427,0.0,FORMAT_ERROR
3142,DOC-0197,marksheet,clean,field_6,0,1,0.5865,0.0,3.0264,0.0,FORMAT_ERROR
3143,DOC-0197,marksheet,clean,field_7,0,1,0.5272,0.0,1.9061,0.0,FORMAT_ERROR
3144,DOC-0197,marksheet,clean,field_8,0,1,0.3367,0.0,1.3202,0.0,FORMAT_ERROR
3145,DOC-0197,marksheet,clean,field_9,0,1,0.1754,0.0,3.0942,0.0,FORMAT_ERROR
3146,DOC-0197,marksheet,clean,field_10,0,1,0.5158,0.0,3.4992,0.0,FORMAT_ERROR
3147,DOC-0197,marksheet,clean,field_11,0,1,0.5985,0.0,2.1663,0.0,FORMAT_ERROR
3148,DOC-0197,marksheet,clean,field_12,0,1,0.496,0.0,3.3343,0.0,FORMAT_ERROR
3149,DOC-0197,marksheet,clean,field_13,0,1,0.5323,0.0,1.242,0.0,FORMAT_ERROR
3150,DOC-0197,marksheet,clean,field_14,0,1,0.3527,0.0,0.8875,0.0,FORMAT_ERROR
3151,DOC-0197,marksheet,clean,field_15,0,1,0.5793,0.0,2.3185,0.0,FORMAT_ERROR
3152,DOC-0197,marksheet,clean,field_16,0,1,0.2529,0.0,2.5151,0.0,FORMAT_ERROR
3153,DOC-0198,student_id,scanner_copy,field_1,0,1,0.4282,0.0,1.5745,0.0,FORMAT_ERROR
3154,DOC-0198,student_id,scanner_copy,field_2,0,1,0.2011,0.0,2.5147,0.0,FORMAT_ERROR
3155,DOC-0198,student_id,scanner_copy,field_3,0,1,0.3841,0.0,2.817,0.0,FORMAT_ERROR
3156,DOC-0198,student_id,scanner_copy,field_4,0,1,0.3841,0.0,3.0565,0.0,FORMAT_ERROR
3157,DOC-0198,student_id,scanner_copy,field_5,0,1,0.3984,0.0,2.1828,0.0,FORMAT_ERROR
3158,DOC-0198,student_id,scanner_copy,field_6,0,1,0.5445,0.0,1.7104,0.0,FORMAT_ERROR
3159,DOC-0198,student_id,scanner_copy,field_7,0,1,0.2103,0.0,0.5863,0.0,FORMAT_ERROR
3160,DOC-0198,student_id,scanner_copy,field_8,0,1,0.4898,0.0,2.3609,0.0,FORMAT_ERROR
3161,DOC-0198,student_id,scanner_copy,field_9,0,1,0.4668,0.0,1.1389,0.0,FORMAT_ERROR
3162,DOC-0198,student_id,scanner_copy,field_10,0,1,0.2114,0.0,0.5436,0.0,FORMAT_ERROR
3163,DOC-0198,student_id,scanner_copy,field_11,0,1,0.3078,0.0,2.2698,0.0,FORMAT_ERROR
3164,DOC-0198,student_id,scanner_copy,field_12,0,1,0.3265,0.0,1.8124,0.0,FORMAT_ERROR
3165,DOC-0198,student_id,scanner_copy,field_13,0,1,0.5569,0.0,1.5448,0.0,FORMAT_ERROR
3166,DOC-0198,student_id,scanner_copy,field_14,0,1,0.3813,0.0,2.851,0.0,FORMAT_ERROR
3167,DOC-0198,student_id,scanner_copy,field_15,0,1,0.3284,0.0,2.3663,0.0,FORMAT_ERROR
3168,DOC-0198,student_id,scanner_copy,field_16,0,1,0.5381,0.0,3.3486,0.0,FORMAT_ERROR
3169,DOC-0199,certificate,mobile_camera,field_1,0,1,0.2162,0.0,3.2798,0.0,FORMAT_ERROR
3170,DOC-0199,certificate,mobile_camera,field_2,0,1,0.3715,0.0,1.2747,0.0,FORMAT_ERROR
3171,DOC-0199,certificate,mobile_camera,field_3,0,1,0.3566,0.0,3.4401,0.0,FORMAT_ERROR
3172,DOC-0199,certificate,mobile_camera,field_4,0,1,0.3717,0.0,1.4863,0.0,FORMAT_ERROR
3173,DOC-0199,certificate,mobile_camera,field_5,0,1,0.435,0.0,1.2204,0.0,FORMAT_ERROR
3174,DOC-0199,certificate,mobile_camera,field_6,0,1,0.1841,0.0,0.8866,0.0,FORMAT_ERROR
3175,DOC-0199,certificate,mobile_camera,field_7,0,1,0.2076,0.0,0.9557,0.0,FORMAT_ERROR
3176,DOC-0199,certificate,mobile_camera,field_8,0,1,0.2125,0.0,2.4226,0.0,FORMAT_ERROR
3177,DOC-0199,certificate,mobile_camera,field_9,0,1,0.2318,0.0,1.537,0.0,FORMAT_ERROR
3178,DOC-0199,certificate,mobile_camera,field_10,0,1,0.5536,0.0,1.9219,0.0,FORMAT_ERROR
3179,DOC-0199,certificate,mobile_camera,field_11,0,1,0.4504,0.0,1.017,0.0,FORMAT_ERROR
3180,DOC-0199,certificate,mobile_camera,field_12,0,1,0.2365,0.0,0.6226,0.0,FORMAT_ERROR
3181,DOC-0199,certificate,mobile_camera,field_13,0,1,0.226,0.0,1.3358,0.0,FORMAT_ERROR
3182,DOC-0199,certificate,mobile_camera,field_14,0,1,0.2297,0.0,0.7661,0.0,FORMAT_ERROR
3183,DOC-0199,certificate,mobile_camera,field_15,0,1,0.2043,0.0,1.8823,0.0,FORMAT_ERROR
3184,DOC-0199,certificate,mobile_camera,field_16,0,1,0.2429,0.0,1.5928,0.0,FORMAT_ERROR
3185,DOC-0200,marksheet,rotated_90,field_1,0,1,0.3765,0.0,2.5712,0.0,FORMAT_ERROR
3186,DOC-0200,marksheet,rotated_90,field_2,0,1,0.1677,0.0,2.8982,0.0,FORMAT_ERROR
3187,DOC-0200,marksheet,rotated_90,field_3,0,1,0.4326,0.0,0.7453,0.0,FORMAT_ERROR
3188,DOC-0200,marksheet,rotated_90,field_4,0,1,0.5431,0.0,3.2626,0.0,FORMAT_ERROR
3189,DOC-0200,marksheet,rotated_90,field_5,0,1,0.1775,0.0,1.3306,0.0,FORMAT_ERROR
3190,DOC-0200,marksheet,rotated_90,field_6,0,1,0.5128,0.0,2.7448,0.0,FORMAT_ERROR
3191,DOC-0200,marksheet,rotated_90,field_7,0,1,0.233,0.0,1.128,0.0,FORMAT_ERROR
3192,DOC-0200,marksheet,rotated_90,field_8,0,1,0.3167,0.0,1.9536,0.0,FORMAT_ERROR
3193,DOC-0200,marksheet,rotated_90,field_9,0,1,0.4282,0.0,1.6067,0.0,FORMAT_ERROR
3194,DOC-0200,marksheet,rotated_90,field_10,0,1,0.3581,0.0,2.7424,0.0,FORMAT_ERROR
3195,DOC-0200,marksheet,rotated_90,field_11,0,1,0.1665,0.0,1.2573,0.0,FORMAT_ERROR
3196,DOC-0200,marksheet,rotated_90,field_12,0,1,0.471,0.0,3.1856,0.0,FORMAT_ERROR
3197,DOC-0200,marksheet,rotated_90,field_13,0,1,0.3803,0.0,2.0963,0.0,FORMAT_ERROR
3198,DOC-0200,marksheet,rotated_90,field_14,0,1,0.1982,0.0,1.8422,0.0,FORMAT_ERROR
3199,DOC-0200,marksheet,rotated_90,field_15,0,1,0.3897,0.0,1.2274,0.0,FORMAT_ERROR
3200,DOC-0200,marksheet,rotated_90,field_16,0,1,0.2712,0.0,1.6319,0.0,FORMAT_ERROR
3201,DOC-0201,student_id,clean,field_1,0,1,0.159,0.0,1.4662,0.0,FORMAT_ERROR
3202,DOC-0201,student_id,clean,field_2,0,1,0.2452,0.0,1.4825,0.0,FORMAT_ERROR
3203,DOC-0201,student_id,clean,field_3,0,1,0.2039,0.0,3.1716,0.0,FORMAT_ERROR
3204,DOC-0201,student_id,clean,field_4,0,1,0.4171,0.0,2.5373,0.0,FORMAT_ERROR
3205,DOC-0201,student_id,clean,field_5,0,1,0.5051,0.0,1.9953,0.0,FORMAT_ERROR
3206,DOC-0201,student_id,clean,field_6,0,1,0.1891,0.0,2.1113,0.0,FORMAT_ERROR
3207,DOC-0201,student_id,clean,field_7,0,1,0.4141,0.0,2.7363,0.0,FORMAT_ERROR
3208,DOC-0201,student_id,clean,field_8,0,1,0.3442,0.0,0.8827,0.0,FORMAT_ERROR
3209,DOC-0201,student_id,clean,field_9,0,1,0.2777,0.0,1.5892,0.0,FORMAT_ERROR
3210,DOC-0201,student_id,clean,field_10,0,1,0.4407,0.0,2.2123,0.0,FORMAT_ERROR
3211,DOC-0201,student_id,clean,field_11,0,1,0.3102,0.0,3.4595,0.0,FORMAT_ERROR
3212,DOC-0201,student_id,clean,field_12,0,1,0.4226,0.0,1.2117,0.0,FORMAT_ERROR
3213,DOC-0201,student_id,clean,field_13,0,1,0.1958,0.0,0.9586,0.0,FORMAT_ERROR
3214,DOC-0201,student_id,clean,field_14,0,1,0.2607,0.0,0.982,0.0,FORMAT_ERROR
3215,DOC-0201,student_id,clean,field_15,0,1,0.234,0.0,1.3553,0.0,FORMAT_ERROR
3216,DOC-0201,student_id,clean,field_16,0,1,0.228,0.0,3.1903,0.0,FORMAT_ERROR
3217,DOC-0202,certificate,scanner_copy,field_1,0,1,0.1861,0.0,2.0735,0.0,FORMAT_ERROR
3218,DOC-0202,certificate,scanner_copy,field_2,0,1,0.3347,0.0,3.4471,0.0,FORMAT_ERROR
3219,DOC-0202,certificate,scanner_copy,field_3,0,1,0.2004,0.0,1.6936,0.0,FORMAT_ERROR
3220,DOC-0202,certificate,scanner_copy,field_4,0,1,0.5863,0.0,3.0965,0.0,FORMAT_ERROR
3221,DOC-0202,certificate,scanner_copy,field_5,0,1,0.5177,0.0,1.2737,0.0,FORMAT_ERROR
3222,DOC-0202,certificate,scanner_copy,field_6,0,1,0.2269,0.0,2.5059,0.0,FORMAT_ERROR
3223,DOC-0202,certificate,scanner_copy,field_7,0,1,0.5682,0.0,2.1703,0.0,FORMAT_ERROR
3224,DOC-0202,certificate,scanner_copy,field_8,0,1,0.4072,0.0,1.3399,0.0,FORMAT_ERROR
3225,DOC-0202,certificate,scanner_copy,field_9,0,1,0.4963,0.0,1.0611,0.0,FORMAT_ERROR
3226,DOC-0202,certificate,scanner_copy,field_10,0,1,0.2957,0.0,1.7763,0.0,FORMAT_ERROR
3227,DOC-0202,certificate,scanner_copy,field_11,0,1,0.3784,0.0,1.2272,0.0,FORMAT_ERROR
3228,DOC-0202,certificate,scanner_copy,field_12,0,1,0.2017,0.0,2.3319,0.0,FORMAT_ERROR
3229,DOC-0202,certificate,scanner_copy,field_13,0,1,0.2799,0.0,2.2437,0.0,FORMAT_ERROR
3230,DOC-0202,certificate,scanner_copy,field_14,0,1,0.2195,0.0,1.9434,0.0,FORMAT_ERROR
3231,DOC-0202,certificate,scanner_copy,field_15,0,1,0.3897,0.0,0.6555,0.0,FORMAT_ERROR
3232,DOC-0202,certificate,scanner_copy,field_16,0,1,0.3015,0.0,0.9032,0.0,FORMAT_ERROR
3233,DOC-0203,marksheet,mobile_camera,field_1,0,1,0.1785,0.0,3.4699,0.0,FORMAT_ERROR
3234,DOC-0203,marksheet,mobile_camera,field_2,0,1,0.2951,0.0,2.9296,0.0,FORMAT_ERROR
3235,DOC-0203,marksheet,mobile_camera,field_3,0,1,0.2646,0.0,2.5445,0.0,FORMAT_ERROR
3236,DOC-0203,marksheet,mobile_camera,field_4,0,1,0.4921,0.0,2.2869,0.0,FORMAT_ERROR
3237,DOC-0203,marksheet,mobile_camera,field_5,0,1,0.3622,0.0,1.7355,0.0,FORMAT_ERROR
3238,DOC-0203,marksheet,mobile_camera,field_6,0,1,0.307,0.0,3.2886,0.0,FORMAT_ERROR
3239,DOC-0203,marksheet,mobile_camera,field_7,0,1,0.5238,0.0,3.3951,0.0,FORMAT_ERROR
3240,DOC-0203,marksheet,mobile_camera,field_8,0,1,0.2059,0.0,2.6926,0.0,FORMAT_ERROR
3241,DOC-0203,marksheet,mobile_camera,field_9,0,1,0.5723,0.0,1.0437,0.0,FORMAT_ERROR
3242,DOC-0203,marksheet,mobile_camera,field_10,0,1,0.1799,0.0,2.7234,0.0,FORMAT_ERROR
3243,DOC-0203,marksheet,mobile_camera,field_11,0,1,0.4085,0.0,3.0255,0.0,FORMAT_ERROR
3244,DOC-0203,marksheet,mobile_camera,field_12,0,1,0.2129,0.0,2.8858,0.0,FORMAT_ERROR
3245,DOC-0203,marksheet,mobile_camera,field_13,0,1,0.2407,0.0,0.991,0.0,FORMAT_ERROR
3246,DOC-0203,marksheet,mobile_camera,field_14,0,1,0.2239,0.0,2.9437,0.0,FORMAT_ERROR
3247,DOC-0203,marksheet,mobile_camera,field_15,0,1,0.4493,0.0,2.0692,0.0,FORMAT_ERROR
3248,DOC-0203,marksheet,mobile_camera,field_16,0,1,0.3115,0.0,3.1316,0.0,FORMAT_ERROR
3249,DOC-0204,student_id,rotated_90,field_1,0,1,0.3266,0.0,2.9498,0.0,FORMAT_ERROR
3250,DOC-0204,student_id,rotated_90,field_2,0,1,0.3476,0.0,1.6308,0.0,FORMAT_ERROR
3251,DOC-0204,student_id,rotated_90,field_3,0,1,0.3582,0.0,1.4041,0.0,FORMAT_ERROR
3252,DOC-0204,student_id,rotated_90,field_4,0,1,0.4864,0.0,2.0082,0.0,FORMAT_ERROR
3253,DOC-0204,student_id,rotated_90,field_5,0,1,0.2545,0.0,3.1987,0.0,FORMAT_ERROR
3254,DOC-0204,student_id,rotated_90,field_6,0,1,0.3228,0.0,2.1307,0.0,FORMAT_ERROR
3255,DOC-0204,student_id,rotated_90,field_7,0,1,0.5579,0.0,2.3727,0.0,FORMAT_ERROR
3256,DOC-0204,student_id,rotated_90,field_8,0,1,0.2026,0.0,3.3195,0.0,FORMAT_ERROR
3257,DOC-0204,student_id,rotated_90,field_9,0,1,0.4325,0.0,1.5047,0.0,FORMAT_ERROR
3258,DOC-0204,student_id,rotated_90,field_10,0,1,0.2127,0.0,2.8821,0.0,FORMAT_ERROR
3259,DOC-0204,student_id,rotated_90,field_11,0,1,0.429,0.0,2.1004,0.0,FORMAT_ERROR
3260,DOC-0204,student_id,rotated_90,field_12,0,1,0.5523,0.0,2.8658,0.0,FORMAT_ERROR
3261,DOC-0204,student_id,rotated_90,field_13,0,1,0.2183,0.0,1.4352,0.0,FORMAT_ERROR
3262,DOC-0204,student_id,rotated_90,field_14,0,1,0.2618,0.0,2.7318,0.0,FORMAT_ERROR
3263,DOC-0204,student_id,rotated_90,field_15,0,1,0.1651,0.0,2.2097,0.0,FORMAT_ERROR
3264,DOC-0204,student_id,rotated_90,field_16,0,1,0.4931,0.0,3.1303,0.0,FORMAT_ERROR
3265,DOC-0205,certificate,clean,field_1,0,1,0.3039,0.0,2.9638,0.0,FORMAT_ERROR
3266,DOC-0205,certificate,clean,field_2,0,1,0.1998,0.0,3.0394,0.0,FORMAT_ERROR
3267,DOC-0205,certificate,clean,field_3,0,1,0.2074,0.0,1.6919,0.0,FORMAT_ERROR
3268,DOC-0205,certificate,clean,field_4,0,1,0.5088,0.0,0.9498,0.0,FORMAT_ERROR
3269,DOC-0205,certificate,clean,field_5,0,1,0.2532,0.0,2.6668,0.0,FORMAT_ERROR
3270,DOC-0205,certificate,clean,field_6,0,1,0.474,0.0,2.4234,0.0,FORMAT_ERROR
3271,DOC-0205,certificate,clean,field_7,0,1,0.4623,0.0,2.1282,0.0,FORMAT_ERROR
3272,DOC-0205,certificate,clean,field_8,0,1,0.2633,0.0,1.5371,0.0,FORMAT_ERROR
3273,DOC-0205,certificate,clean,field_9,0,1,0.2317,0.0,3.2254,0.0,FORMAT_ERROR
3274,DOC-0205,certificate,clean,field_10,0,1,0.4125,0.0,1.7026,0.0,FORMAT_ERROR
3275,DOC-0205,certificate,clean,field_11,0,1,0.3579,0.0,3.3419,0.0,FORMAT_ERROR
3276,DOC-0205,certificate,clean,field_12,0,1,0.219,0.0,2.2587,0.0,FORMAT_ERROR
3277,DOC-0205,certificate,clean,field_13,0,1,0.3776,0.0,2.3344,0.0,FORMAT_ERROR
3278,DOC-0205,certificate,clean,field_14,0,1,0.1581,0.0,3.1164,0.0,FORMAT_ERROR
3279,DOC-0205,certificate,clean,field_15,0,1,0.5695,0.0,2.1954,0.0,FORMAT_ERROR
3280,DOC-0205,certificate,clean,field_16,0,1,0.4635,0.0,3.2675,0.0,FORMAT_ERROR
3281,DOC-0206,marksheet,scanner_copy,field_1,0,1,0.4683,0.0,0.9576,0.0,FORMAT_ERROR
3282,DOC-0206,marksheet,scanner_copy,field_2,0,1,0.4093,0.0,2.3201,0.0,FORMAT_ERROR
3283,DOC-0206,marksheet,scanner_copy,field_3,0,1,0.3409,0.0,2.7093,0.0,FORMAT_ERROR
3284,DOC-0206,marksheet,scanner_copy,field_4,0,1,0.5705,0.0,3.2767,0.0,FORMAT_ERROR
3285,DOC-0206,marksheet,scanner_copy,field_5,0,1,0.3529,0.0,0.8397,0.0,FORMAT_ERROR
3286,DOC-0206,marksheet,scanner_copy,field_6,0,1,0.5932,0.0,3.0167,0.0,FORMAT_ERROR
3287,DOC-0206,marksheet,scanner_copy,field_7,0,1,0.2061,0.0,3.2625,0.0,FORMAT_ERROR
3288,DOC-0206,marksheet,scanner_copy,field_8,0,1,0.5415,0.0,2.0565,0.0,FORMAT_ERROR
3289,DOC-0206,marksheet,scanner_copy,field_9,0,1,0.4161,0.0,1.697,0.0,FORMAT_ERROR
3290,DOC-0206,marksheet,scanner_copy,field_10,0,1,0.1746,0.0,1.5056,0.0,FORMAT_ERROR
3291,DOC-0206,marksheet,scanner_copy,field_11,0,1,0.5113,0.0,0.5139,0.0,FORMAT_ERROR
3292,DOC-0206,marksheet,scanner_copy,field_12,0,1,0.3001,0.0,1.6945,0.0,FORMAT_ERROR
3293,DOC-0206,marksheet,scanner_copy,field_13,0,1,0.3918,0.0,3.2596,0.0,FORMAT_ERROR
3294,DOC-0206,marksheet,scanner_copy,field_14,0,1,0.3059,0.0,1.5409,0.0,FORMAT_ERROR
3295,DOC-0206,marksheet,scanner_copy,field_15,0,1,0.4819,0.0,1.8567,0.0,FORMAT_ERROR
3296,DOC-0206,marksheet,scanner_copy,field_16,0,1,0.2511,0.0,1.8573,0.0,FORMAT_ERROR
3297,DOC-0207,student_id,mobile_camera,field_1,0,1,0.2134,0.0,1.0292,0.0,FORMAT_ERROR
3298,DOC-0207,student_id,mobile_camera,field_2,0,1,0.3743,0.0,1.7568,0.0,FORMAT_ERROR
3299,DOC-0207,student_id,mobile_camera,field_3,0,1,0.5617,0.0,1.5872,0.0,FORMAT_ERROR
3300,DOC-0207,student_id,mobile_camera,field_4,0,1,0.4113,0.0,2.3968,0.0,FORMAT_ERROR
3301,DOC-0207,student_id,mobile_camera,field_5,0,1,0.1559,0.0,2.4906,0.0,FORMAT_ERROR
3302,DOC-0207,student_id,mobile_camera,field_6,0,1,0.2301,0.0,3.3832,0.0,FORMAT_ERROR
3303,DOC-0207,student_id,mobile_camera,field_7,0,1,0.2169,0.0,1.7439,0.0,FORMAT_ERROR
3304,DOC-0207,student_id,mobile_camera,field_8,0,1,0.1884,0.0,3.4906,0.0,FORMAT_ERROR
3305,DOC-0207,student_id,mobile_camera,field_9,0,1,0.376,0.0,2.2862,0.0,FORMAT_ERROR
3306,DOC-0207,student_id,mobile_camera,field_10,0,1,0.1802,0.0,2.7499,0.0,FORMAT_ERROR
3307,DOC-0207,student_id,mobile_camera,field_11,0,1,0.2445,0.0,3.1942,0.0,FORMAT_ERROR
3308,DOC-0207,student_id,mobile_camera,field_12,0,1,0.2423,0.0,1.0721,0.0,FORMAT_ERROR
3309,DOC-0207,student_id,mobile_camera,field_13,0,1,0.1664,0.0,1.9162,0.0,FORMAT_ERROR
3310,DOC-0207,student_id,mobile_camera,field_14,0,1,0.4042,0.0,0.6971,0.0,FORMAT_ERROR
3311,DOC-0207,student_id,mobile_camera,field_15,0,1,0.499,0.0,1.8599,0.0,FORMAT_ERROR
3312,DOC-0207,student_id,mobile_camera,field_16,0,1,0.386,0.0,1.8223,0.0,FORMAT_ERROR
3313,DOC-0208,certificate,rotated_90,field_1,0,1,0.3303,0.0,2.1789,0.0,FORMAT_ERROR
3314,DOC-0208,certificate,rotated_90,field_2,0,1,0.2199,0.0,1.0458,0.0,FORMAT_ERROR
3315,DOC-0208,certificate,rotated_90,field_3,0,1,0.5378,0.0,3.3383,0.0,FORMAT_ERROR
3316,DOC-0208,certificate,rotated_90,field_4,0,1,0.318,0.0,1.3122,0.0,FORMAT_ERROR
3317,DOC-0208,certificate,rotated_90,field_5,0,1,0.4398,0.0,1.7262,0.0,FORMAT_ERROR
3318,DOC-0208,certificate,rotated_90,field_6,0,1,0.1614,0.0,0.9685,0.0,FORMAT_ERROR
3319,DOC-0208,certificate,rotated_90,field_7,0,1,0.4722,0.0,2.4768,0.0,FORMAT_ERROR
3320,DOC-0208,certificate,rotated_90,field_8,0,1,0.1622,0.0,1.1659,0.0,FORMAT_ERROR
3321,DOC-0208,certificate,rotated_90,field_9,0,1,0.254,0.0,2.5157,0.0,FORMAT_ERROR
3322,DOC-0208,certificate,rotated_90,field_10,0,1,0.1589,0.0,0.8123,0.0,FORMAT_ERROR
3323,DOC-0208,certificate,rotated_90,field_11,0,1,0.51,0.0,1.0356,0.0,FORMAT_ERROR
3324,DOC-0208,certificate,rotated_90,field_12,0,1,0.4437,0.0,1.2145,0.0,FORMAT_ERROR
3325,DOC-0208,certificate,rotated_90,field_13,0,1,0.1947,0.0,1.2295,0.0,FORMAT_ERROR
3326,DOC-0208,certificate,rotated_90,field_14,0,1,0.475,0.0,3.0671,0.0,FORMAT_ERROR
3327,DOC-0208,certificate,rotated_90,field_15,0,1,0.5236,0.0,1.6916,0.0,FORMAT_ERROR
3328,DOC-0208,certificate,rotated_90,field_16,0,1,0.4506,0.0,1.115,0.0,FORMAT_ERROR
3329,DOC-0209,marksheet,clean,field_1,0,1,0.2819,0.0,3.189,0.0,FORMAT_ERROR
3330,DOC-0209,marksheet,clean,field_2,0,1,0.1559,0.0,0.7565,0.0,FORMAT_ERROR
3331,DOC-0209,marksheet,clean,field_3,0,1,0.2435,0.0,0.5796,0.0,FORMAT_ERROR
3332,DOC-0209,marksheet,clean,field_4,0,1,0.2316,0.0,2.2491,0.0,FORMAT_ERROR
3333,DOC-0209,marksheet,clean,field_5,0,1,0.3396,0.0,3.178,0.0,FORMAT_ERROR
3334,DOC-0209,marksheet,clean,field_6,0,1,0.5178,0.0,1.5255,0.0,FORMAT_ERROR
3335,DOC-0209,marksheet,clean,field_7,0,1,0.2667,0.0,1.6391,0.0,FORMAT_ERROR
3336,DOC-0209,marksheet,clean,field_8,0,1,0.4156,0.0,1.3042,0.0,FORMAT_ERROR
3337,DOC-0209,marksheet,clean,field_9,0,1,0.4309,0.0,1.7282,0.0,FORMAT_ERROR
3338,DOC-0209,marksheet,clean,field_10,0,1,0.3984,0.0,1.8084,0.0,FORMAT_ERROR
3339,DOC-0209,marksheet,clean,field_11,0,1,0.2825,0.0,3.3454,0.0,FORMAT_ERROR
3340,DOC-0209,marksheet,clean,field_12,0,1,0.4936,0.0,0.9203,0.0,FORMAT_ERROR
3341,DOC-0209,marksheet,clean,field_13,0,1,0.5408,0.0,1.9623,0.0,FORMAT_ERROR
3342,DOC-0209,marksheet,clean,field_14,0,1,0.5525,0.0,2.8996,0.0,FORMAT_ERROR
3343,DOC-0209,marksheet,clean,field_15,0,1,0.3413,0.0,0.5674,0.0,FORMAT_ERROR
3344,DOC-0209,marksheet,clean,field_16,0,1,0.2709,0.0,2.1249,0.0,FORMAT_ERROR
3345,DOC-0210,student_id,scanner_copy,field_1,0,1,0.4351,0.0,1.2737,0.0,FORMAT_ERROR
3346,DOC-0210,student_id,scanner_copy,field_2,0,1,0.2127,0.0,3.0048,0.0,FORMAT_ERROR
3347,DOC-0210,student_id,scanner_copy,field_3,0,1,0.593,0.0,2.0771,0.0,FORMAT_ERROR
3348,DOC-0210,student_id,scanner_copy,field_4,0,1,0.2273,0.0,1.3169,0.0,FORMAT_ERROR
3349,DOC-0210,student_id,scanner_copy,field_5,0,1,0.1583,0.0,3.2429,0.0,FORMAT_ERROR
3350,DOC-0210,student_id,scanner_copy,field_6,0,1,0.203,0.0,2.2295,0.0,FORMAT_ERROR
3351,DOC-0210,student_id,scanner_copy,field_7,0,1,0.2733,0.0,2.1625,0.0,FORMAT_ERROR
3352,DOC-0210,student_id,scanner_copy,field_8,0,1,0.4431,0.0,2.9892,0.0,FORMAT_ERROR
3353,DOC-0210,student_id,scanner_copy,field_9,0,1,0.2429,0.0,0.533,0.0,FORMAT_ERROR
3354,DOC-0210,student_id,scanner_copy,field_10,0,1,0.2116,0.0,3.2001,0.0,FORMAT_ERROR
3355,DOC-0210,student_id,scanner_copy,field_11,0,1,0.5433,0.0,2.2922,0.0,FORMAT_ERROR
3356,DOC-0210,student_id,scanner_copy,field_12,0,1,0.4202,0.0,2.4951,0.0,FORMAT_ERROR
3357,DOC-0210,student_id,scanner_copy,field_13,0,1,0.2289,0.0,3.2432,0.0,FORMAT_ERROR
3358,DOC-0210,student_id,scanner_copy,field_14,0,1,0.3384,0.0,1.6494,0.0,FORMAT_ERROR
3359,DOC-0210,student_id,scanner_copy,field_15,0,1,0.3835,0.0,0.6409,0.0,FORMAT_ERROR
3360,DOC-0210,student_id,scanner_copy,field_16,0,1,0.2248,0.0,2.7141,0.0,FORMAT_ERROR
3361,DOC-0211,certificate,mobile_camera,field_1,0,1,0.1873,0.0,2.3095,0.0,FORMAT_ERROR
3362,DOC-0211,certificate,mobile_camera,field_2,0,1,0.2604,0.0,1.6679,0.0,FORMAT_ERROR
3363,DOC-0211,certificate,mobile_camera,field_3,0,1,0.2799,0.0,1.567,0.0,FORMAT_ERROR
3364,DOC-0211,certificate,mobile_camera,field_4,0,1,0.4736,0.0,1.3914,0.0,FORMAT_ERROR
3365,DOC-0211,certificate,mobile_camera,field_5,0,1,0.4049,0.0,1.9282,0.0,FORMAT_ERROR
3366,DOC-0211,certificate,mobile_camera,field_6,0,1,0.4487,0.0,3.3105,0.0,FORMAT_ERROR
3367,DOC-0211,certificate,mobile_camera,field_7,0,1,0.4797,0.0,1.1448,0.0,FORMAT_ERROR
3368,DOC-0211,certificate,mobile_camera,field_8,0,1,0.164,0.0,1.2868,0.0,FORMAT_ERROR
3369,DOC-0211,certificate,mobile_camera,field_9,0,1,0.4178,0.0,0.6543,0.0,FORMAT_ERROR
3370,DOC-0211,certificate,mobile_camera,field_10,0,1,0.3734,0.0,2.2905,0.0,FORMAT_ERROR
3371,DOC-0211,certificate,mobile_camera,field_11,0,1,0.3004,0.0,2.8127,0.0,FORMAT_ERROR
3372,DOC-0211,certificate,mobile_camera,field_12,0,1,0.198,0.0,0.7254,0.0,FORMAT_ERROR
3373,DOC-0211,certificate,mobile_camera,field_13,0,1,0.4777,0.0,1.9865,0.0,FORMAT_ERROR
3374,DOC-0211,certificate,mobile_camera,field_14,0,1,0.4598,0.0,1.8045,0.0,FORMAT_ERROR
3375,DOC-0211,certificate,mobile_camera,field_15,0,1,0.2609,0.0,2.9573,0.0,FORMAT_ERROR
3376,DOC-0211,certificate,mobile_camera,field_16,0,1,0.5097,0.0,2.5841,0.0,FORMAT_ERROR
3377,DOC-0212,marksheet,rotated_90,field_1,0,1,0.2725,0.0,2.2707,0.0,FORMAT_ERROR
3378,DOC-0212,marksheet,rotated_90,field_2,0,1,0.3124,0.0,0.7747,0.0,FORMAT_ERROR
3379,DOC-0212,marksheet,rotated_90,field_3,0,1,0.5628,0.0,0.9105,0.0,FORMAT_ERROR
3380,DOC-0212,marksheet,rotated_90,field_4,0,1,0.5776,0.0,1.838,0.0,FORMAT_ERROR
3381,DOC-0212,marksheet,rotated_90,field_5,0,1,0.2333,0.0,2.1257,0.0,FORMAT_ERROR
3382,DOC-0212,marksheet,rotated_90,field_6,0,1,0.5428,0.0,2.6967,0.0,FORMAT_ERROR
3383,DOC-0212,marksheet,rotated_90,field_7,0,1,0.513,0.0,2.4764,0.0,FORMAT_ERROR
3384,DOC-0212,marksheet,rotated_90,field_8,0,1,0.4615,0.0,3.0476,0.0,FORMAT_ERROR
3385,DOC-0212,marksheet,rotated_90,field_9,0,1,0.2624,0.0,1.9683,0.0,FORMAT_ERROR
3386,DOC-0212,marksheet,rotated_90,field_10,0,1,0.2495,0.0,3.463,0.0,FORMAT_ERROR
3387,DOC-0212,marksheet,rotated_90,field_11,0,1,0.5748,0.0,0.6183,0.0,FORMAT_ERROR
3388,DOC-0212,marksheet,rotated_90,field_12,0,1,0.4675,0.0,3.2757,0.0,FORMAT_ERROR
3389,DOC-0212,marksheet,rotated_90,field_13,0,1,0.2313,0.0,2.2038,0.0,FORMAT_ERROR
3390,DOC-0212,marksheet,rotated_90,field_14,0,1,0.562,0.0,0.6018,0.0,FORMAT_ERROR
3391,DOC-0212,marksheet,rotated_90,field_15,0,1,0.4638,0.0,1.392,0.0,FORMAT_ERROR
3392,DOC-0212,marksheet,rotated_90,field_16,0,1,0.566,0.0,3.4132,0.0,FORMAT_ERROR
3393,DOC-0213,student_id,clean,field_1,0,1,0.5749,0.0,1.9226,0.0,FORMAT_ERROR
3394,DOC-0213,student_id,clean,field_2,0,1,0.5379,0.0,3.0336,0.0,FORMAT_ERROR
3395,DOC-0213,student_id,clean,field_3,0,1,0.2936,0.0,2.9867,0.0,FORMAT_ERROR
3396,DOC-0213,student_id,clean,field_4,0,1,0.1667,0.0,2.2888,0.0,FORMAT_ERROR
3397,DOC-0213,student_id,clean,field_5,0,1,0.2535,0.0,0.8617,0.0,FORMAT_ERROR
3398,DOC-0213,student_id,clean,field_6,0,1,0.1846,0.0,2.5889,0.0,FORMAT_ERROR
3399,DOC-0213,student_id,clean,field_7,0,1,0.3029,0.0,2.6743,0.0,FORMAT_ERROR
3400,DOC-0213,student_id,clean,field_8,0,1,0.1794,0.0,1.4459,0.0,FORMAT_ERROR
3401,DOC-0213,student_id,clean,field_9,0,1,0.3928,0.0,2.8722,0.0,FORMAT_ERROR
3402,DOC-0213,student_id,clean,field_10,0,1,0.2934,0.0,2.3777,0.0,FORMAT_ERROR
3403,DOC-0213,student_id,clean,field_11,0,1,0.5487,0.0,2.3476,0.0,FORMAT_ERROR
3404,DOC-0213,student_id,clean,field_12,0,1,0.2548,0.0,0.5732,0.0,FORMAT_ERROR
3405,DOC-0213,student_id,clean,field_13,0,1,0.5415,0.0,0.5638,0.0,FORMAT_ERROR
3406,DOC-0213,student_id,clean,field_14,0,1,0.5436,0.0,2.0868,0.0,FORMAT_ERROR
3407,DOC-0213,student_id,clean,field_15,0,1,0.5726,0.0,2.8963,0.0,FORMAT_ERROR
3408,DOC-0213,student_id,clean,field_16,0,1,0.5991,0.0,1.5521,0.0,FORMAT_ERROR
3409,DOC-0214,certificate,scanner_copy,field_1,0,1,0.4952,0.0,1.7058,0.0,FORMAT_ERROR
3410,DOC-0214,certificate,scanner_copy,field_2,0,1,0.3659,0.0,2.3825,0.0,FORMAT_ERROR
3411,DOC-0214,certificate,scanner_copy,field_3,0,1,0.5432,0.0,3.4523,0.0,FORMAT_ERROR
3412,DOC-0214,certificate,scanner_copy,field_4,0,1,0.4957,0.0,1.7533,0.0,FORMAT_ERROR
3413,DOC-0214,certificate,scanner_copy,field_5,0,1,0.3396,0.0,2.7127,0.0,FORMAT_ERROR
3414,DOC-0214,certificate,scanner_copy,field_6,0,1,0.2574,0.0,0.8314,0.0,FORMAT_ERROR
3415,DOC-0214,certificate,scanner_copy,field_7,0,1,0.3096,0.0,1.3617,0.0,FORMAT_ERROR
3416,DOC-0214,certificate,scanner_copy,field_8,0,1,0.2833,0.0,1.2008,0.0,FORMAT_ERROR
3417,DOC-0214,certificate,scanner_copy,field_9,0,1,0.1689,0.0,0.5536,0.0,FORMAT_ERROR
3418,DOC-0214,certificate,scanner_copy,field_10,0,1,0.5945,0.0,1.7833,0.0,FORMAT_ERROR
3419,DOC-0214,certificate,scanner_copy,field_11,0,1,0.3229,0.0,2.5389,0.0,FORMAT_ERROR
3420,DOC-0214,certificate,scanner_copy,field_12,0,1,0.2482,0.0,3.3499,0.0,FORMAT_ERROR
3421,DOC-0214,certificate,scanner_copy,field_13,0,1,0.5039,0.0,0.7682,0.0,FORMAT_ERROR
3422,DOC-0214,certificate,scanner_copy,field_14,0,1,0.3379,0.0,3.1374,0.0,FORMAT_ERROR
3423,DOC-0214,certificate,scanner_copy,field_15,0,1,0.5751,0.0,1.9022,0.0,FORMAT_ERROR
3424,DOC-0214,certificate,scanner_copy,field_16,0,1,0.426,0.0,1.0011,0.0,FORMAT_ERROR
3425,DOC-0215,marksheet,mobile_camera,field_1,0,1,0.596,0.0,1.195,0.0,FORMAT_ERROR
3426,DOC-0215,marksheet,mobile_camera,field_2,0,1,0.5742,0.0,2.4489,0.0,FORMAT_ERROR
3427,DOC-0215,marksheet,mobile_camera,field_3,0,1,0.4235,0.0,2.0381,0.0,FORMAT_ERROR
3428,DOC-0215,marksheet,mobile_camera,field_4,0,1,0.2538,0.0,1.0296,0.0,FORMAT_ERROR
3429,DOC-0215,marksheet,mobile_camera,field_5,0,1,0.2492,0.0,1.0593,0.0,FORMAT_ERROR
3430,DOC-0215,marksheet,mobile_camera,field_6,0,1,0.5008,0.0,1.5504,0.0,FORMAT_ERROR
3431,DOC-0215,marksheet,mobile_camera,field_7,0,1,0.176,0.0,3.4073,0.0,FORMAT_ERROR
3432,DOC-0215,marksheet,mobile_camera,field_8,0,1,0.5477,0.0,3.2833,0.0,FORMAT_ERROR
3433,DOC-0215,marksheet,mobile_camera,field_9,0,1,0.5977,0.0,1.0217,0.0,FORMAT_ERROR
3434,DOC-0215,marksheet,mobile_camera,field_10,0,1,0.3283,0.0,2.7747,0.0,FORMAT_ERROR
3435,DOC-0215,marksheet,mobile_camera,field_11,0,1,0.4632,0.0,0.9617,0.0,FORMAT_ERROR
3436,DOC-0215,marksheet,mobile_camera,field_12,0,1,0.5171,0.0,1.1733,0.0,FORMAT_ERROR
3437,DOC-0215,marksheet,mobile_camera,field_13,0,1,0.2507,0.0,2.1109,0.0,FORMAT_ERROR
3438,DOC-0215,marksheet,mobile_camera,field_14,0,1,0.4168,0.0,2.2403,0.0,FORMAT_ERROR
3439,DOC-0215,marksheet,mobile_camera,field_15,0,1,0.1912,0.0,3.1324,0.0,FORMAT_ERROR
3440,DOC-0215,marksheet,mobile_camera,field_16,0,1,0.2695,0.0,0.8885,0.0,FORMAT_ERROR
3441,DOC-0216,student_id,rotated_90,field_1,0,1,0.5499,0.0,3.367,0.0,FORMAT_ERROR
3442,DOC-0216,student_id,rotated_90,field_2,0,1,0.538,0.0,2.9285,0.0,FORMAT_ERROR
3443,DOC-0216,student_id,rotated_90,field_3,0,1,0.4449,0.0,2.1526,0.0,FORMAT_ERROR
3444,DOC-0216,student_id,rotated_90,field_4,0,1,0.1891,0.0,1.7254,0.0,FORMAT_ERROR
3445,DOC-0216,student_id,rotated_90,field_5,0,1,0.3177,0.0,1.2793,0.0,FORMAT_ERROR
3446,DOC-0216,student_id,rotated_90,field_6,0,1,0.4755,0.0,1.9876,0.0,FORMAT_ERROR
3447,DOC-0216,student_id,rotated_90,field_7,0,1,0.1865,0.0,1.1605,0.0,FORMAT_ERROR
3448,DOC-0216,student_id,rotated_90,field_8,0,1,0.4575,0.0,0.7284,0.0,FORMAT_ERROR
3449,DOC-0216,student_id,rotated_90,field_9,0,1,0.533,0.0,1.9854,0.0,FORMAT_ERROR
3450,DOC-0216,student_id,rotated_90,field_10,0,1,0.3663,0.0,2.2772,0.0,FORMAT_ERROR
3451,DOC-0216,student_id,rotated_90,field_11,0,1,0.5211,0.0,1.5434,0.0,FORMAT_ERROR
3452,DOC-0216,student_id,rotated_90,field_12,0,1,0.4551,0.0,2.1972,0.0,FORMAT_ERROR
3453,DOC-0216,student_id,rotated_90,field_13,0,1,0.2702,0.0,3.1359,0.0,FORMAT_ERROR
3454,DOC-0216,student_id,rotated_90,field_14,0,1,0.5088,0.0,2.4754,0.0,FORMAT_ERROR
3455,DOC-0216,student_id,rotated_90,field_15,0,1,0.5328,0.0,3.1019,0.0,FORMAT_ERROR
3456,DOC-0216,student_id,rotated_90,field_16,0,1,0.4688,0.0,3.011,0.0,FORMAT_ERROR
3457,DOC-0217,certificate,clean,field_1,0,1,0.4639,0.0,2.5404,0.0,FORMAT_ERROR
3458,DOC-0217,certificate,clean,field_2,0,1,0.4284,0.0,2.7581,0.0,FORMAT_ERROR
3459,DOC-0217,certificate,clean,field_3,0,1,0.2214,0.0,3.1426,0.0,FORMAT_ERROR
3460,DOC-0217,certificate,clean,field_4,0,1,0.5423,0.0,0.5877,0.0,FORMAT_ERROR
3461,DOC-0217,certificate,clean,field_5,0,1,0.5216,0.0,0.8866,0.0,FORMAT_ERROR
3462,DOC-0217,certificate,clean,field_6,0,1,0.3008,0.0,2.7305,0.0,FORMAT_ERROR
3463,DOC-0217,certificate,clean,field_7,0,1,0.2223,0.0,2.9539,0.0,FORMAT_ERROR
3464,DOC-0217,certificate,clean,field_8,0,1,0.5245,0.0,2.0224,0.0,FORMAT_ERROR
3465,DOC-0217,certificate,clean,field_9,0,1,0.1529,0.0,1.3611,0.0,FORMAT_ERROR
3466,DOC-0217,certificate,clean,field_10,0,1,0.4276,0.0,3.4436,0.0,FORMAT_ERROR
3467,DOC-0217,certificate,clean,field_11,0,1,0.4343,0.0,1.2794,0.0,FORMAT_ERROR
3468,DOC-0217,certificate,clean,field_12,0,1,0.4353,0.0,2.12,0.0,FORMAT_ERROR
3469,DOC-0217,certificate,clean,field_13,0,1,0.5009,0.0,0.8209,0.0,FORMAT_ERROR
3470,DOC-0217,certificate,clean,field_14,0,1,0.4925,0.0,2.1238,0.0,FORMAT_ERROR
3471,DOC-0217,certificate,clean,field_15,0,1,0.5833,0.0,1.5256,0.0,FORMAT_ERROR
3472,DOC-0217,certificate,clean,field_16,0,1,0.4347,0.0,3.2961,0.0,FORMAT_ERROR
3473,DOC-0218,marksheet,scanner_copy,field_1,0,1,0.1961,0.0,3.3117,0.0,FORMAT_ERROR
3474,DOC-0218,marksheet,scanner_copy,field_2,0,1,0.4595,0.0,0.7035,0.0,FORMAT_ERROR
3475,DOC-0218,marksheet,scanner_copy,field_3,0,1,0.2854,0.0,2.6245,0.0,FORMAT_ERROR
3476,DOC-0218,marksheet,scanner_copy,field_4,0,1,0.1803,0.0,2.2465,0.0,FORMAT_ERROR
3477,DOC-0218,marksheet,scanner_copy,field_5,0,1,0.3056,0.0,2.3627,0.0,FORMAT_ERROR
3478,DOC-0218,marksheet,scanner_copy,field_6,0,1,0.1706,0.0,3.1146,0.0,FORMAT_ERROR
3479,DOC-0218,marksheet,scanner_copy,field_7,0,1,0.5881,0.0,3.4066,0.0,FORMAT_ERROR
3480,DOC-0218,marksheet,scanner_copy,field_8,0,1,0.4873,0.0,0.8903,0.0,FORMAT_ERROR
3481,DOC-0218,marksheet,scanner_copy,field_9,0,1,0.4912,0.0,0.5738,0.0,FORMAT_ERROR
3482,DOC-0218,marksheet,scanner_copy,field_10,0,1,0.16,0.0,1.4708,0.0,FORMAT_ERROR
3483,DOC-0218,marksheet,scanner_copy,field_11,0,1,0.3699,0.0,2.8112,0.0,FORMAT_ERROR
3484,DOC-0218,marksheet,scanner_copy,field_12,0,1,0.4575,0.0,1.8377,0.0,FORMAT_ERROR
3485,DOC-0218,marksheet,scanner_copy,field_13,0,1,0.2731,0.0,3.4914,0.0,FORMAT_ERROR
3486,DOC-0218,marksheet,scanner_copy,field_14,0,1,0.3418,0.0,1.8542,0.0,FORMAT_ERROR
3487,DOC-0218,marksheet,scanner_copy,field_15,0,1,0.2236,0.0,2.8844,0.0,FORMAT_ERROR
3488,DOC-0218,marksheet,scanner_copy,field_16,0,1,0.4622,0.0,1.1623,0.0,FORMAT_ERROR
3489,DOC-0219,student_id,mobile_camera,field_1,0,1,0.1871,0.0,2.5415,0.0,FORMAT_ERROR
3490,DOC-0219,student_id,mobile_camera,field_2,0,1,0.4445,0.0,1.3198,0.0,FORMAT_ERROR
3491,DOC-0219,student_id,mobile_camera,field_3,0,1,0.5779,0.0,0.9532,0.0,FORMAT_ERROR
3492,DOC-0219,student_id,mobile_camera,field_4,0,1,0.3446,0.0,3.3308,0.0,FORMAT_ERROR
3493,DOC-0219,student_id,mobile_camera,field_5,0,1,0.3389,0.0,2.4156,0.0,FORMAT_ERROR
3494,DOC-0219,student_id,mobile_camera,field_6,0,1,0.3289,0.0,1.3226,0.0,FORMAT_ERROR
3495,DOC-0219,student_id,mobile_camera,field_7,0,1,0.5928,0.0,1.728,0.0,FORMAT_ERROR
3496,DOC-0219,student_id,mobile_camera,field_8,0,1,0.5523,0.0,1.1899,0.0,FORMAT_ERROR
3497,DOC-0219,student_id,mobile_camera,field_9,0,1,0.2459,0.0,0.5934,0.0,FORMAT_ERROR
3498,DOC-0219,student_id,mobile_camera,field_10,0,1,0.4433,0.0,1.6056,0.0,FORMAT_ERROR
3499,DOC-0219,student_id,mobile_camera,field_11,0,1,0.539,0.0,1.9196,0.0,FORMAT_ERROR
3500,DOC-0219,student_id,mobile_camera,field_12,0,1,0.5857,0.0,1.0566,0.0,FORMAT_ERROR
3501,DOC-0219,student_id,mobile_camera,field_13,0,1,0.5409,0.0,2.8298,0.0,FORMAT_ERROR
3502,DOC-0219,student_id,mobile_camera,field_14,0,1,0.4969,0.0,3.0343,0.0,FORMAT_ERROR
3503,DOC-0219,student_id,mobile_camera,field_15,0,1,0.4925,0.0,2.3787,0.0,FORMAT_ERROR
3504,DOC-0219,student_id,mobile_camera,field_16,0,1,0.2091,0.0,0.5976,0.0,FORMAT_ERROR
3505,DOC-0220,certificate,rotated_90,field_1,0,1,0.5644,0.0,2.35,0.0,FORMAT_ERROR
3506,DOC-0220,certificate,rotated_90,field_2,0,1,0.5084,0.0,1.9446,0.0,FORMAT_ERROR
3507,DOC-0220,certificate,rotated_90,field_3,0,1,0.2028,0.0,0.8756,0.0,FORMAT_ERROR
3508,DOC-0220,certificate,rotated_90,field_4,0,1,0.4585,0.0,1.7909,0.0,FORMAT_ERROR
3509,DOC-0220,certificate,rotated_90,field_5,0,1,0.2402,0.0,1.9748,0.0,FORMAT_ERROR
3510,DOC-0220,certificate,rotated_90,field_6,0,1,0.1789,0.0,2.2459,0.0,FORMAT_ERROR
3511,DOC-0220,certificate,rotated_90,field_7,0,1,0.271,0.0,2.8927,0.0,FORMAT_ERROR
3512,DOC-0220,certificate,rotated_90,field_8,0,1,0.2897,0.0,1.8657,0.0,FORMAT_ERROR
3513,DOC-0220,certificate,rotated_90,field_9,0,1,0.1552,0.0,0.7173,0.0,FORMAT_ERROR
3514,DOC-0220,certificate,rotated_90,field_10,0,1,0.3266,0.0,1.9398,0.0,FORMAT_ERROR
3515,DOC-0220,certificate,rotated_90,field_11,0,1,0.42,0.0,1.375,0.0,FORMAT_ERROR
3516,DOC-0220,certificate,rotated_90,field_12,0,1,0.4627,0.0,3.0804,0.0,FORMAT_ERROR
3517,DOC-0220,certificate,rotated_90,field_13,0,1,0.5009,0.0,0.6189,0.0,FORMAT_ERROR
3518,DOC-0220,certificate,rotated_90,field_14,0,1,0.3662,0.0,0.8148,0.0,FORMAT_ERROR
3519,DOC-0220,certificate,rotated_90,field_15,0,1,0.2589,0.0,3.46,0.0,FORMAT_ERROR
3520,DOC-0220,certificate,rotated_90,field_16,0,1,0.2141,0.0,1.9967,0.0,FORMAT_ERROR
3521,DOC-0221,marksheet,clean,field_1,0,1,0.4282,0.0,2.6074,0.0,FORMAT_ERROR
3522,DOC-0221,marksheet,clean,field_2,0,1,0.4018,0.0,0.5293,0.0,FORMAT_ERROR
3523,DOC-0221,marksheet,clean,field_3,0,1,0.2969,0.0,2.0531,0.0,FORMAT_ERROR
3524,DOC-0221,marksheet,clean,field_4,0,1,0.1895,0.0,1.5519,0.0,FORMAT_ERROR
3525,DOC-0221,marksheet,clean,field_5,0,1,0.1649,0.0,0.7357,0.0,FORMAT_ERROR
3526,DOC-0221,marksheet,clean,field_6,0,1,0.3286,0.0,0.8981,0.0,FORMAT_ERROR
3527,DOC-0221,marksheet,clean,field_7,0,1,0.4054,0.0,2.5684,0.0,FORMAT_ERROR
3528,DOC-0221,marksheet,clean,field_8,0,1,0.5103,0.0,1.1005,0.0,FORMAT_ERROR
3529,DOC-0221,marksheet,clean,field_9,0,1,0.2254,0.0,0.8137,0.0,FORMAT_ERROR
3530,DOC-0221,marksheet,clean,field_10,0,1,0.4364,0.0,2.6194,0.0,FORMAT_ERROR
3531,DOC-0221,marksheet,clean,field_11,0,1,0.1642,0.0,3.3086,0.0,FORMAT_ERROR
3532,DOC-0221,marksheet,clean,field_12,0,1,0.1734,0.0,2.1239,0.0,FORMAT_ERROR
3533,DOC-0221,marksheet,clean,field_13,0,1,0.4691,0.0,3.1129,0.0,FORMAT_ERROR
3534,DOC-0221,marksheet,clean,field_14,0,1,0.4713,0.0,2.9052,0.0,FORMAT_ERROR
3535,DOC-0221,marksheet,clean,field_15,0,1,0.3028,0.0,2.9445,0.0,FORMAT_ERROR
3536,DOC-0221,marksheet,clean,field_16,0,1,0.1861,0.0,3.1844,0.0,FORMAT_ERROR
3537,DOC-0222,student_id,scanner_copy,field_1,0,1,0.3964,0.0,2.9519,0.0,FORMAT_ERROR
3538,DOC-0222,student_id,scanner_copy,field_2,0,1,0.3535,0.0,2.4307,0.0,FORMAT_ERROR
3539,DOC-0222,student_id,scanner_copy,field_3,0,1,0.3869,0.0,2.6948,0.0,FORMAT_ERROR
3540,DOC-0222,student_id,scanner_copy,field_4,0,1,0.1867,0.0,0.6811,0.0,FORMAT_ERROR
3541,DOC-0222,student_id,scanner_copy,field_5,0,1,0.2612,0.0,0.9786,0.0,FORMAT_ERROR
3542,DOC-0222,student_id,scanner_copy,field_6,0,1,0.5423,0.0,1.1576,0.0,FORMAT_ERROR
3543,DOC-0222,student_id,scanner_copy,field_7,0,1,0.5891,0.0,1.5107,0.0,FORMAT_ERROR
3544,DOC-0222,student_id,scanner_copy,field_8,0,1,0.232,0.0,2.8691,0.0,FORMAT_ERROR
3545,DOC-0222,student_id,scanner_copy,field_9,0,1,0.4464,0.0,1.9946,0.0,FORMAT_ERROR
3546,DOC-0222,student_id,scanner_copy,field_10,0,1,0.3999,0.0,2.6576,0.0,FORMAT_ERROR
3547,DOC-0222,student_id,scanner_copy,field_11,0,1,0.2528,0.0,3.489,0.0,FORMAT_ERROR
3548,DOC-0222,student_id,scanner_copy,field_12,0,1,0.5887,0.0,2.451,0.0,FORMAT_ERROR
3549,DOC-0222,student_id,scanner_copy,field_13,0,1,0.2398,0.0,2.5407,0.0,FORMAT_ERROR
3550,DOC-0222,student_id,scanner_copy,field_14,0,1,0.1825,0.0,0.592,0.0,FORMAT_ERROR
3551,DOC-0222,student_id,scanner_copy,field_15,0,1,0.266,0.0,1.8879,0.0,FORMAT_ERROR
3552,DOC-0222,student_id,scanner_copy,field_16,0,1,0.5407,0.0,2.6815,0.0,FORMAT_ERROR
3553,DOC-0223,certificate,mobile_camera,field_1,0,1,0.4842,0.0,1.7765,0.0,FORMAT_ERROR
3554,DOC-0223,certificate,mobile_camera,field_2,0,1,0.3057,0.0,1.6131,0.0,FORMAT_ERROR
3555,DOC-0223,certificate,mobile_camera,field_3,0,1,0.5944,0.0,0.6203,0.0,FORMAT_ERROR
3556,DOC-0223,certificate,mobile_camera,field_4,0,1,0.5402,0.0,2.236,0.0,FORMAT_ERROR
3557,DOC-0223,certificate,mobile_camera,field_5,0,1,0.3474,0.0,2.6758,0.0,FORMAT_ERROR
3558,DOC-0223,certificate,mobile_camera,field_6,0,1,0.369,0.0,3.1203,0.0,FORMAT_ERROR
3559,DOC-0223,certificate,mobile_camera,field_7,0,1,0.5553,0.0,1.7652,0.0,FORMAT_ERROR
3560,DOC-0223,certificate,mobile_camera,field_8,0,1,0.2746,0.0,2.2771,0.0,FORMAT_ERROR
3561,DOC-0223,certificate,mobile_camera,field_9,0,1,0.5606,0.0,1.132,0.0,FORMAT_ERROR
3562,DOC-0223,certificate,mobile_camera,field_10,0,1,0.4303,0.0,2.3947,0.0,FORMAT_ERROR
3563,DOC-0223,certificate,mobile_camera,field_11,0,1,0.4799,0.0,0.8947,0.0,FORMAT_ERROR
3564,DOC-0223,certificate,mobile_camera,field_12,0,1,0.4721,0.0,3.2271,0.0,FORMAT_ERROR
3565,DOC-0223,certificate,mobile_camera,field_13,0,1,0.2309,0.0,1.2126,0.0,FORMAT_ERROR
3566,DOC-0223,certificate,mobile_camera,field_14,0,1,0.5871,0.0,1.0429,0.0,FORMAT_ERROR
3567,DOC-0223,certificate,mobile_camera,field_15,0,1,0.5345,0.0,1.9768,0.0,FORMAT_ERROR
3568,DOC-0223,certificate,mobile_camera,field_16,0,1,0.2613,0.0,3.1122,0.0,FORMAT_ERROR
3569,DOC-0224,marksheet,rotated_90,field_1,0,1,0.3504,0.0,2.0445,0.0,FORMAT_ERROR
3570,DOC-0224,marksheet,rotated_90,field_2,0,1,0.3117,0.0,2.2789,0.0,FORMAT_ERROR
3571,DOC-0224,marksheet,rotated_90,field_3,0,1,0.2236,0.0,1.6732,0.0,FORMAT_ERROR
3572,DOC-0224,marksheet,rotated_90,field_4,0,1,0.5862,0.0,1.2744,0.0,FORMAT_ERROR
3573,DOC-0224,marksheet,rotated_90,field_5,0,1,0.4455,0.0,1.4756,0.0,FORMAT_ERROR
3574,DOC-0224,marksheet,rotated_90,field_6,0,1,0.4981,0.0,0.8926,0.0,FORMAT_ERROR
3575,DOC-0224,marksheet,rotated_90,field_7,0,1,0.5864,0.0,1.8614,0.0,FORMAT_ERROR
3576,DOC-0224,marksheet,rotated_90,field_8,0,1,0.2562,0.0,0.7205,0.0,FORMAT_ERROR
3577,DOC-0224,marksheet,rotated_90,field_9,0,1,0.2264,0.0,2.0593,0.0,FORMAT_ERROR
3578,DOC-0224,marksheet,rotated_90,field_10,0,1,0.3017,0.0,2.9867,0.0,FORMAT_ERROR
3579,DOC-0224,marksheet,rotated_90,field_11,0,1,0.3439,0.0,1.2461,0.0,FORMAT_ERROR
3580,DOC-0224,marksheet,rotated_90,field_12,0,1,0.4277,0.0,2.6203,0.0,FORMAT_ERROR
3581,DOC-0224,marksheet,rotated_90,field_13,0,1,0.2252,0.0,1.0029,0.0,FORMAT_ERROR
3582,DOC-0224,marksheet,rotated_90,field_14,0,1,0.1665,0.0,2.7092,0.0,FORMAT_ERROR
3583,DOC-0224,marksheet,rotated_90,field_15,0,1,0.4487,0.0,1.9239,0.0,FORMAT_ERROR
3584,DOC-0224,marksheet,rotated_90,field_16,0,1,0.5299,0.0,2.917,0.0,FORMAT_ERROR
3585,DOC-0225,student_id,clean,field_1,0,1,0.4134,0.0,3.1048,0.0,FORMAT_ERROR
3586,DOC-0225,student_id,clean,field_2,0,1,0.2426,0.0,0.8358,0.0,FORMAT_ERROR
3587,DOC-0225,student_id,clean,field_3,0,1,0.2714,0.0,0.6713,0.0,FORMAT_ERROR
3588,DOC-0225,student_id,clean,field_4,0,1,0.389,0.0,3.3098,0.0,FORMAT_ERROR
3589,DOC-0225,student_id,clean,field_5,0,1,0.1677,0.0,0.8663,0.0,FORMAT_ERROR
3590,DOC-0225,student_id,clean,field_6,0,1,0.3535,0.0,3.3016,0.0,FORMAT_ERROR
3591,DOC-0225,student_id,clean,field_7,0,1,0.2923,0.0,2.0217,0.0,FORMAT_ERROR
3592,DOC-0225,student_id,clean,field_8,0,1,0.1687,0.0,0.945,0.0,FORMAT_ERROR
3593,DOC-0225,student_id,clean,field_9,0,1,0.594,0.0,3.3954,0.0,FORMAT_ERROR
3594,DOC-0225,student_id,clean,field_10,0,1,0.1522,0.0,3.3554,0.0,FORMAT_ERROR
3595,DOC-0225,student_id,clean,field_11,0,1,0.4376,0.0,3.1038,0.0,FORMAT_ERROR
3596,DOC-0225,student_id,clean,field_12,0,1,0.3546,0.0,2.0468,0.0,FORMAT_ERROR
3597,DOC-0225,student_id,clean,field_13,0,1,0.37,0.0,2.5006,0.0,FORMAT_ERROR
3598,DOC-0225,student_id,clean,field_14,0,1,0.2128,0.0,0.5899,0.0,FORMAT_ERROR
3599,DOC-0225,student_id,clean,field_15,0,1,0.2886,0.0,2.614,0.0,FORMAT_ERROR
3600,DOC-0225,student_id,clean,field_16,0,1,0.2408,0.0,2.5203,0.0,FORMAT_ERROR
3601,DOC-0226,certificate,scanner_copy,field_1,0,1,0.5865,0.0,0.7817,0.0,FORMAT_ERROR
3602,DOC-0226,certificate,scanner_copy,field_2,0,1,0.4527,0.0,1.8313,0.0,FORMAT_ERROR
3603,DOC-0226,certificate,scanner_copy,field_3,0,1,0.5407,0.0,1.0314,0.0,FORMAT_ERROR
3604,DOC-0226,certificate,scanner_copy,field_4,0,1,0.4617,0.0,3.0143,0.0,FORMAT_ERROR
3605,DOC-0226,certificate,scanner_copy,field_5,0,1,0.5751,0.0,2.5497,0.0,FORMAT_ERROR
3606,DOC-0226,certificate,scanner_copy,field_6,0,1,0.3737,0.0,2.3535,0.0,FORMAT_ERROR
3607,DOC-0226,certificate,scanner_copy,field_7,0,1,0.541,0.0,2.2118,0.0,FORMAT_ERROR
3608,DOC-0226,certificate,scanner_copy,field_8,0,1,0.1637,0.0,3.2928,0.0,FORMAT_ERROR
3609,DOC-0226,certificate,scanner_copy,field_9,0,1,0.4603,0.0,2.5295,0.0,FORMAT_ERROR
3610,DOC-0226,certificate,scanner_copy,field_10,0,1,0.2471,0.0,2.4767,0.0,FORMAT_ERROR
3611,DOC-0226,certificate,scanner_copy,field_11,0,1,0.3272,0.0,2.4537,0.0,FORMAT_ERROR
3612,DOC-0226,certificate,scanner_copy,field_12,0,1,0.198,0.0,2.4735,0.0,FORMAT_ERROR
3613,DOC-0226,certificate,scanner_copy,field_13,0,1,0.5997,0.0,0.6446,0.0,FORMAT_ERROR
3614,DOC-0226,certificate,scanner_copy,field_14,0,1,0.5897,0.0,1.7207,0.0,FORMAT_ERROR
3615,DOC-0226,certificate,scanner_copy,field_15,0,1,0.5418,0.0,2.8472,0.0,FORMAT_ERROR
3616,DOC-0226,certificate,scanner_copy,field_16,0,1,0.4052,0.0,2.7153,0.0,FORMAT_ERROR
3617,DOC-0227,marksheet,mobile_camera,field_1,0,1,0.5453,0.0,1.7124,0.0,FORMAT_ERROR
3618,DOC-0227,marksheet,mobile_camera,field_2,0,1,0.2972,0.0,2.5028,0.0,FORMAT_ERROR
3619,DOC-0227,marksheet,mobile_camera,field_3,0,1,0.5135,0.0,2.7869,0.0,FORMAT_ERROR
3620,DOC-0227,marksheet,mobile_camera,field_4,0,1,0.509,0.0,1.8067,0.0,FORMAT_ERROR
3621,DOC-0227,marksheet,mobile_camera,field_5,0,1,0.518,0.0,0.8606,0.0,FORMAT_ERROR
3622,DOC-0227,marksheet,mobile_camera,field_6,0,1,0.395,0.0,0.5173,0.0,FORMAT_ERROR
3623,DOC-0227,marksheet,mobile_camera,field_7,0,1,0.2961,0.0,1.5994,0.0,FORMAT_ERROR
3624,DOC-0227,marksheet,mobile_camera,field_8,0,1,0.3283,0.0,2.5864,0.0,FORMAT_ERROR
3625,DOC-0227,marksheet,mobile_camera,field_9,0,1,0.3249,0.0,1.8461,0.0,FORMAT_ERROR
3626,DOC-0227,marksheet,mobile_camera,field_10,0,1,0.2569,0.0,1.6198,0.0,FORMAT_ERROR
3627,DOC-0227,marksheet,mobile_camera,field_11,0,1,0.2523,0.0,0.7196,0.0,FORMAT_ERROR
3628,DOC-0227,marksheet,mobile_camera,field_12,0,1,0.4216,0.0,2.5046,0.0,FORMAT_ERROR
3629,DOC-0227,marksheet,mobile_camera,field_13,0,1,0.4288,0.0,1.8905,0.0,FORMAT_ERROR
3630,DOC-0227,marksheet,mobile_camera,field_14,0,1,0.3209,0.0,3.09,0.0,FORMAT_ERROR
3631,DOC-0227,marksheet,mobile_camera,field_15,0,1,0.3836,0.0,1.9375,0.0,FORMAT_ERROR
3632,DOC-0227,marksheet,mobile_camera,field_16,0,1,0.1615,0.0,1.5237,0.0,FORMAT_ERROR
3633,DOC-0228,student_id,rotated_90,field_1,0,1,0.3211,0.0,1.6965,0.0,FORMAT_ERROR
3634,DOC-0228,student_id,rotated_90,field_2,0,1,0.4111,0.0,2.1008,0.0,FORMAT_ERROR
3635,DOC-0228,student_id,rotated_90,field_3,0,1,0.4236,0.0,2.7946,0.0,FORMAT_ERROR
3636,DOC-0228,student_id,rotated_90,field_4,0,1,0.5158,0.0,2.6544,0.0,FORMAT_ERROR
3637,DOC-0228,student_id,rotated_90,field_5,0,1,0.58,0.0,0.5547,0.0,FORMAT_ERROR
3638,DOC-0228,student_id,rotated_90,field_6,0,1,0.2381,0.0,0.5227,0.0,FORMAT_ERROR
3639,DOC-0228,student_id,rotated_90,field_7,0,1,0.4414,0.0,3.1941,0.0,FORMAT_ERROR
3640,DOC-0228,student_id,rotated_90,field_8,0,1,0.2596,0.0,3.2811,0.0,FORMAT_ERROR
3641,DOC-0228,student_id,rotated_90,field_9,0,1,0.1771,0.0,3.3033,0.0,FORMAT_ERROR
3642,DOC-0228,student_id,rotated_90,field_10,0,1,0.3082,0.0,0.8043,0.0,FORMAT_ERROR
3643,DOC-0228,student_id,rotated_90,field_11,0,1,0.3686,0.0,1.2703,0.0,FORMAT_ERROR
3644,DOC-0228,student_id,rotated_90,field_12,0,1,0.2782,0.0,1.4219,0.0,FORMAT_ERROR
3645,DOC-0228,student_id,rotated_90,field_13,0,1,0.5114,0.0,2.1175,0.0,FORMAT_ERROR
3646,DOC-0228,student_id,rotated_90,field_14,0,1,0.2901,0.0,2.331,0.0,FORMAT_ERROR
3647,DOC-0228,student_id,rotated_90,field_15,0,1,0.4723,0.0,1.3179,0.0,FORMAT_ERROR
3648,DOC-0228,student_id,rotated_90,field_16,0,1,0.3361,0.0,0.8657,0.0,FORMAT_ERROR
3649,DOC-0229,certificate,clean,field_1,0,1,0.2315,0.0,2.5434,0.0,FORMAT_ERROR
3650,DOC-0229,certificate,clean,field_2,0,1,0.2316,0.0,2.0755,0.0,FORMAT_ERROR
3651,DOC-0229,certificate,clean,field_3,0,1,0.4691,0.0,0.8206,0.0,FORMAT_ERROR
3652,DOC-0229,certificate,clean,field_4,0,1,0.4053,0.0,1.2697,0.0,FORMAT_ERROR
3653,DOC-0229,certificate,clean,field_5,0,1,0.5833,0.0,1.9506,0.0,FORMAT_ERROR
3654,DOC-0229,certificate,clean,field_6,0,1,0.5127,0.0,2.1507,0.0,FORMAT_ERROR
3655,DOC-0229,certificate,clean,field_7,0,1,0.1695,0.0,2.3995,0.0,FORMAT_ERROR
3656,DOC-0229,certificate,clean,field_8,0,1,0.5781,0.0,2.3048,0.0,FORMAT_ERROR
3657,DOC-0229,certificate,clean,field_9,0,1,0.5186,0.0,3.1526,0.0,FORMAT_ERROR
3658,DOC-0229,certificate,clean,field_10,0,1,0.2526,0.0,1.1361,0.0,FORMAT_ERROR
3659,DOC-0229,certificate,clean,field_11,0,1,0.4249,0.0,1.7331,0.0,FORMAT_ERROR
3660,DOC-0229,certificate,clean,field_12,0,1,0.5279,0.0,3.2001,0.0,FORMAT_ERROR
3661,DOC-0229,certificate,clean,field_13,0,1,0.309,0.0,1.2106,0.0,FORMAT_ERROR
3662,DOC-0229,certificate,clean,field_14,0,1,0.5012,0.0,1.3244,0.0,FORMAT_ERROR
3663,DOC-0229,certificate,clean,field_15,0,1,0.5202,0.0,1.7712,0.0,FORMAT_ERROR
3664,DOC-0229,certificate,clean,field_16,0,1,0.4504,0.0,0.7866,0.0,FORMAT_ERROR
3665,DOC-0230,marksheet,scanner_copy,field_1,0,1,0.4307,0.0,1.8553,0.0,FORMAT_ERROR
3666,DOC-0230,marksheet,scanner_copy,field_2,0,1,0.414,0.0,1.004,0.0,FORMAT_ERROR
3667,DOC-0230,marksheet,scanner_copy,field_3,0,1,0.4816,0.0,3.0884,0.0,FORMAT_ERROR
3668,DOC-0230,marksheet,scanner_copy,field_4,0,1,0.2475,0.0,0.7871,0.0,FORMAT_ERROR
3669,DOC-0230,marksheet,scanner_copy,field_5,0,1,0.1606,0.0,2.4259,0.0,FORMAT_ERROR
3670,DOC-0230,marksheet,scanner_copy,field_6,0,1,0.4232,0.0,2.1401,0.0,FORMAT_ERROR
3671,DOC-0230,marksheet,scanner_copy,field_7,0,1,0.2544,0.0,1.6727,0.0,FORMAT_ERROR
3672,DOC-0230,marksheet,scanner_copy,field_8,0,1,0.4175,0.0,1.9903,0.0,FORMAT_ERROR
3673,DOC-0230,marksheet,scanner_copy,field_9,0,1,0.5945,0.0,0.9093,0.0,FORMAT_ERROR
3674,DOC-0230,marksheet,scanner_copy,field_10,0,1,0.4628,0.0,1.713,0.0,FORMAT_ERROR
3675,DOC-0230,marksheet,scanner_copy,field_11,0,1,0.3427,0.0,2.6528,0.0,FORMAT_ERROR
3676,DOC-0230,marksheet,scanner_copy,field_12,0,1,0.4616,0.0,3.4738,0.0,FORMAT_ERROR
3677,DOC-0230,marksheet,scanner_copy,field_13,0,1,0.2078,0.0,0.8123,0.0,FORMAT_ERROR
3678,DOC-0230,marksheet,scanner_copy,field_14,0,1,0.476,0.0,2.2352,0.0,FORMAT_ERROR
3679,DOC-0230,marksheet,scanner_copy,field_15,0,1,0.2734,0.0,0.7383,0.0,FORMAT_ERROR
3680,DOC-0230,marksheet,scanner_copy,field_16,0,1,0.1885,0.0,3.1826,0.0,FORMAT_ERROR
3681,DOC-0231,student_id,mobile_camera,field_1,0,1,0.2363,0.0,1.4701,0.0,FORMAT_ERROR
3682,DOC-0231,student_id,mobile_camera,field_2,0,1,0.252,0.0,1.565,0.0,FORMAT_ERROR
3683,DOC-0231,student_id,mobile_camera,field_3,0,1,0.1812,0.0,2.0572,0.0,FORMAT_ERROR
3684,DOC-0231,student_id,mobile_camera,field_4,0,1,0.1804,0.0,2.9011,0.0,FORMAT_ERROR
3685,DOC-0231,student_id,mobile_camera,field_5,0,1,0.2552,0.0,2.12,0.0,FORMAT_ERROR
3686,DOC-0231,student_id,mobile_camera,field_6,0,1,0.546,0.0,2.4526,0.0,FORMAT_ERROR
3687,DOC-0231,student_id,mobile_camera,field_7,0,1,0.3898,0.0,1.473,0.0,FORMAT_ERROR
3688,DOC-0231,student_id,mobile_camera,field_8,0,1,0.2999,0.0,2.5085,0.0,FORMAT_ERROR
3689,DOC-0231,student_id,mobile_camera,field_9,0,1,0.5974,0.0,2.4855,0.0,FORMAT_ERROR
3690,DOC-0231,student_id,mobile_camera,field_10,0,1,0.401,0.0,2.692,0.0,FORMAT_ERROR
3691,DOC-0231,student_id,mobile_camera,field_11,0,1,0.3593,0.0,0.6804,0.0,FORMAT_ERROR
3692,DOC-0231,student_id,mobile_camera,field_12,0,1,0.403,0.0,3.3729,0.0,FORMAT_ERROR
3693,DOC-0231,student_id,mobile_camera,field_13,0,1,0.2289,0.0,2.57,0.0,FORMAT_ERROR
3694,DOC-0231,student_id,mobile_camera,field_14,0,1,0.2404,0.0,2.1075,0.0,FORMAT_ERROR
3695,DOC-0231,student_id,mobile_camera,field_15,0,1,0.1935,0.0,1.8511,0.0,FORMAT_ERROR
3696,DOC-0231,student_id,mobile_camera,field_16,0,1,0.4903,0.0,1.5427,0.0,FORMAT_ERROR
3697,DOC-0232,certificate,rotated_90,field_1,0,1,0.4492,0.0,2.8863,0.0,FORMAT_ERROR
3698,DOC-0232,certificate,rotated_90,field_2,0,1,0.5672,0.0,1.2039,0.0,FORMAT_ERROR
3699,DOC-0232,certificate,rotated_90,field_3,0,1,0.3297,0.0,0.9572,0.0,FORMAT_ERROR
3700,DOC-0232,certificate,rotated_90,field_4,0,1,0.5966,0.0,3.281,0.0,FORMAT_ERROR
3701,DOC-0232,certificate,rotated_90,field_5,0,1,0.393,0.0,3.0261,0.0,FORMAT_ERROR
3702,DOC-0232,certificate,rotated_90,field_6,0,1,0.3844,0.0,2.3708,0.0,FORMAT_ERROR
3703,DOC-0232,certificate,rotated_90,field_7,0,1,0.1901,0.0,2.7658,0.0,FORMAT_ERROR
3704,DOC-0232,certificate,rotated_90,field_8,0,1,0.2075,0.0,2.9782,0.0,FORMAT_ERROR
3705,DOC-0232,certificate,rotated_90,field_9,0,1,0.5019,0.0,2.6262,0.0,FORMAT_ERROR
3706,DOC-0232,certificate,rotated_90,field_10,0,1,0.1663,0.0,1.4094,0.0,FORMAT_ERROR
3707,DOC-0232,certificate,rotated_90,field_11,0,1,0.2684,0.0,1.5804,0.0,FORMAT_ERROR
3708,DOC-0232,certificate,rotated_90,field_12,0,1,0.1894,0.0,3.3109,0.0,FORMAT_ERROR
3709,DOC-0232,certificate,rotated_90,field_13,0,1,0.3992,0.0,1.4166,0.0,FORMAT_ERROR
3710,DOC-0232,certificate,rotated_90,field_14,0,1,0.3286,0.0,1.8416,0.0,FORMAT_ERROR
3711,DOC-0232,certificate,rotated_90,field_15,0,1,0.4203,0.0,2.047,0.0,FORMAT_ERROR
3712,DOC-0232,certificate,rotated_90,field_16,0,1,0.5637,0.0,1.9909,0.0,FORMAT_ERROR
3713,DOC-0233,marksheet,clean,field_1,0,1,0.5965,0.0,3.0543,0.0,FORMAT_ERROR
3714,DOC-0233,marksheet,clean,field_2,0,1,0.2438,0.0,3.2918,0.0,FORMAT_ERROR
3715,DOC-0233,marksheet,clean,field_3,0,1,0.2024,0.0,2.9523,0.0,FORMAT_ERROR
3716,DOC-0233,marksheet,clean,field_4,0,1,0.3213,0.0,3.1339,0.0,FORMAT_ERROR
3717,DOC-0233,marksheet,clean,field_5,0,1,0.5406,0.0,2.9178,0.0,FORMAT_ERROR
3718,DOC-0233,marksheet,clean,field_6,0,1,0.5055,0.0,1.414,0.0,FORMAT_ERROR
3719,DOC-0233,marksheet,clean,field_7,0,1,0.1864,0.0,1.7089,0.0,FORMAT_ERROR
3720,DOC-0233,marksheet,clean,field_8,0,1,0.2281,0.0,2.5849,0.0,FORMAT_ERROR
3721,DOC-0233,marksheet,clean,field_9,0,1,0.3057,0.0,3.4268,0.0,FORMAT_ERROR
3722,DOC-0233,marksheet,clean,field_10,0,1,0.4384,0.0,2.9674,0.0,FORMAT_ERROR
3723,DOC-0233,marksheet,clean,field_11,0,1,0.2096,0.0,3.086,0.0,FORMAT_ERROR
3724,DOC-0233,marksheet,clean,field_12,0,1,0.5652,0.0,1.9612,0.0,FORMAT_ERROR
3725,DOC-0233,marksheet,clean,field_13,0,1,0.4228,0.0,2.7944,0.0,FORMAT_ERROR
3726,DOC-0233,marksheet,clean,field_14,0,1,0.2287,0.0,2.0077,0.0,FORMAT_ERROR
3727,DOC-0233,marksheet,clean,field_15,0,1,0.3294,0.0,0.9391,0.0,FORMAT_ERROR
3728,DOC-0233,marksheet,clean,field_16,0,1,0.3154,0.0,0.7045,0.0,FORMAT_ERROR
3729,DOC-0234,student_id,scanner_copy,field_1,0,1,0.1616,0.0,0.9055,0.0,FORMAT_ERROR
3730,DOC-0234,student_id,scanner_copy,field_2,0,1,0.5834,0.0,2.1486,0.0,FORMAT_ERROR
3731,DOC-0234,student_id,scanner_copy,field_3,0,1,0.5846,0.0,1.7975,0.0,FORMAT_ERROR
3732,DOC-0234,student_id,scanner_copy,field_4,0,1,0.2903,0.0,2.0184,0.0,FORMAT_ERROR
3733,DOC-0234,student_id,scanner_copy,field_5,0,1,0.3478,0.0,0.817,0.0,FORMAT_ERROR
3734,DOC-0234,student_id,scanner_copy,field_6,0,1,0.4384,0.0,1.1481,0.0,FORMAT_ERROR
3735,DOC-0234,student_id,scanner_copy,field_7,0,1,0.4288,0.0,2.4506,0.0,FORMAT_ERROR
3736,DOC-0234,student_id,scanner_copy,field_8,0,1,0.2184,0.0,0.684,0.0,FORMAT_ERROR
3737,DOC-0234,student_id,scanner_copy,field_9,0,1,0.5013,0.0,1.8794,0.0,FORMAT_ERROR
3738,DOC-0234,student_id,scanner_copy,field_10,0,1,0.1762,0.0,3.4846,0.0,FORMAT_ERROR
3739,DOC-0234,student_id,scanner_copy,field_11,0,1,0.176,0.0,2.5851,0.0,FORMAT_ERROR
3740,DOC-0234,student_id,scanner_copy,field_12,0,1,0.5927,0.0,1.2175,0.0,FORMAT_ERROR
3741,DOC-0234,student_id,scanner_copy,field_13,0,1,0.214,0.0,0.8642,0.0,FORMAT_ERROR
3742,DOC-0234,student_id,scanner_copy,field_14,0,1,0.2865,0.0,0.8031,0.0,FORMAT_ERROR
3743,DOC-0234,student_id,scanner_copy,field_15,0,1,0.4615,0.0,0.6869,0.0,FORMAT_ERROR
3744,DOC-0234,student_id,scanner_copy,field_16,0,1,0.3792,0.0,3.4901,0.0,FORMAT_ERROR
3745,DOC-0235,certificate,mobile_camera,field_1,0,1,0.5163,0.0,2.3457,0.0,FORMAT_ERROR
3746,DOC-0235,certificate,mobile_camera,field_2,0,1,0.2878,0.0,2.3717,0.0,FORMAT_ERROR
3747,DOC-0235,certificate,mobile_camera,field_3,0,1,0.3872,0.0,1.7783,0.0,FORMAT_ERROR
3748,DOC-0235,certificate,mobile_camera,field_4,0,1,0.2088,0.0,3.1598,0.0,FORMAT_ERROR
3749,DOC-0235,certificate,mobile_camera,field_5,0,1,0.3524,0.0,1.0839,0.0,FORMAT_ERROR
3750,DOC-0235,certificate,mobile_camera,field_6,0,1,0.3155,0.0,1.7424,0.0,FORMAT_ERROR
3751,DOC-0235,certificate,mobile_camera,field_7,0,1,0.5224,0.0,2.7008,0.0,FORMAT_ERROR
3752,DOC-0235,certificate,mobile_camera,field_8,0,1,0.4962,0.0,0.5331,0.0,FORMAT_ERROR
3753,DOC-0235,certificate,mobile_camera,field_9,0,1,0.3373,0.0,1.944,0.0,FORMAT_ERROR
3754,DOC-0235,certificate,mobile_camera,field_10,0,1,0.1586,0.0,1.2794,0.0,FORMAT_ERROR
3755,DOC-0235,certificate,mobile_camera,field_11,0,1,0.4921,0.0,0.9113,0.0,FORMAT_ERROR
3756,DOC-0235,certificate,mobile_camera,field_12,0,1,0.3909,0.0,1.1456,0.0,FORMAT_ERROR
3757,DOC-0235,certificate,mobile_camera,field_13,0,1,0.1555,0.0,1.2236,0.0,FORMAT_ERROR
3758,DOC-0235,certificate,mobile_camera,field_14,0,1,0.5891,0.0,2.9046,0.0,FORMAT_ERROR
3759,DOC-0235,certificate,mobile_camera,field_15,0,1,0.5818,0.0,1.9636,0.0,FORMAT_ERROR
3760,DOC-0235,certificate,mobile_camera,field_16,0,1,0.1994,0.0,2.1439,0.0,FORMAT_ERROR
3761,DOC-0236,marksheet,rotated_90,field_1,0,1,0.3545,0.0,3.0331,0.0,FORMAT_ERROR
3762,DOC-0236,marksheet,rotated_90,field_2,0,1,0.1941,0.0,1.9647,0.0,FORMAT_ERROR
3763,DOC-0236,marksheet,rotated_90,field_3,0,1,0.2175,0.0,1.474,0.0,FORMAT_ERROR
3764,DOC-0236,marksheet,rotated_90,field_4,0,1,0.4818,0.0,1.9281,0.0,FORMAT_ERROR
3765,DOC-0236,marksheet,rotated_90,field_5,0,1,0.3191,0.0,1.6834,0.0,FORMAT_ERROR
3766,DOC-0236,marksheet,rotated_90,field_6,0,1,0.3568,0.0,2.855,0.0,FORMAT_ERROR
3767,DOC-0236,marksheet,rotated_90,field_7,0,1,0.5514,0.0,3.366,0.0,FORMAT_ERROR
3768,DOC-0236,marksheet,rotated_90,field_8,0,1,0.5041,0.0,1.4462,0.0,FORMAT_ERROR
3769,DOC-0236,marksheet,rotated_90,field_9,0,1,0.4597,0.0,1.8128,0.0,FORMAT_ERROR
3770,DOC-0236,marksheet,rotated_90,field_10,0,1,0.2646,0.0,3.0226,0.0,FORMAT_ERROR
3771,DOC-0236,marksheet,rotated_90,field_11,0,1,0.1673,0.0,3.2053,0.0,FORMAT_ERROR
3772,DOC-0236,marksheet,rotated_90,field_12,0,1,0.3577,0.0,2.4116,0.0,FORMAT_ERROR
3773,DOC-0236,marksheet,rotated_90,field_13,0,1,0.4467,0.0,3.1854,0.0,FORMAT_ERROR
3774,DOC-0236,marksheet,rotated_90,field_14,0,1,0.4365,0.0,2.3418,0.0,FORMAT_ERROR
3775,DOC-0236,marksheet,rotated_90,field_15,0,1,0.18,0.0,2.0552,0.0,FORMAT_ERROR
3776,DOC-0236,marksheet,rotated_90,field_16,0,1,0.2176,0.0,2.7123,0.0,FORMAT_ERROR
3777,DOC-0237,student_id,clean,field_1,0,1,0.3805,0.0,2.5407,0.0,FORMAT_ERROR
3778,DOC-0237,student_id,clean,field_2,0,1,0.1688,0.0,0.7544,0.0,FORMAT_ERROR
3779,DOC-0237,student_id,clean,field_3,0,1,0.4723,0.0,0.7163,0.0,FORMAT_ERROR
3780,DOC-0237,student_id,clean,field_4,0,1,0.1821,0.0,0.5363,0.0,FORMAT_ERROR
3781,DOC-0237,student_id,clean,field_5,0,1,0.5804,0.0,2.7125,0.0,FORMAT_ERROR
3782,DOC-0237,student_id,clean,field_6,0,1,0.309,0.0,1.3896,0.0,FORMAT_ERROR
3783,DOC-0237,student_id,clean,field_7,0,1,0.3074,0.0,2.824,0.0,FORMAT_ERROR
3784,DOC-0237,student_id,clean,field_8,0,1,0.4476,0.0,1.0556,0.0,FORMAT_ERROR
3785,DOC-0237,student_id,clean,field_9,0,1,0.2283,0.0,0.7952,0.0,FORMAT_ERROR
3786,DOC-0237,student_id,clean,field_10,0,1,0.4471,0.0,2.7931,0.0,FORMAT_ERROR
3787,DOC-0237,student_id,clean,field_11,0,1,0.2693,0.0,0.5628,0.0,FORMAT_ERROR
3788,DOC-0237,student_id,clean,field_12,0,1,0.187,0.0,3.4036,0.0,FORMAT_ERROR
3789,DOC-0237,student_id,clean,field_13,0,1,0.283,0.0,2.8077,0.0,FORMAT_ERROR
3790,DOC-0237,student_id,clean,field_14,0,1,0.4311,0.0,1.6458,0.0,FORMAT_ERROR
3791,DOC-0237,student_id,clean,field_15,0,1,0.2426,0.0,0.8642,0.0,FORMAT_ERROR
3792,DOC-0237,student_id,clean,field_16,0,1,0.4268,0.0,2.8239,0.0,FORMAT_ERROR
3793,DOC-0238,certificate,scanner_copy,field_1,0,1,0.4398,0.0,2.0909,0.0,FORMAT_ERROR
3794,DOC-0238,certificate,scanner_copy,field_2,0,1,0.1689,0.0,3.4055,0.0,FORMAT_ERROR
3795,DOC-0238,certificate,scanner_copy,field_3,0,1,0.5094,0.0,1.3785,0.0,FORMAT_ERROR
3796,DOC-0238,certificate,scanner_copy,field_4,0,1,0.591,0.0,2.3056,0.0,FORMAT_ERROR
3797,DOC-0238,certificate,scanner_copy,field_5,0,1,0.4121,0.0,2.7442,0.0,FORMAT_ERROR
3798,DOC-0238,certificate,scanner_copy,field_6,0,1,0.5153,0.0,2.4694,0.0,FORMAT_ERROR
3799,DOC-0238,certificate,scanner_copy,field_7,0,1,0.2076,0.0,1.5148,0.0,FORMAT_ERROR
3800,DOC-0238,certificate,scanner_copy,field_8,0,1,0.5676,0.0,1.1738,0.0,FORMAT_ERROR
3801,DOC-0238,certificate,scanner_copy,field_9,0,1,0.3175,0.0,1.7962,0.0,FORMAT_ERROR
3802,DOC-0238,certificate,scanner_copy,field_10,0,1,0.3477,0.0,2.3388,0.0,FORMAT_ERROR
3803,DOC-0238,certificate,scanner_copy,field_11,0,1,0.5744,0.0,1.2221,0.0,FORMAT_ERROR
3804,DOC-0238,certificate,scanner_copy,field_12,0,1,0.2047,0.0,1.0924,0.0,FORMAT_ERROR
3805,DOC-0238,certificate,scanner_copy,field_13,0,1,0.5491,0.0,2.4374,0.0,FORMAT_ERROR
3806,DOC-0238,certificate,scanner_copy,field_14,0,1,0.2787,0.0,2.9478,0.0,FORMAT_ERROR
3807,DOC-0238,certificate,scanner_copy,field_15,0,1,0.5376,0.0,3.0395,0.0,FORMAT_ERROR
3808,DOC-0238,certificate,scanner_copy,field_16,0,1,0.5635,0.0,1.2567,0.0,FORMAT_ERROR
3809,DOC-0239,marksheet,mobile_camera,field_1,0,1,0.4898,0.0,1.8816,0.0,FORMAT_ERROR
3810,DOC-0239,marksheet,mobile_camera,field_2,0,1,0.5289,0.0,2.6855,0.0,FORMAT_ERROR
3811,DOC-0239,marksheet,mobile_camera,field_3,0,1,0.4994,0.0,2.4685,0.0,FORMAT_ERROR
3812,DOC-0239,marksheet,mobile_camera,field_4,0,1,0.2298,0.0,2.1351,0.0,FORMAT_ERROR
3813,DOC-0239,marksheet,mobile_camera,field_5,0,1,0.5931,0.0,3.3122,0.0,FORMAT_ERROR
3814,DOC-0239,marksheet,mobile_camera,field_6,0,1,0.1694,0.0,0.9944,0.0,FORMAT_ERROR
3815,DOC-0239,marksheet,mobile_camera,field_7,0,1,0.2093,0.0,2.6779,0.0,FORMAT_ERROR
3816,DOC-0239,marksheet,mobile_camera,field_8,0,1,0.518,0.0,1.1405,0.0,FORMAT_ERROR
3817,DOC-0239,marksheet,mobile_camera,field_9,0,1,0.3776,0.0,3.0221,0.0,FORMAT_ERROR
3818,DOC-0239,marksheet,mobile_camera,field_10,0,1,0.4798,0.0,2.1267,0.0,FORMAT_ERROR
3819,DOC-0239,marksheet,mobile_camera,field_11,0,1,0.4157,0.0,2.0251,0.0,FORMAT_ERROR
3820,DOC-0239,marksheet,mobile_camera,field_12,0,1,0.2839,0.0,2.1951,0.0,FORMAT_ERROR
3821,DOC-0239,marksheet,mobile_camera,field_13,0,1,0.46,0.0,3.12,0.0,FORMAT_ERROR
3822,DOC-0239,marksheet,mobile_camera,field_14,0,1,0.4363,0.0,2.7834,0.0,FORMAT_ERROR
3823,DOC-0239,marksheet,mobile_camera,field_15,0,1,0.222,0.0,1.8847,0.0,FORMAT_ERROR
3824,DOC-0239,marksheet,mobile_camera,field_16,0,1,0.1542,0.0,1.24,0.0,FORMAT_ERROR
3825,DOC-0240,student_id,rotated_90,field_1,0,1,0.4769,0.0,3.4754,0.0,FORMAT_ERROR
3826,DOC-0240,student_id,rotated_90,field_2,0,1,0.1946,0.0,1.7045,0.0,FORMAT_ERROR
3827,DOC-0240,student_id,rotated_90,field_3,0,1,0.51,0.0,1.1121,0.0,FORMAT_ERROR
3828,DOC-0240,student_id,rotated_90,field_4,0,1,0.3998,0.0,2.6992,0.0,FORMAT_ERROR
3829,DOC-0240,student_id,rotated_90,field_5,0,1,0.4272,0.0,1.0641,0.0,FORMAT_ERROR
3830,DOC-0240,student_id,rotated_90,field_6,0,1,0.3099,0.0,2.8514,0.0,FORMAT_ERROR
3831,DOC-0240,student_id,rotated_90,field_7,0,1,0.3994,0.0,0.5157,0.0,FORMAT_ERROR
3832,DOC-0240,student_id,rotated_90,field_8,0,1,0.4924,0.0,0.6059,0.0,FORMAT_ERROR
3833,DOC-0240,student_id,rotated_90,field_9,0,1,0.4856,0.0,1.1074,0.0,FORMAT_ERROR
3834,DOC-0240,student_id,rotated_90,field_10,0,1,0.5811,0.0,1.6038,0.0,FORMAT_ERROR
3835,DOC-0240,student_id,rotated_90,field_11,0,1,0.2971,0.0,0.9467,0.0,FORMAT_ERROR
3836,DOC-0240,student_id,rotated_90,field_12,0,1,0.2875,0.0,3.13,0.0,FORMAT_ERROR
3837,DOC-0240,student_id,rotated_90,field_13,0,1,0.5984,0.0,1.6049,0.0,FORMAT_ERROR
3838,DOC-0240,student_id,rotated_90,field_14,0,1,0.3519,0.0,2.6662,0.0,FORMAT_ERROR
3839,DOC-0240,student_id,rotated_90,field_15,0,1,0.5488,0.0,2.2791,0.0,FORMAT_ERROR
3840,DOC-0240,student_id,rotated_90,field_16,0,1,0.3262,0.0,1.7379,0.0,FORMAT_ERROR
3841,DOC-0241,certificate,clean,field_1,0,1,0.463,0.0,0.5097,0.0,FORMAT_ERROR
3842,DOC-0241,certificate,clean,field_2,0,1,0.4288,0.0,1.5665,0.0,FORMAT_ERROR
3843,DOC-0241,certificate,clean,field_3,0,1,0.5074,0.0,0.779,0.0,FORMAT_ERROR
3844,DOC-0241,certificate,clean,field_4,0,1,0.4147,0.0,1.9429,0.0,FORMAT_ERROR
3845,DOC-0241,certificate,clean,field_5,0,1,0.439,0.0,0.6946,0.0,FORMAT_ERROR
3846,DOC-0241,certificate,clean,field_6,0,1,0.411,0.0,2.1845,0.0,FORMAT_ERROR
3847,DOC-0241,certificate,clean,field_7,0,1,0.4023,0.0,2.3105,0.0,FORMAT_ERROR
3848,DOC-0241,certificate,clean,field_8,0,1,0.4544,0.0,2.915,0.0,FORMAT_ERROR
3849,DOC-0241,certificate,clean,field_9,0,1,0.2714,0.0,2.9751,0.0,FORMAT_ERROR
3850,DOC-0241,certificate,clean,field_10,0,1,0.3742,0.0,0.7312,0.0,FORMAT_ERROR
3851,DOC-0241,certificate,clean,field_11,0,1,0.1763,0.0,1.5027,0.0,FORMAT_ERROR
3852,DOC-0241,certificate,clean,field_12,0,1,0.5032,0.0,2.623,0.0,FORMAT_ERROR
3853,DOC-0241,certificate,clean,field_13,0,1,0.5049,0.0,2.0518,0.0,FORMAT_ERROR
3854,DOC-0241,certificate,clean,field_14,0,1,0.3481,0.0,0.9424,0.0,FORMAT_ERROR
3855,DOC-0241,certificate,clean,field_15,0,1,0.2977,0.0,1.8021,0.0,FORMAT_ERROR
3856,DOC-0241,certificate,clean,field_16,0,1,0.1899,0.0,1.1618,0.0,FORMAT_ERROR
3857,DOC-0242,marksheet,scanner_copy,field_1,0,1,0.4192,0.0,2.707,0.0,FORMAT_ERROR
3858,DOC-0242,marksheet,scanner_copy,field_2,0,1,0.5993,0.0,3.2993,0.0,FORMAT_ERROR
3859,DOC-0242,marksheet,scanner_copy,field_3,0,1,0.4392,0.0,1.7637,0.0,FORMAT_ERROR
3860,DOC-0242,marksheet,scanner_copy,field_4,0,1,0.4363,0.0,2.857,0.0,FORMAT_ERROR
3861,DOC-0242,marksheet,scanner_copy,field_5,0,1,0.2033,0.0,1.7297,0.0,FORMAT_ERROR
3862,DOC-0242,marksheet,scanner_copy,field_6,0,1,0.5279,0.0,1.6515,0.0,FORMAT_ERROR
3863,DOC-0242,marksheet,scanner_copy,field_7,0,1,0.4073,0.0,2.2633,0.0,FORMAT_ERROR
3864,DOC-0242,marksheet,scanner_copy,field_8,0,1,0.233,0.0,1.5867,0.0,FORMAT_ERROR
3865,DOC-0242,marksheet,scanner_copy,field_9,0,1,0.3005,0.0,0.5786,0.0,FORMAT_ERROR
3866,DOC-0242,marksheet,scanner_copy,field_10,0,1,0.1609,0.0,2.9951,0.0,FORMAT_ERROR
3867,DOC-0242,marksheet,scanner_copy,field_11,0,1,0.2729,0.0,2.0542,0.0,FORMAT_ERROR
3868,DOC-0242,marksheet,scanner_copy,field_12,0,1,0.2844,0.0,3.322,0.0,FORMAT_ERROR
3869,DOC-0242,marksheet,scanner_copy,field_13,0,1,0.2667,0.0,1.789,0.0,FORMAT_ERROR
3870,DOC-0242,marksheet,scanner_copy,field_14,0,1,0.5427,0.0,3.0258,0.0,FORMAT_ERROR
3871,DOC-0242,marksheet,scanner_copy,field_15,0,1,0.2337,0.0,2.9079,0.0,FORMAT_ERROR
3872,DOC-0242,marksheet,scanner_copy,field_16,0,1,0.3562,0.0,1.9489,0.0,FORMAT_ERROR
3873,DOC-0243,student_id,mobile_camera,field_1,0,1,0.2101,0.0,0.7418,0.0,FORMAT_ERROR
3874,DOC-0243,student_id,mobile_camera,field_2,0,1,0.4776,0.0,1.9894,0.0,FORMAT_ERROR
3875,DOC-0243,student_id,mobile_camera,field_3,0,1,0.3466,0.0,2.6885,0.0,FORMAT_ERROR
3876,DOC-0243,student_id,mobile_camera,field_4,0,1,0.4945,0.0,0.9767,0.0,FORMAT_ERROR
3877,DOC-0243,student_id,mobile_camera,field_5,0,1,0.4246,0.0,0.9061,0.0,FORMAT_ERROR
3878,DOC-0243,student_id,mobile_camera,field_6,0,1,0.4881,0.0,2.4709,0.0,FORMAT_ERROR
3879,DOC-0243,student_id,mobile_camera,field_7,0,1,0.5805,0.0,0.7069,0.0,FORMAT_ERROR
3880,DOC-0243,student_id,mobile_camera,field_8,0,1,0.1757,0.0,1.3466,0.0,FORMAT_ERROR
3881,DOC-0243,student_id,mobile_camera,field_9,0,1,0.2678,0.0,1.2409,0.0,FORMAT_ERROR
3882,DOC-0243,student_id,mobile_camera,field_10,0,1,0.5578,0.0,1.2486,0.0,FORMAT_ERROR
3883,DOC-0243,student_id,mobile_camera,field_11,0,1,0.2724,0.0,2.7782,0.0,FORMAT_ERROR
3884,DOC-0243,student_id,mobile_camera,field_12,0,1,0.3524,0.0,2.8301,0.0,FORMAT_ERROR
3885,DOC-0243,student_id,mobile_camera,field_13,0,1,0.1794,0.0,1.9627,0.0,FORMAT_ERROR
3886,DOC-0243,student_id,mobile_camera,field_14,0,1,0.1651,0.0,0.688,0.0,FORMAT_ERROR
3887,DOC-0243,student_id,mobile_camera,field_15,0,1,0.5579,0.0,0.9177,0.0,FORMAT_ERROR
3888,DOC-0243,student_id,mobile_camera,field_16,0,1,0.3896,0.0,1.7333,0.0,FORMAT_ERROR
3889,DOC-0244,certificate,rotated_90,field_1,0,1,0.3063,0.0,3.1995,0.0,FORMAT_ERROR
3890,DOC-0244,certificate,rotated_90,field_2,0,1,0.1598,0.0,2.4914,0.0,FORMAT_ERROR
3891,DOC-0244,certificate,rotated_90,field_3,0,1,0.5835,0.0,2.1805,0.0,FORMAT_ERROR
3892,DOC-0244,certificate,rotated_90,field_4,0,1,0.5716,0.0,0.6568,0.0,FORMAT_ERROR
3893,DOC-0244,certificate,rotated_90,field_5,0,1,0.3385,0.0,1.2805,0.0,FORMAT_ERROR
3894,DOC-0244,certificate,rotated_90,field_6,0,1,0.4789,0.0,3.4439,0.0,FORMAT_ERROR
3895,DOC-0244,certificate,rotated_90,field_7,0,1,0.2654,0.0,2.4625,0.0,FORMAT_ERROR
3896,DOC-0244,certificate,rotated_90,field_8,0,1,0.2391,0.0,2.196,0.0,FORMAT_ERROR
3897,DOC-0244,certificate,rotated_90,field_9,0,1,0.3588,0.0,3.416,0.0,FORMAT_ERROR
3898,DOC-0244,certificate,rotated_90,field_10,0,1,0.4238,0.0,1.5485,0.0,FORMAT_ERROR
3899,DOC-0244,certificate,rotated_90,field_11,0,1,0.2013,0.0,0.9537,0.0,FORMAT_ERROR
3900,DOC-0244,certificate,rotated_90,field_12,0,1,0.2514,0.0,1.2529,0.0,FORMAT_ERROR
3901,DOC-0244,certificate,rotated_90,field_13,0,1,0.5328,0.0,2.1837,0.0,FORMAT_ERROR
3902,DOC-0244,certificate,rotated_90,field_14,0,1,0.3855,0.0,0.8443,0.0,FORMAT_ERROR
3903,DOC-0244,certificate,rotated_90,field_15,0,1,0.5371,0.0,2.6684,0.0,FORMAT_ERROR
3904,DOC-0244,certificate,rotated_90,field_16,0,1,0.1805,0.0,2.6235,0.0,FORMAT_ERROR
3905,DOC-0245,marksheet,clean,field_1,0,1,0.3946,0.0,0.7452,0.0,FORMAT_ERROR
3906,DOC-0245,marksheet,clean,field_2,0,1,0.3562,0.0,1.9541,0.0,FORMAT_ERROR
3907,DOC-0245,marksheet,clean,field_3,0,1,0.2246,0.0,3.3371,0.0,FORMAT_ERROR
3908,DOC-0245,marksheet,clean,field_4,0,1,0.5325,0.0,2.5071,0.0,FORMAT_ERROR
3909,DOC-0245,marksheet,clean,field_5,0,1,0.358,0.0,1.7353,0.0,FORMAT_ERROR
3910,DOC-0245,marksheet,clean,field_6,0,1,0.4429,0.0,2.1363,0.0,FORMAT_ERROR
3911,DOC-0245,marksheet,clean,field_7,0,1,0.178,0.0,2.0375,0.0,FORMAT_ERROR
3912,DOC-0245,marksheet,clean,field_8,0,1,0.5129,0.0,1.8777,0.0,FORMAT_ERROR
3913,DOC-0245,marksheet,clean,field_9,0,1,0.1734,0.0,2.8588,0.0,FORMAT_ERROR
3914,DOC-0245,marksheet,clean,field_10,0,1,0.2406,0.0,1.2759,0.0,FORMAT_ERROR
3915,DOC-0245,marksheet,clean,field_11,0,1,0.2241,0.0,1.4906,0.0,FORMAT_ERROR
3916,DOC-0245,marksheet,clean,field_12,0,1,0.4905,0.0,2.0582,0.0,FORMAT_ERROR
3917,DOC-0245,marksheet,clean,field_13,0,1,0.2422,0.0,3.1335,0.0,FORMAT_ERROR
3918,DOC-0245,marksheet,clean,field_14,0,1,0.5458,0.0,3.1117,0.0,FORMAT_ERROR
3919,DOC-0245,marksheet,clean,field_15,0,1,0.2575,0.0,1.8537,0.0,FORMAT_ERROR
3920,DOC-0245,marksheet,clean,field_16,0,1,0.5932,0.0,2.816,0.0,FORMAT_ERROR
3921,DOC-0246,student_id,scanner_copy,field_1,0,1,0.1622,0.0,0.6956,0.0,FORMAT_ERROR
3922,DOC-0246,student_id,scanner_copy,field_2,0,1,0.3588,0.0,3.2277,0.0,FORMAT_ERROR
3923,DOC-0246,student_id,scanner_copy,field_3,0,1,0.3924,0.0,1.9934,0.0,FORMAT_ERROR
3924,DOC-0246,student_id,scanner_copy,field_4,0,1,0.1975,0.0,2.4703,0.0,FORMAT_ERROR
3925,DOC-0246,student_id,scanner_copy,field_5,0,1,0.5199,0.0,1.6413,0.0,FORMAT_ERROR
3926,DOC-0246,student_id,scanner_copy,field_6,0,1,0.499,0.0,3.3934,0.0,FORMAT_ERROR
3927,DOC-0246,student_id,scanner_copy,field_7,0,1,0.2417,0.0,2.07,0.0,FORMAT_ERROR
3928,DOC-0246,student_id,scanner_copy,field_8,0,1,0.2792,0.0,2.8786,0.0,FORMAT_ERROR
3929,DOC-0246,student_id,scanner_copy,field_9,0,1,0.4099,0.0,2.4037,0.0,FORMAT_ERROR
3930,DOC-0246,student_id,scanner_copy,field_10,0,1,0.5091,0.0,1.6879,0.0,FORMAT_ERROR
3931,DOC-0246,student_id,scanner_copy,field_11,0,1,0.5618,0.0,2.0991,0.0,FORMAT_ERROR
3932,DOC-0246,student_id,scanner_copy,field_12,0,1,0.2211,0.0,2.5877,0.0,FORMAT_ERROR
3933,DOC-0246,student_id,scanner_copy,field_13,0,1,0.507,0.0,1.4503,0.0,FORMAT_ERROR
3934,DOC-0246,student_id,scanner_copy,field_14,0,1,0.5357,0.0,3.2184,0.0,FORMAT_ERROR
3935,DOC-0246,student_id,scanner_copy,field_15,0,1,0.2746,0.0,3.4506,0.0,FORMAT_ERROR
3936,DOC-0246,student_id,scanner_copy,field_16,0,1,0.2133,0.0,1.106,0.0,FORMAT_ERROR
3937,DOC-0247,certificate,mobile_camera,field_1,0,1,0.2329,0.0,3.182,0.0,FORMAT_ERROR
3938,DOC-0247,certificate,mobile_camera,field_2,0,1,0.4444,0.0,0.9563,0.0,FORMAT_ERROR
3939,DOC-0247,certificate,mobile_camera,field_3,0,1,0.3481,0.0,2.3459,0.0,FORMAT_ERROR
3940,DOC-0247,certificate,mobile_camera,field_4,0,1,0.1876,0.0,3.1472,0.0,FORMAT_ERROR
3941,DOC-0247,certificate,mobile_camera,field_5,0,1,0.5116,0.0,2.0156,0.0,FORMAT_ERROR
3942,DOC-0247,certificate,mobile_camera,field_6,0,1,0.5852,0.0,1.7533,0.0,FORMAT_ERROR
3943,DOC-0247,certificate,mobile_camera,field_7,0,1,0.5928,0.0,2.5038,0.0,FORMAT_ERROR
3944,DOC-0247,certificate,mobile_camera,field_8,0,1,0.4356,0.0,0.9979,0.0,FORMAT_ERROR
3945,DOC-0247,certificate,mobile_camera,field_9,0,1,0.5469,0.0,1.7825,0.0,FORMAT_ERROR
3946,DOC-0247,certificate,mobile_camera,field_10,0,1,0.223,0.0,0.5378,0.0,FORMAT_ERROR
3947,DOC-0247,certificate,mobile_camera,field_11,0,1,0.4019,0.0,2.0822,0.0,FORMAT_ERROR
3948,DOC-0247,certificate,mobile_camera,field_12,0,1,0.4737,0.0,3.1708,0.0,FORMAT_ERROR
3949,DOC-0247,certificate,mobile_camera,field_13,0,1,0.1857,0.0,2.6945,0.0,FORMAT_ERROR
3950,DOC-0247,certificate,mobile_camera,field_14,0,1,0.2343,0.0,3.0745,0.0,FORMAT_ERROR
3951,DOC-0247,certificate,mobile_camera,field_15,0,1,0.5186,0.0,2.1224,0.0,FORMAT_ERROR
3952,DOC-0247,certificate,mobile_camera,field_16,0,1,0.4696,0.0,1.4431,0.0,FORMAT_ERROR
3953,DOC-0248,marksheet,rotated_90,field_1,0,1,0.362,0.0,2.9649,0.0,FORMAT_ERROR
3954,DOC-0248,marksheet,rotated_90,field_2,0,1,0.3567,0.0,1.5734,0.0,FORMAT_ERROR
3955,DOC-0248,marksheet,rotated_90,field_3,0,1,0.3724,0.0,2.9847,0.0,FORMAT_ERROR
3956,DOC-0248,marksheet,rotated_90,field_4,0,1,0.3008,0.0,1.0213,0.0,FORMAT_ERROR
3957,DOC-0248,marksheet,rotated_90,field_5,0,1,0.4704,0.0,2.9779,0.0,FORMAT_ERROR
3958,DOC-0248,marksheet,rotated_90,field_6,0,1,0.1953,0.0,1.2196,0.0,FORMAT_ERROR
3959,DOC-0248,marksheet,rotated_90,field_7,0,1,0.2139,0.0,1.5438,0.0,FORMAT_ERROR
3960,DOC-0248,marksheet,rotated_90,field_8,0,1,0.3527,0.0,2.7465,0.0,FORMAT_ERROR
3961,DOC-0248,marksheet,rotated_90,field_9,0,1,0.443,0.0,2.3628,0.0,FORMAT_ERROR
3962,DOC-0248,marksheet,rotated_90,field_10,0,1,0.3086,0.0,3.0243,0.0,FORMAT_ERROR
3963,DOC-0248,marksheet,rotated_90,field_11,0,1,0.3621,0.0,3.4373,0.0,FORMAT_ERROR
3964,DOC-0248,marksheet,rotated_90,field_12,0,1,0.4354,0.0,0.8788,0.0,FORMAT_ERROR
3965,DOC-0248,marksheet,rotated_90,field_13,0,1,0.4543,0.0,1.4753,0.0,FORMAT_ERROR
3966,DOC-0248,marksheet,rotated_90,field_14,0,1,0.4588,0.0,0.7089,0.0,FORMAT_ERROR
3967,DOC-0248,marksheet,rotated_90,field_15,0,1,0.2287,0.0,3.0672,0.0,FORMAT_ERROR
3968,DOC-0248,marksheet,rotated_90,field_16,0,1,0.2522,0.0,3.0111,0.0,FORMAT_ERROR
3969,DOC-0249,student_id,clean,field_1,0,1,0.2757,0.0,2.4286,0.0,FORMAT_ERROR
3970,DOC-0249,student_id,clean,field_2,0,1,0.4624,0.0,2.038,0.0,FORMAT_ERROR
3971,DOC-0249,student_id,clean,field_3,0,1,0.2874,0.0,1.1379,0.0,FORMAT_ERROR
3972,DOC-0249,student_id,clean,field_4,0,1,0.1649,0.0,1.4118,0.0,FORMAT_ERROR
3973,DOC-0249,student_id,clean,field_5,0,1,0.4439,0.0,3.3149,0.0,FORMAT_ERROR
3974,DOC-0249,student_id,clean,field_6,0,1,0.542,0.0,2.7982,0.0,FORMAT_ERROR
3975,DOC-0249,student_id,clean,field_7,0,1,0.5048,0.0,2.495,0.0,FORMAT_ERROR
3976,DOC-0249,student_id,clean,field_8,0,1,0.2671,0.0,3.2216,0.0,FORMAT_ERROR
3977,DOC-0249,student_id,clean,field_9,0,1,0.4518,0.0,2.1813,0.0,FORMAT_ERROR
3978,DOC-0249,student_id,clean,field_10,0,1,0.1999,0.0,1.8412,0.0,FORMAT_ERROR
3979,DOC-0249,student_id,clean,field_11,0,1,0.3572,0.0,3.0937,0.0,FORMAT_ERROR
3980,DOC-0249,student_id,clean,field_12,0,1,0.396,0.0,1.6412,0.0,FORMAT_ERROR
3981,DOC-0249,student_id,clean,field_13,0,1,0.5896,0.0,0.8322,0.0,FORMAT_ERROR
3982,DOC-0249,student_id,clean,field_14,0,1,0.3401,0.0,0.6261,0.0,FORMAT_ERROR
3983,DOC-0249,student_id,clean,field_15,0,1,0.483,0.0,3.2542,0.0,FORMAT_ERROR
3984,DOC-0249,student_id,clean,field_16,0,1,0.276,0.0,3.075,0.0,FORMAT_ERROR
3985,DOC-0250,certificate,scanner_copy,field_1,0,1,0.2815,0.0,3.2323,0.0,FORMAT_ERROR
3986,DOC-0250,certificate,scanner_copy,field_2,0,1,0.4893,0.0,2.9147,0.0,FORMAT_ERROR
3987,DOC-0250,certificate,scanner_copy,field_3,0,1,0.1581,0.0,3.3884,0.0,FORMAT_ERROR
3988,DOC-0250,certificate,scanner_copy,field_4,0,1,0.477,0.0,1.4143,0.0,FORMAT_ERROR
3989,DOC-0250,certificate,scanner_copy,field_5,0,1,0.5232,0.0,1.3446,0.0,FORMAT_ERROR
3990,DOC-0250,certificate,scanner_copy,field_6,0,1,0.5427,0.0,0.8377,0.0,FORMAT_ERROR
3991,DOC-0250,certificate,scanner_copy,field_7,0,1,0.4667,0.0,2.1221,0.0,FORMAT_ERROR
3992,DOC-0250,certificate,scanner_copy,field_8,0,1,0.1934,0.0,1.2257,0.0,FORMAT_ERROR
3993,DOC-0250,certificate,scanner_copy,field_9,0,1,0.1556,0.0,1.9063,0.0,FORMAT_ERROR
3994,DOC-0250,certificate,scanner_copy,field_10,0,1,0.2856,0.0,2.2951,0.0,FORMAT_ERROR
3995,DOC-0250,certificate,scanner_copy,field_11,0,1,0.2838,0.0,1.3998,0.0,FORMAT_ERROR
3996,DOC-0250,certificate,scanner_copy,field_12,0,1,0.4844,0.0,0.6444,0.0,FORMAT_ERROR
3997,DOC-0250,certificate,scanner_copy,field_13,0,1,0.5563,0.0,3.0568,0.0,FORMAT_ERROR
3998,DOC-0250,certificate,scanner_copy,field_14,0,1,0.4505,0.0,2.2797,0.0,FORMAT_ERROR
3999,DOC-0250,certificate,scanner_copy,field_15,0,1,0.5515,0.0,1.056,0.0,FORMAT_ERROR
4000,DOC-0250,certificate,scanner_copy,field_16,0,1,0.1855,0.0,1.2185,0.0,FORMAT_ERROR
4001,DOC-0251,marksheet,mobile_camera,field_1,0,1,0.5076,0.0,0.604,0.0,FORMAT_ERROR
4002,DOC-0251,marksheet,mobile_camera,field_2,0,1,0.4123,0.0,3.4863,0.0,FORMAT_ERROR
4003,DOC-0251,marksheet,mobile_camera,field_3,0,1,0.5351,0.0,2.0643,0.0,FORMAT_ERROR
4004,DOC-0251,marksheet,mobile_camera,field_4,0,1,0.1786,0.0,2.9941,0.0,FORMAT_ERROR
4005,DOC-0251,marksheet,mobile_camera,field_5,0,1,0.4195,0.0,0.8448,0.0,FORMAT_ERROR
4006,DOC-0251,marksheet,mobile_camera,field_6,0,1,0.1922,0.0,3.2289,0.0,FORMAT_ERROR
4007,DOC-0251,marksheet,mobile_camera,field_7,0,1,0.4511,0.0,2.9879,0.0,FORMAT_ERROR
4008,DOC-0251,marksheet,mobile_camera,field_8,0,1,0.5455,0.0,2.2153,0.0,FORMAT_ERROR
4009,DOC-0251,marksheet,mobile_camera,field_9,0,1,0.3829,0.0,1.7913,0.0,FORMAT_ERROR
4010,DOC-0251,marksheet,mobile_camera,field_10,0,1,0.2926,0.0,1.8038,0.0,FORMAT_ERROR
4011,DOC-0251,marksheet,mobile_camera,field_11,0,1,0.4982,0.0,2.3058,0.0,FORMAT_ERROR
4012,DOC-0251,marksheet,mobile_camera,field_12,0,1,0.5516,0.0,1.8301,0.0,FORMAT_ERROR
4013,DOC-0251,marksheet,mobile_camera,field_13,0,1,0.4232,0.0,2.3939,0.0,FORMAT_ERROR
4014,DOC-0251,marksheet,mobile_camera,field_14,0,1,0.4163,0.0,2.6079,0.0,FORMAT_ERROR
4015,DOC-0251,marksheet,mobile_camera,field_15,0,1,0.2568,0.0,2.0371,0.0,FORMAT_ERROR
4016,DOC-0251,marksheet,mobile_camera,field_16,0,1,0.1969,0.0,1.6535,0.0,FORMAT_ERROR
4017,DOC-0252,student_id,rotated_90,field_1,0,1,0.3695,0.0,2.4567,0.0,FORMAT_ERROR
4018,DOC-0252,student_id,rotated_90,field_2,0,1,0.5777,0.0,2.302,0.0,FORMAT_ERROR
4019,DOC-0252,student_id,rotated_90,field_3,0,1,0.4846,0.0,2.0188,0.0,FORMAT_ERROR
4020,DOC-0252,student_id,rotated_90,field_4,0,1,0.4353,0.0,0.7128,0.0,FORMAT_ERROR
4021,DOC-0252,student_id,rotated_90,field_5,0,1,0.2645,0.0,1.5856,0.0,FORMAT_ERROR
4022,DOC-0252,student_id,rotated_90,field_6,0,1,0.3626,0.0,0.6369,0.0,FORMAT_ERROR
4023,DOC-0252,student_id,rotated_90,field_7,0,1,0.213,0.0,1.3304,0.0,FORMAT_ERROR
4024,DOC-0252,student_id,rotated_90,field_8,0,1,0.5872,0.0,1.494,0.0,FORMAT_ERROR
4025,DOC-0252,student_id,rotated_90,field_9,0,1,0.3669,0.0,1.0883,0.0,FORMAT_ERROR
4026,DOC-0252,student_id,rotated_90,field_10,0,1,0.4249,0.0,1.342,0.0,FORMAT_ERROR
4027,DOC-0252,student_id,rotated_90,field_11,0,1,0.2431,0.0,2.0497,0.0,FORMAT_ERROR
4028,DOC-0252,student_id,rotated_90,field_12,0,1,0.1525,0.0,0.523,0.0,FORMAT_ERROR
4029,DOC-0252,student_id,rotated_90,field_13,0,1,0.2486,0.0,0.6102,0.0,FORMAT_ERROR
4030,DOC-0252,student_id,rotated_90,field_14,0,1,0.1986,0.0,1.5166,0.0,FORMAT_ERROR
4031,DOC-0252,student_id,rotated_90,field_15,0,1,0.5112,0.0,2.2161,0.0,FORMAT_ERROR
4032,DOC-0252,student_id,rotated_90,field_16,0,1,0.3807,0.0,1.3805,0.0,FORMAT_ERROR
4033,DOC-0253,certificate,clean,field_1,0,1,0.5693,0.0,1.691,0.0,FORMAT_ERROR
4034,DOC-0253,certificate,clean,field_2,0,1,0.1892,0.0,2.3512,0.0,FORMAT_ERROR
4035,DOC-0253,certificate,clean,field_3,0,1,0.2012,0.0,1.5357,0.0,FORMAT_ERROR
4036,DOC-0253,certificate,clean,field_4,0,1,0.3783,0.0,3.1227,0.0,FORMAT_ERROR
4037,DOC-0253,certificate,clean,field_5,0,1,0.3721,0.0,2.6068,0.0,FORMAT_ERROR
4038,DOC-0253,certificate,clean,field_6,0,1,0.5968,0.0,0.8945,0.0,FORMAT_ERROR
4039,DOC-0253,certificate,clean,field_7,0,1,0.2736,0.0,1.6837,0.0,FORMAT_ERROR
4040,DOC-0253,certificate,clean,field_8,0,1,0.3398,0.0,1.7331,0.0,FORMAT_ERROR
4041,DOC-0253,certificate,clean,field_9,0,1,0.5584,0.0,2.6421,0.0,FORMAT_ERROR
4042,DOC-0253,certificate,clean,field_10,0,1,0.4236,0.0,1.4281,0.0,FORMAT_ERROR
4043,DOC-0253,certificate,clean,field_11,0,1,0.5207,0.0,3.3652,0.0,FORMAT_ERROR
4044,DOC-0253,certificate,clean,field_12,0,1,0.5195,0.0,0.5047,0.0,FORMAT_ERROR
4045,DOC-0253,certificate,clean,field_13,0,1,0.4364,0.0,0.6534,0.0,FORMAT_ERROR
4046,DOC-0253,certificate,clean,field_14,0,1,0.2659,0.0,0.6786,0.0,FORMAT_ERROR
4047,DOC-0253,certificate,clean,field_15,0,1,0.4217,0.0,2.5598,0.0,FORMAT_ERROR
4048,DOC-0253,certificate,clean,field_16,0,1,0.2015,0.0,1.6515,0.0,FORMAT_ERROR
4049,DOC-0254,marksheet,scanner_copy,field_1,0,1,0.3553,0.0,1.6072,0.0,FORMAT_ERROR
4050,DOC-0254,marksheet,scanner_copy,field_2,0,1,0.2045,0.0,1.7568,0.0,FORMAT_ERROR
4051,DOC-0254,marksheet,scanner_copy,field_3,0,1,0.488,0.0,0.713,0.0,FORMAT_ERROR
4052,DOC-0254,marksheet,scanner_copy,field_4,0,1,0.1861,0.0,1.5643,0.0,FORMAT_ERROR
4053,DOC-0254,marksheet,scanner_copy,field_5,0,1,0.5738,0.0,2.5057,0.0,FORMAT_ERROR
4054,DOC-0254,marksheet,scanner_copy,field_6,0,1,0.4554,0.0,1.5858,0.0,FORMAT_ERROR
4055,DOC-0254,marksheet,scanner_copy,field_7,0,1,0.4171,0.0,0.5304,0.0,FORMAT_ERROR
4056,DOC-0254,marksheet,scanner_copy,field_8,0,1,0.4362,0.0,3.2399,0.0,FORMAT_ERROR
4057,DOC-0254,marksheet,scanner_copy,field_9,0,1,0.4257,0.0,3.1211,0.0,FORMAT_ERROR
4058,DOC-0254,marksheet,scanner_copy,field_10,0,1,0.4758,0.0,0.8617,0.0,FORMAT_ERROR
4059,DOC-0254,marksheet,scanner_copy,field_11,0,1,0.5561,0.0,0.6993,0.0,FORMAT_ERROR
4060,DOC-0254,marksheet,scanner_copy,field_12,0,1,0.3903,0.0,0.9264,0.0,FORMAT_ERROR
4061,DOC-0254,marksheet,scanner_copy,field_13,0,1,0.1553,0.0,1.7661,0.0,FORMAT_ERROR
4062,DOC-0254,marksheet,scanner_copy,field_14,0,1,0.2828,0.0,1.958,0.0,FORMAT_ERROR
4063,DOC-0254,marksheet,scanner_copy,field_15,0,1,0.4097,0.0,0.6312,0.0,FORMAT_ERROR
4064,DOC-0254,marksheet,scanner_copy,field_16,0,1,0.2054,0.0,2.1759,0.0,FORMAT_ERROR
4065,DOC-0255,student_id,mobile_camera,field_1,0,1,0.3044,0.0,2.6875,0.0,FORMAT_ERROR
4066,DOC-0255,student_id,mobile_camera,field_2,0,1,0.4435,0.0,3.0368,0.0,FORMAT_ERROR
4067,DOC-0255,student_id,mobile_camera,field_3,0,1,0.4616,0.0,1.7898,0.0,FORMAT_ERROR
4068,DOC-0255,student_id,mobile_camera,field_4,0,1,0.4528,0.0,1.3261,0.0,FORMAT_ERROR
4069,DOC-0255,student_id,mobile_camera,field_5,0,1,0.2878,0.0,2.867,0.0,FORMAT_ERROR
4070,DOC-0255,student_id,mobile_camera,field_6,0,1,0.3509,0.0,2.8951,0.0,FORMAT_ERROR
4071,DOC-0255,student_id,mobile_camera,field_7,0,1,0.5201,0.0,3.0727,0.0,FORMAT_ERROR
4072,DOC-0255,student_id,mobile_camera,field_8,0,1,0.5625,0.0,1.793,0.0,FORMAT_ERROR
4073,DOC-0255,student_id,mobile_camera,field_9,0,1,0.2935,0.0,2.2466,0.0,FORMAT_ERROR
4074,DOC-0255,student_id,mobile_camera,field_10,0,1,0.317,0.0,2.3032,0.0,FORMAT_ERROR
4075,DOC-0255,student_id,mobile_camera,field_11,0,1,0.4675,0.0,2.5652,0.0,FORMAT_ERROR
4076,DOC-0255,student_id,mobile_camera,field_12,0,1,0.3185,0.0,1.0006,0.0,FORMAT_ERROR
4077,DOC-0255,student_id,mobile_camera,field_13,0,1,0.3437,0.0,0.9278,0.0,FORMAT_ERROR
4078,DOC-0255,student_id,mobile_camera,field_14,0,1,0.5505,0.0,1.5376,0.0,FORMAT_ERROR
4079,DOC-0255,student_id,mobile_camera,field_15,0,1,0.2195,0.0,0.5763,0.0,FORMAT_ERROR
4080,DOC-0255,student_id,mobile_camera,field_16,0,1,0.4406,0.0,2.4107,0.0,FORMAT_ERROR
4081,DOC-0256,certificate,rotated_90,field_1,0,1,0.3033,0.0,0.7151,0.0,FORMAT_ERROR
4082,DOC-0256,certificate,rotated_90,field_2,0,1,0.3343,0.0,1.4337,0.0,FORMAT_ERROR
4083,DOC-0256,certificate,rotated_90,field_3,0,1,0.4547,0.0,2.3173,0.0,FORMAT_ERROR
4084,DOC-0256,certificate,rotated_90,field_4,0,1,0.3141,0.0,1.1537,0.0,FORMAT_ERROR
4085,DOC-0256,certificate,rotated_90,field_5,0,1,0.5946,0.0,1.862,0.0,FORMAT_ERROR
4086,DOC-0256,certificate,rotated_90,field_6,0,1,0.4597,0.0,0.9217,0.0,FORMAT_ERROR
4087,DOC-0256,certificate,rotated_90,field_7,0,1,0.3685,0.0,0.5826,0.0,FORMAT_ERROR
4088,DOC-0256,certificate,rotated_90,field_8,0,1,0.3775,0.0,3.3921,0.0,FORMAT_ERROR
4089,DOC-0256,certificate,rotated_90,field_9,0,1,0.3229,0.0,0.617,0.0,FORMAT_ERROR
4090,DOC-0256,certificate,rotated_90,field_10,0,1,0.1639,0.0,1.664,0.0,FORMAT_ERROR
4091,DOC-0256,certificate,rotated_90,field_11,0,1,0.222,0.0,0.5701,0.0,FORMAT_ERROR
4092,DOC-0256,certificate,rotated_90,field_12,0,1,0.4903,0.0,1.8756,0.0,FORMAT_ERROR
4093,DOC-0256,certificate,rotated_90,field_13,0,1,0.2802,0.0,3.2002,0.0,FORMAT_ERROR
4094,DOC-0256,certificate,rotated_90,field_14,0,1,0.2023,0.0,3.3678,0.0,FORMAT_ERROR
4095,DOC-0256,certificate,rotated_90,field_15,0,1,0.2913,0.0,3.1652,0.0,FORMAT_ERROR
4096,DOC-0256,certificate,rotated_90,field_16,0,1,0.4213,0.0,2.9801,0.0,FORMAT_ERROR
4097,DOC-0257,marksheet,clean,field_1,0,1,0.5928,0.0,1.3652,0.0,FORMAT_ERROR
4098,DOC-0257,marksheet,clean,field_2,0,1,0.5825,0.0,1.6684,0.0,FORMAT_ERROR
4099,DOC-0257,marksheet,clean,field_3,0,1,0.3235,0.0,1.5212,0.0,FORMAT_ERROR
4100,DOC-0257,marksheet,clean,field_4,0,1,0.3936,0.0,0.9624,0.0,FORMAT_ERROR
4101,DOC-0257,marksheet,clean,field_5,0,1,0.3992,0.0,2.1251,0.0,FORMAT_ERROR
4102,DOC-0257,marksheet,clean,field_6,0,1,0.4929,0.0,3.0009,0.0,FORMAT_ERROR
4103,DOC-0257,marksheet,clean,field_7,0,1,0.3482,0.0,1.407,0.0,FORMAT_ERROR
4104,DOC-0257,marksheet,clean,field_8,0,1,0.2667,0.0,1.0839,0.0,FORMAT_ERROR
4105,DOC-0257,marksheet,clean,field_9,0,1,0.1759,0.0,1.5273,0.0,FORMAT_ERROR
4106,DOC-0257,marksheet,clean,field_10,0,1,0.2716,0.0,3.3993,0.0,FORMAT_ERROR
4107,DOC-0257,marksheet,clean,field_11,0,1,0.401,0.0,1.5418,0.0,FORMAT_ERROR
4108,DOC-0257,marksheet,clean,field_12,0,1,0.4112,0.0,0.9176,0.0,FORMAT_ERROR
4109,DOC-0257,marksheet,clean,field_13,0,1,0.3498,0.0,2.3787,0.0,FORMAT_ERROR
4110,DOC-0257,marksheet,clean,field_14,0,1,0.37,0.0,1.7053,0.0,FORMAT_ERROR
4111,DOC-0257,marksheet,clean,field_15,0,1,0.5972,0.0,3.1409,0.0,FORMAT_ERROR
4112,DOC-0257,marksheet,clean,field_16,0,1,0.4305,0.0,2.2081,0.0,FORMAT_ERROR
4113,DOC-0258,student_id,scanner_copy,field_1,0,1,0.4293,0.0,1.1039,0.0,FORMAT_ERROR
4114,DOC-0258,student_id,scanner_copy,field_2,0,1,0.3278,0.0,0.6184,0.0,FORMAT_ERROR
4115,DOC-0258,student_id,scanner_copy,field_3,0,1,0.364,0.0,2.1291,0.0,FORMAT_ERROR
4116,DOC-0258,student_id,scanner_copy,field_4,0,1,0.2525,0.0,3.3921,0.0,FORMAT_ERROR
4117,DOC-0258,student_id,scanner_copy,field_5,0,1,0.5593,0.0,2.6664,0.0,FORMAT_ERROR
4118,DOC-0258,student_id,scanner_copy,field_6,0,1,0.39,0.0,3.1099,0.0,FORMAT_ERROR
4119,DOC-0258,student_id,scanner_copy,field_7,0,1,0.2088,0.0,2.8715,0.0,FORMAT_ERROR
4120,DOC-0258,student_id,scanner_copy,field_8,0,1,0.2062,0.0,2.8826,0.0,FORMAT_ERROR
4121,DOC-0258,student_id,scanner_copy,field_9,0,1,0.2741,0.0,3.1313,0.0,FORMAT_ERROR
4122,DOC-0258,student_id,scanner_copy,field_10,0,1,0.5748,0.0,0.9464,0.0,FORMAT_ERROR
4123,DOC-0258,student_id,scanner_copy,field_11,0,1,0.3582,0.0,3.443,0.0,FORMAT_ERROR
4124,DOC-0258,student_id,scanner_copy,field_12,0,1,0.3675,0.0,3.0906,0.0,FORMAT_ERROR
4125,DOC-0258,student_id,scanner_copy,field_13,0,1,0.4149,0.0,1.626,0.0,FORMAT_ERROR
4126,DOC-0258,student_id,scanner_copy,field_14,0,1,0.2786,0.0,1.1097,0.0,FORMAT_ERROR
4127,DOC-0258,student_id,scanner_copy,field_15,0,1,0.4928,0.0,1.6596,0.0,FORMAT_ERROR
4128,DOC-0258,student_id,scanner_copy,field_16,0,1,0.3801,0.0,1.977,0.0,FORMAT_ERROR
4129,DOC-0259,certificate,mobile_camera,field_1,0,1,0.4098,0.0,3.0967,0.0,FORMAT_ERROR
4130,DOC-0259,certificate,mobile_camera,field_2,0,1,0.5913,0.0,1.7228,0.0,FORMAT_ERROR
4131,DOC-0259,certificate,mobile_camera,field_3,0,1,0.5224,0.0,2.7936,0.0,FORMAT_ERROR
4132,DOC-0259,certificate,mobile_camera,field_4,0,1,0.4081,0.0,3.3681,0.0,FORMAT_ERROR
4133,DOC-0259,certificate,mobile_camera,field_5,0,1,0.2402,0.0,0.8278,0.0,FORMAT_ERROR
4134,DOC-0259,certificate,mobile_camera,field_6,0,1,0.5343,0.0,1.8174,0.0,FORMAT_ERROR
4135,DOC-0259,certificate,mobile_camera,field_7,0,1,0.5311,0.0,3.1793,0.0,FORMAT_ERROR
4136,DOC-0259,certificate,mobile_camera,field_8,0,1,0.1781,0.0,3.1504,0.0,FORMAT_ERROR
4137,DOC-0259,certificate,mobile_camera,field_9,0,1,0.3517,0.0,2.0313,0.0,FORMAT_ERROR
4138,DOC-0259,certificate,mobile_camera,field_10,0,1,0.432,0.0,3.2791,0.0,FORMAT_ERROR
4139,DOC-0259,certificate,mobile_camera,field_11,0,1,0.1586,0.0,1.9305,0.0,FORMAT_ERROR
4140,DOC-0259,certificate,mobile_camera,field_12,0,1,0.4595,0.0,2.6681,0.0,FORMAT_ERROR
4141,DOC-0259,certificate,mobile_camera,field_13,0,1,0.4616,0.0,0.9033,0.0,FORMAT_ERROR
4142,DOC-0259,certificate,mobile_camera,field_14,0,1,0.2847,0.0,1.5761,0.0,FORMAT_ERROR
4143,DOC-0259,certificate,mobile_camera,field_15,0,1,0.512,0.0,1.3363,0.0,FORMAT_ERROR
4144,DOC-0259,certificate,mobile_camera,field_16,0,1,0.2448,0.0,3.3723,0.0,FORMAT_ERROR
4145,DOC-0260,marksheet,rotated_90,field_1,0,1,0.154,0.0,3.4935,0.0,FORMAT_ERROR
4146,DOC-0260,marksheet,rotated_90,field_2,0,1,0.4546,0.0,2.9854,0.0,FORMAT_ERROR
4147,DOC-0260,marksheet,rotated_90,field_3,0,1,0.2826,0.0,0.5429,0.0,FORMAT_ERROR
4148,DOC-0260,marksheet,rotated_90,field_4,0,1,0.482,0.0,3.0024,0.0,FORMAT_ERROR
4149,DOC-0260,marksheet,rotated_90,field_5,0,1,0.4832,0.0,0.9286,0.0,FORMAT_ERROR
4150,DOC-0260,marksheet,rotated_90,field_6,0,1,0.489,0.0,2.8068,0.0,FORMAT_ERROR
4151,DOC-0260,marksheet,rotated_90,field_7,0,1,0.4463,0.0,2.7983,0.0,FORMAT_ERROR
4152,DOC-0260,marksheet,rotated_90,field_8,0,1,0.5307,0.0,2.3408,0.0,FORMAT_ERROR
4153,DOC-0260,marksheet,rotated_90,field_9,0,1,0.1899,0.0,1.9629,0.0,FORMAT_ERROR
4154,DOC-0260,marksheet,rotated_90,field_10,0,1,0.1849,0.0,1.7226,0.0,FORMAT_ERROR
4155,DOC-0260,marksheet,rotated_90,field_11,0,1,0.3332,0.0,0.698,0.0,FORMAT_ERROR
4156,DOC-0260,marksheet,rotated_90,field_12,0,1,0.307,0.0,0.833,0.0,FORMAT_ERROR
4157,DOC-0260,marksheet,rotated_90,field_13,0,1,0.5137,0.0,3.3431,0.0,FORMAT_ERROR
4158,DOC-0260,marksheet,rotated_90,field_14,0,1,0.1825,0.0,3.3653,0.0,FORMAT_ERROR
4159,DOC-0260,marksheet,rotated_90,field_15,0,1,0.3852,0.0,1.3987,0.0,FORMAT_ERROR
4160,DOC-0260,marksheet,rotated_90,field_16,0,1,0.1846,0.0,2.0019,0.0,FORMAT_ERROR
4161,DOC-0261,student_id,clean,field_1,0,1,0.5075,0.0,2.6213,0.0,FORMAT_ERROR
4162,DOC-0261,student_id,clean,field_2,0,1,0.1726,0.0,0.7187,0.0,FORMAT_ERROR
4163,DOC-0261,student_id,clean,field_3,0,1,0.3313,0.0,1.3859,0.0,FORMAT_ERROR
4164,DOC-0261,student_id,clean,field_4,0,1,0.2546,0.0,1.343,0.0,FORMAT_ERROR
4165,DOC-0261,student_id,clean,field_5,0,1,0.5116,0.0,3.2877,0.0,FORMAT_ERROR
4166,DOC-0261,student_id,clean,field_6,0,1,0.3323,0.0,3.2183,0.0,FORMAT_ERROR
4167,DOC-0261,student_id,clean,field_7,0,1,0.2947,0.0,1.9293,0.0,FORMAT_ERROR
4168,DOC-0261,student_id,clean,field_8,0,1,0.2517,0.0,2.4214,0.0,FORMAT_ERROR
4169,DOC-0261,student_id,clean,field_9,0,1,0.5905,0.0,2.3105,0.0,FORMAT_ERROR
4170,DOC-0261,student_id,clean,field_10,0,1,0.311,0.0,2.4435,0.0,FORMAT_ERROR
4171,DOC-0261,student_id,clean,field_11,0,1,0.2053,0.0,3.166,0.0,FORMAT_ERROR
4172,DOC-0261,student_id,clean,field_12,0,1,0.3764,0.0,1.848,0.0,FORMAT_ERROR
4173,DOC-0261,student_id,clean,field_13,0,1,0.4136,0.0,2.3744,0.0,FORMAT_ERROR
4174,DOC-0261,student_id,clean,field_14,0,1,0.1823,0.0,2.5479,0.0,FORMAT_ERROR
4175,DOC-0261,student_id,clean,field_15,0,1,0.2589,0.0,2.6419,0.0,FORMAT_ERROR
4176,DOC-0261,student_id,clean,field_16,0,1,0.5201,0.0,2.9119,0.0,FORMAT_ERROR
4177,DOC-0262,certificate,scanner_copy,field_1,0,1,0.3986,0.0,2.0605,0.0,FORMAT_ERROR
4178,DOC-0262,certificate,scanner_copy,field_2,0,1,0.2143,0.0,2.826,0.0,FORMAT_ERROR
4179,DOC-0262,certificate,scanner_copy,field_3,0,1,0.2721,0.0,1.9901,0.0,FORMAT_ERROR
4180,DOC-0262,certificate,scanner_copy,field_4,0,1,0.2779,0.0,0.9015,0.0,FORMAT_ERROR
4181,DOC-0262,certificate,scanner_copy,field_5,0,1,0.4333,0.0,0.663,0.0,FORMAT_ERROR
4182,DOC-0262,certificate,scanner_copy,field_6,0,1,0.4869,0.0,1.4528,0.0,FORMAT_ERROR
4183,DOC-0262,certificate,scanner_copy,field_7,0,1,0.1501,0.0,2.0334,0.0,FORMAT_ERROR
4184,DOC-0262,certificate,scanner_copy,field_8,0,1,0.1711,0.0,1.3285,0.0,FORMAT_ERROR
4185,DOC-0262,certificate,scanner_copy,field_9,0,1,0.4681,0.0,0.6881,0.0,FORMAT_ERROR
4186,DOC-0262,certificate,scanner_copy,field_10,0,1,0.5277,0.0,0.5115,0.0,FORMAT_ERROR
4187,DOC-0262,certificate,scanner_copy,field_11,0,1,0.2611,0.0,2.7227,0.0,FORMAT_ERROR
4188,DOC-0262,certificate,scanner_copy,field_12,0,1,0.2923,0.0,0.8057,0.0,FORMAT_ERROR
4189,DOC-0262,certificate,scanner_copy,field_13,0,1,0.3121,0.0,1.3112,0.0,FORMAT_ERROR
4190,DOC-0262,certificate,scanner_copy,field_14,0,1,0.5292,0.0,1.44,0.0,FORMAT_ERROR
4191,DOC-0262,certificate,scanner_copy,field_15,0,1,0.505,0.0,3.1756,0.0,FORMAT_ERROR
4192,DOC-0262,certificate,scanner_copy,field_16,0,1,0.3452,0.0,3.2298,0.0,FORMAT_ERROR
4193,DOC-0263,marksheet,mobile_camera,field_1,0,1,0.3198,0.0,3.3922,0.0,FORMAT_ERROR
4194,DOC-0263,marksheet,mobile_camera,field_2,0,1,0.1902,0.0,2.5611,0.0,FORMAT_ERROR
4195,DOC-0263,marksheet,mobile_camera,field_3,0,1,0.3722,0.0,1.6629,0.0,FORMAT_ERROR
4196,DOC-0263,marksheet,mobile_camera,field_4,0,1,0.4347,0.0,2.6116,0.0,FORMAT_ERROR
4197,DOC-0263,marksheet,mobile_camera,field_5,0,1,0.152,0.0,1.0009,0.0,FORMAT_ERROR
4198,DOC-0263,marksheet,mobile_camera,field_6,0,1,0.4709,0.0,2.4992,0.0,FORMAT_ERROR
4199,DOC-0263,marksheet,mobile_camera,field_7,0,1,0.5847,0.0,2.7831,0.0,FORMAT_ERROR
4200,DOC-0263,marksheet,mobile_camera,field_8,0,1,0.5778,0.0,2.6076,0.0,FORMAT_ERROR
4201,DOC-0263,marksheet,mobile_camera,field_9,0,1,0.2841,0.0,0.8161,0.0,FORMAT_ERROR
4202,DOC-0263,marksheet,mobile_camera,field_10,0,1,0.5018,0.0,2.4324,0.0,FORMAT_ERROR
4203,DOC-0263,marksheet,mobile_camera,field_11,0,1,0.1717,0.0,1.5802,0.0,FORMAT_ERROR
4204,DOC-0263,marksheet,mobile_camera,field_12,0,1,0.5806,0.0,2.0012,0.0,FORMAT_ERROR
4205,DOC-0263,marksheet,mobile_camera,field_13,0,1,0.3447,0.0,1.8731,0.0,FORMAT_ERROR
4206,DOC-0263,marksheet,mobile_camera,field_14,0,1,0.244,0.0,1.6061,0.0,FORMAT_ERROR
4207,DOC-0263,marksheet,mobile_camera,field_15,0,1,0.3164,0.0,0.6571,0.0,FORMAT_ERROR
4208,DOC-0263,marksheet,mobile_camera,field_16,0,1,0.4954,0.0,1.7495,0.0,FORMAT_ERROR
4209,DOC-0264,student_id,rotated_90,field_1,0,1,0.52,0.0,3.051,0.0,FORMAT_ERROR
4210,DOC-0264,student_id,rotated_90,field_2,0,1,0.2454,0.0,2.4721,0.0,FORMAT_ERROR
4211,DOC-0264,student_id,rotated_90,field_3,0,1,0.3625,0.0,3.1405,0.0,FORMAT_ERROR
4212,DOC-0264,student_id,rotated_90,field_4,0,1,0.2471,0.0,2.5334,0.0,FORMAT_ERROR
4213,DOC-0264,student_id,rotated_90,field_5,0,1,0.4235,0.0,1.3859,0.0,FORMAT_ERROR
4214,DOC-0264,student_id,rotated_90,field_6,0,1,0.2115,0.0,2.4549,0.0,FORMAT_ERROR
4215,DOC-0264,student_id,rotated_90,field_7,0,1,0.4824,0.0,1.4469,0.0,FORMAT_ERROR
4216,DOC-0264,student_id,rotated_90,field_8,0,1,0.4402,0.0,1.6854,0.0,FORMAT_ERROR
4217,DOC-0264,student_id,rotated_90,field_9,0,1,0.4709,0.0,1.0976,0.0,FORMAT_ERROR
4218,DOC-0264,student_id,rotated_90,field_10,0,1,0.5506,0.0,1.3622,0.0,FORMAT_ERROR
4219,DOC-0264,student_id,rotated_90,field_11,0,1,0.3155,0.0,0.6743,0.0,FORMAT_ERROR
4220,DOC-0264,student_id,rotated_90,field_12,0,1,0.2002,0.0,2.0476,0.0,FORMAT_ERROR
4221,DOC-0264,student_id,rotated_90,field_13,0,1,0.2704,0.0,3.0064,0.0,FORMAT_ERROR
4222,DOC-0264,student_id,rotated_90,field_14,0,1,0.1566,0.0,1.6373,0.0,FORMAT_ERROR
4223,DOC-0264,student_id,rotated_90,field_15,0,1,0.3018,0.0,0.558,0.0,FORMAT_ERROR
4224,DOC-0264,student_id,rotated_90,field_16,0,1,0.206,0.0,1.7409,0.0,FORMAT_ERROR
4225,DOC-0265,certificate,clean,field_1,0,1,0.3718,0.0,1.7129,0.0,FORMAT_ERROR
4226,DOC-0265,certificate,clean,field_2,0,1,0.3889,0.0,2.2854,0.0,FORMAT_ERROR
4227,DOC-0265,certificate,clean,field_3,0,1,0.1545,0.0,1.8923,0.0,FORMAT_ERROR
4228,DOC-0265,certificate,clean,field_4,0,1,0.5836,0.0,2.0571,0.0,FORMAT_ERROR
4229,DOC-0265,certificate,clean,field_5,0,1,0.4549,0.0,1.4356,0.0,FORMAT_ERROR
4230,DOC-0265,certificate,clean,field_6,0,1,0.4983,0.0,2.8188,0.0,FORMAT_ERROR
4231,DOC-0265,certificate,clean,field_7,0,1,0.3846,0.0,3.428,0.0,FORMAT_ERROR
4232,DOC-0265,certificate,clean,field_8,0,1,0.2065,0.0,0.5508,0.0,FORMAT_ERROR
4233,DOC-0265,certificate,clean,field_9,0,1,0.4966,0.0,2.9215,0.0,FORMAT_ERROR
4234,DOC-0265,certificate,clean,field_10,0,1,0.2041,0.0,1.2967,0.0,FORMAT_ERROR
4235,DOC-0265,certificate,clean,field_11,0,1,0.1579,0.0,1.3799,0.0,FORMAT_ERROR
4236,DOC-0265,certificate,clean,field_12,0,1,0.4979,0.0,2.0539,0.0,FORMAT_ERROR
4237,DOC-0265,certificate,clean,field_13,0,1,0.3066,0.0,1.6152,0.0,FORMAT_ERROR
4238,DOC-0265,certificate,clean,field_14,0,1,0.1506,0.0,1.3994,0.0,FORMAT_ERROR
4239,DOC-0265,certificate,clean,field_15,0,1,0.4409,0.0,3.4226,0.0,FORMAT_ERROR
4240,DOC-0265,certificate,clean,field_16,0,1,0.5312,0.0,0.5708,0.0,FORMAT_ERROR
4241,DOC-0266,marksheet,scanner_copy,field_1,0,1,0.5544,0.0,2.8496,0.0,FORMAT_ERROR
4242,DOC-0266,marksheet,scanner_copy,field_2,0,1,0.5012,0.0,1.874,0.0,FORMAT_ERROR
4243,DOC-0266,marksheet,scanner_copy,field_3,0,1,0.3291,0.0,1.4087,0.0,FORMAT_ERROR
4244,DOC-0266,marksheet,scanner_copy,field_4,0,1,0.1796,0.0,1.1847,0.0,FORMAT_ERROR
4245,DOC-0266,marksheet,scanner_copy,field_5,0,1,0.261,0.0,1.9522,0.0,FORMAT_ERROR
4246,DOC-0266,marksheet,scanner_copy,field_6,0,1,0.4863,0.0,1.9214,0.0,FORMAT_ERROR
4247,DOC-0266,marksheet,scanner_copy,field_7,0,1,0.176,0.0,3.3734,0.0,FORMAT_ERROR
4248,DOC-0266,marksheet,scanner_copy,field_8,0,1,0.5742,0.0,2.8556,0.0,FORMAT_ERROR
4249,DOC-0266,marksheet,scanner_copy,field_9,0,1,0.5961,0.0,2.1334,0.0,FORMAT_ERROR
4250,DOC-0266,marksheet,scanner_copy,field_10,0,1,0.5832,0.0,0.7268,0.0,FORMAT_ERROR
4251,DOC-0266,marksheet,scanner_copy,field_11,0,1,0.3146,0.0,1.1761,0.0,FORMAT_ERROR
4252,DOC-0266,marksheet,scanner_copy,field_12,0,1,0.2381,0.0,0.9224,0.0,FORMAT_ERROR
4253,DOC-0266,marksheet,scanner_copy,field_13,0,1,0.4301,0.0,2.844,0.0,FORMAT_ERROR
4254,DOC-0266,marksheet,scanner_copy,field_14,0,1,0.4102,0.0,0.9409,0.0,FORMAT_ERROR
4255,DOC-0266,marksheet,scanner_copy,field_15,0,1,0.515,0.0,2.4079,0.0,FORMAT_ERROR
4256,DOC-0266,marksheet,scanner_copy,field_16,0,1,0.3247,0.0,2.5224,0.0,FORMAT_ERROR
4257,DOC-0267,student_id,mobile_camera,field_1,0,1,0.267,0.0,1.5356,0.0,FORMAT_ERROR
4258,DOC-0267,student_id,mobile_camera,field_2,0,1,0.5629,0.0,1.3715,0.0,FORMAT_ERROR
4259,DOC-0267,student_id,mobile_camera,field_3,0,1,0.3615,0.0,3.1704,0.0,FORMAT_ERROR
4260,DOC-0267,student_id,mobile_camera,field_4,0,1,0.4685,0.0,0.6866,0.0,FORMAT_ERROR
4261,DOC-0267,student_id,mobile_camera,field_5,0,1,0.2163,0.0,0.5235,0.0,FORMAT_ERROR
4262,DOC-0267,student_id,mobile_camera,field_6,0,1,0.4339,0.0,1.843,0.0,FORMAT_ERROR
4263,DOC-0267,student_id,mobile_camera,field_7,0,1,0.2104,0.0,3.3738,0.0,FORMAT_ERROR
4264,DOC-0267,student_id,mobile_camera,field_8,0,1,0.3883,0.0,1.2257,0.0,FORMAT_ERROR
4265,DOC-0267,student_id,mobile_camera,field_9,0,1,0.3753,0.0,2.5389,0.0,FORMAT_ERROR
4266,DOC-0267,student_id,mobile_camera,field_10,0,1,0.1843,0.0,1.3241,0.0,FORMAT_ERROR
4267,DOC-0267,student_id,mobile_camera,field_11,0,1,0.5131,0.0,1.879,0.0,FORMAT_ERROR
4268,DOC-0267,student_id,mobile_camera,field_12,0,1,0.396,0.0,1.7984,0.0,FORMAT_ERROR
4269,DOC-0267,student_id,mobile_camera,field_13,0,1,0.1698,0.0,0.9972,0.0,FORMAT_ERROR
4270,DOC-0267,student_id,mobile_camera,field_14,0,1,0.3505,0.0,1.1276,0.0,FORMAT_ERROR
4271,DOC-0267,student_id,mobile_camera,field_15,0,1,0.1725,0.0,3.0309,0.0,FORMAT_ERROR
4272,DOC-0267,student_id,mobile_camera,field_16,0,1,0.5915,0.0,2.8794,0.0,FORMAT_ERROR
4273,DOC-0268,certificate,rotated_90,field_1,0,1,0.5342,0.0,1.2259,0.0,FORMAT_ERROR
4274,DOC-0268,certificate,rotated_90,field_2,0,1,0.5823,0.0,1.0908,0.0,FORMAT_ERROR
4275,DOC-0268,certificate,rotated_90,field_3,0,1,0.5781,0.0,3.4845,0.0,FORMAT_ERROR
4276,DOC-0268,certificate,rotated_90,field_4,0,1,0.4703,0.0,3.4434,0.0,FORMAT_ERROR
4277,DOC-0268,certificate,rotated_90,field_5,0,1,0.4063,0.0,1.2786,0.0,FORMAT_ERROR
4278,DOC-0268,certificate,rotated_90,field_6,0,1,0.3466,0.0,2.2807,0.0,FORMAT_ERROR
4279,DOC-0268,certificate,rotated_90,field_7,0,1,0.1829,0.0,2.367,0.0,FORMAT_ERROR
4280,DOC-0268,certificate,rotated_90,field_8,0,1,0.5915,0.0,1.0703,0.0,FORMAT_ERROR
4281,DOC-0268,certificate,rotated_90,field_9,0,1,0.5067,0.0,3.2237,0.0,FORMAT_ERROR
4282,DOC-0268,certificate,rotated_90,field_10,0,1,0.5747,0.0,3.3804,0.0,FORMAT_ERROR
4283,DOC-0268,certificate,rotated_90,field_11,0,1,0.3847,0.0,3.4319,0.0,FORMAT_ERROR
4284,DOC-0268,certificate,rotated_90,field_12,0,1,0.4908,0.0,0.985,0.0,FORMAT_ERROR
4285,DOC-0268,certificate,rotated_90,field_13,0,1,0.3646,0.0,2.655,0.0,FORMAT_ERROR
4286,DOC-0268,certificate,rotated_90,field_14,0,1,0.2613,0.0,2.4218,0.0,FORMAT_ERROR
4287,DOC-0268,certificate,rotated_90,field_15,0,1,0.45,0.0,0.9881,0.0,FORMAT_ERROR
4288,DOC-0268,certificate,rotated_90,field_16,0,1,0.4043,0.0,2.8149,0.0,FORMAT_ERROR
4289,DOC-0269,marksheet,clean,field_1,0,1,0.3745,0.0,0.5363,0.0,FORMAT_ERROR
4290,DOC-0269,marksheet,clean,field_2,0,1,0.1541,0.0,1.5711,0.0,FORMAT_ERROR
4291,DOC-0269,marksheet,clean,field_3,0,1,0.5668,0.0,1.186,0.0,FORMAT_ERROR
4292,DOC-0269,marksheet,clean,field_4,0,1,0.4355,0.0,1.1662,0.0,FORMAT_ERROR
4293,DOC-0269,marksheet,clean,field_5,0,1,0.2948,0.0,3.0441,0.0,FORMAT_ERROR
4294,DOC-0269,marksheet,clean,field_6,0,1,0.478,0.0,0.7862,0.0,FORMAT_ERROR
4295,DOC-0269,marksheet,clean,field_7,0,1,0.3429,0.0,0.5875,0.0,FORMAT_ERROR
4296,DOC-0269,marksheet,clean,field_8,0,1,0.3664,0.0,2.4873,0.0,FORMAT_ERROR
4297,DOC-0269,marksheet,clean,field_9,0,1,0.2033,0.0,1.3667,0.0,FORMAT_ERROR
4298,DOC-0269,marksheet,clean,field_10,0,1,0.329,0.0,3.2586,0.0,FORMAT_ERROR
4299,DOC-0269,marksheet,clean,field_11,0,1,0.597,0.0,0.6347,0.0,FORMAT_ERROR
4300,DOC-0269,marksheet,clean,field_12,0,1,0.4925,0.0,1.6152,0.0,FORMAT_ERROR
4301,DOC-0269,marksheet,clean,field_13,0,1,0.3266,0.0,2.7628,0.0,FORMAT_ERROR
4302,DOC-0269,marksheet,clean,field_14,0,1,0.5633,0.0,3.3528,0.0,FORMAT_ERROR
4303,DOC-0269,marksheet,clean,field_15,0,1,0.4097,0.0,1.5714,0.0,FORMAT_ERROR
4304,DOC-0269,marksheet,clean,field_16,0,1,0.5044,0.0,1.253,0.0,FORMAT_ERROR
4305,DOC-0270,student_id,scanner_copy,field_1,0,1,0.4038,0.0,1.5757,0.0,FORMAT_ERROR
4306,DOC-0270,student_id,scanner_copy,field_2,0,1,0.4455,0.0,1.2212,0.0,FORMAT_ERROR
4307,DOC-0270,student_id,scanner_copy,field_3,0,1,0.2362,0.0,3.2547,0.0,FORMAT_ERROR
4308,DOC-0270,student_id,scanner_copy,field_4,0,1,0.1958,0.0,2.0179,0.0,FORMAT_ERROR
4309,DOC-0270,student_id,scanner_copy,field_5,0,1,0.2494,0.0,0.6168,0.0,FORMAT_ERROR
4310,DOC-0270,student_id,scanner_copy,field_6,0,1,0.1662,0.0,1.0257,0.0,FORMAT_ERROR
4311,DOC-0270,student_id,scanner_copy,field_7,0,1,0.54,0.0,1.3474,0.0,FORMAT_ERROR
4312,DOC-0270,student_id,scanner_copy,field_8,0,1,0.5777,0.0,2.2449,0.0,FORMAT_ERROR
4313,DOC-0270,student_id,scanner_copy,field_9,0,1,0.3465,0.0,2.2403,0.0,FORMAT_ERROR
4314,DOC-0270,student_id,scanner_copy,field_10,0,1,0.3825,0.0,2.7763,0.0,FORMAT_ERROR
4315,DOC-0270,student_id,scanner_copy,field_11,0,1,0.2771,0.0,1.5592,0.0,FORMAT_ERROR
4316,DOC-0270,student_id,scanner_copy,field_12,0,1,0.5523,0.0,3.3394,0.0,FORMAT_ERROR
4317,DOC-0270,student_id,scanner_copy,field_13,0,1,0.5517,0.0,1.7583,0.0,FORMAT_ERROR
4318,DOC-0270,student_id,scanner_copy,field_14,0,1,0.5012,0.0,1.929,0.0,FORMAT_ERROR
4319,DOC-0270,student_id,scanner_copy,field_15,0,1,0.3739,0.0,1.114,0.0,FORMAT_ERROR
4320,DOC-0270,student_id,scanner_copy,field_16,0,1,0.416,0.0,1.0584,0.0,FORMAT_ERROR
4321,DOC-0271,certificate,mobile_camera,field_1,0,1,0.2992,0.0,3.0651,0.0,FORMAT_ERROR
4322,DOC-0271,certificate,mobile_camera,field_2,0,1,0.2432,0.0,0.7135,0.0,FORMAT_ERROR
4323,DOC-0271,certificate,mobile_camera,field_3,0,1,0.1811,0.0,3.3224,0.0,FORMAT_ERROR
4324,DOC-0271,certificate,mobile_camera,field_4,0,1,0.3781,0.0,1.7282,0.0,FORMAT_ERROR
4325,DOC-0271,certificate,mobile_camera,field_5,0,1,0.5149,0.0,3.0075,0.0,FORMAT_ERROR
4326,DOC-0271,certificate,mobile_camera,field_6,0,1,0.2995,0.0,2.5809,0.0,FORMAT_ERROR
4327,DOC-0271,certificate,mobile_camera,field_7,0,1,0.497,0.0,2.464,0.0,FORMAT_ERROR
4328,DOC-0271,certificate,mobile_camera,field_8,0,1,0.2182,0.0,3.1276,0.0,FORMAT_ERROR
4329,DOC-0271,certificate,mobile_camera,field_9,0,1,0.3926,0.0,1.3474,0.0,FORMAT_ERROR
4330,DOC-0271,certificate,mobile_camera,field_10,0,1,0.3414,0.0,0.6127,0.0,FORMAT_ERROR
4331,DOC-0271,certificate,mobile_camera,field_11,0,1,0.2075,0.0,2.7966,0.0,FORMAT_ERROR
4332,DOC-0271,certificate,mobile_camera,field_12,0,1,0.15,0.0,1.7497,0.0,FORMAT_ERROR
4333,DOC-0271,certificate,mobile_camera,field_13,0,1,0.3851,0.0,0.6639,0.0,FORMAT_ERROR
4334,DOC-0271,certificate,mobile_camera,field_14,0,1,0.5879,0.0,1.1784,0.0,FORMAT_ERROR
4335,DOC-0271,certificate,mobile_camera,field_15,0,1,0.2869,0.0,1.4118,0.0,FORMAT_ERROR
4336,DOC-0271,certificate,mobile_camera,field_16,0,1,0.2537,0.0,0.5044,0.0,FORMAT_ERROR
4337,DOC-0272,marksheet,rotated_90,field_1,0,1,0.4782,0.0,3.4005,0.0,FORMAT_ERROR
4338,DOC-0272,marksheet,rotated_90,field_2,0,1,0.2509,0.0,2.4891,0.0,FORMAT_ERROR
4339,DOC-0272,marksheet,rotated_90,field_3,0,1,0.4839,0.0,3.0453,0.0,FORMAT_ERROR
4340,DOC-0272,marksheet,rotated_90,field_4,0,1,0.3402,0.0,1.4088,0.0,FORMAT_ERROR
4341,DOC-0272,marksheet,rotated_90,field_5,0,1,0.2964,0.0,2.6379,0.0,FORMAT_ERROR
4342,DOC-0272,marksheet,rotated_90,field_6,0,1,0.5176,0.0,1.0448,0.0,FORMAT_ERROR
4343,DOC-0272,marksheet,rotated_90,field_7,0,1,0.3169,0.0,3.2058,0.0,FORMAT_ERROR
4344,DOC-0272,marksheet,rotated_90,field_8,0,1,0.513,0.0,3.4546,0.0,FORMAT_ERROR
4345,DOC-0272,marksheet,rotated_90,field_9,0,1,0.4894,0.0,1.6796,0.0,FORMAT_ERROR
4346,DOC-0272,marksheet,rotated_90,field_10,0,1,0.4158,0.0,2.483,0.0,FORMAT_ERROR
4347,DOC-0272,marksheet,rotated_90,field_11,0,1,0.1853,0.0,2.1335,0.0,FORMAT_ERROR
4348,DOC-0272,marksheet,rotated_90,field_12,0,1,0.4692,0.0,1.002,0.0,FORMAT_ERROR
4349,DOC-0272,marksheet,rotated_90,field_13,0,1,0.5013,0.0,2.2513,0.0,FORMAT_ERROR
4350,DOC-0272,marksheet,rotated_90,field_14,0,1,0.5785,0.0,0.6273,0.0,FORMAT_ERROR
4351,DOC-0272,marksheet,rotated_90,field_15,0,1,0.2694,0.0,2.3047,0.0,FORMAT_ERROR
4352,DOC-0272,marksheet,rotated_90,field_16,0,1,0.2835,0.0,2.6433,0.0,FORMAT_ERROR
4353,DOC-0273,student_id,clean,field_1,0,1,0.4916,0.0,0.8075,0.0,FORMAT_ERROR
4354,DOC-0273,student_id,clean,field_2,0,1,0.3812,0.0,2.0267,0.0,FORMAT_ERROR
4355,DOC-0273,student_id,clean,field_3,0,1,0.3162,0.0,3.2988,0.0,FORMAT_ERROR
4356,DOC-0273,student_id,clean,field_4,0,1,0.5224,0.0,2.5916,0.0,FORMAT_ERROR
4357,DOC-0273,student_id,clean,field_5,0,1,0.4714,0.0,1.8851,0.0,FORMAT_ERROR
4358,DOC-0273,student_id,clean,field_6,0,1,0.5644,0.0,2.5838,0.0,FORMAT_ERROR
4359,DOC-0273,student_id,clean,field_7,0,1,0.478,0.0,3.0851,0.0,FORMAT_ERROR
4360,DOC-0273,student_id,clean,field_8,0,1,0.2733,0.0,2.9212,0.0,FORMAT_ERROR
4361,DOC-0273,student_id,clean,field_9,0,1,0.2379,0.0,1.536,0.0,FORMAT_ERROR
4362,DOC-0273,student_id,clean,field_10,0,1,0.301,0.0,3.4356,0.0,FORMAT_ERROR
4363,DOC-0273,student_id,clean,field_11,0,1,0.5354,0.0,2.6035,0.0,FORMAT_ERROR
4364,DOC-0273,student_id,clean,field_12,0,1,0.4772,0.0,2.1862,0.0,FORMAT_ERROR
4365,DOC-0273,student_id,clean,field_13,0,1,0.5762,0.0,1.9888,0.0,FORMAT_ERROR
4366,DOC-0273,student_id,clean,field_14,0,1,0.3212,0.0,0.9891,0.0,FORMAT_ERROR
4367,DOC-0273,student_id,clean,field_15,0,1,0.5038,0.0,2.7033,0.0,FORMAT_ERROR
4368,DOC-0273,student_id,clean,field_16,0,1,0.323,0.0,0.5756,0.0,FORMAT_ERROR
4369,DOC-0274,certificate,scanner_copy,field_1,0,1,0.5275,0.0,0.5343,0.0,FORMAT_ERROR
4370,DOC-0274,certificate,scanner_copy,field_2,0,1,0.4667,0.0,3.4108,0.0,FORMAT_ERROR
4371,DOC-0274,certificate,scanner_copy,field_3,0,1,0.3469,0.0,1.2049,0.0,FORMAT_ERROR
4372,DOC-0274,certificate,scanner_copy,field_4,0,1,0.4672,0.0,2.9514,0.0,FORMAT_ERROR
4373,DOC-0274,certificate,scanner_copy,field_5,0,1,0.3959,0.0,3.4011,0.0,FORMAT_ERROR
4374,DOC-0274,certificate,scanner_copy,field_6,0,1,0.1733,0.0,2.0144,0.0,FORMAT_ERROR
4375,DOC-0274,certificate,scanner_copy,field_7,0,1,0.4733,0.0,3.0879,0.0,FORMAT_ERROR
4376,DOC-0274,certificate,scanner_copy,field_8,0,1,0.2307,0.0,2.9,0.0,FORMAT_ERROR
4377,DOC-0274,certificate,scanner_copy,field_9,0,1,0.3987,0.0,1.6897,0.0,FORMAT_ERROR
4378,DOC-0274,certificate,scanner_copy,field_10,0,1,0.2093,0.0,3.0959,0.0,FORMAT_ERROR
4379,DOC-0274,certificate,scanner_copy,field_11,0,1,0.2208,0.0,1.4294,0.0,FORMAT_ERROR
4380,DOC-0274,certificate,scanner_copy,field_12,0,1,0.2805,0.0,3.1142,0.0,FORMAT_ERROR
4381,DOC-0274,certificate,scanner_copy,field_13,0,1,0.4527,0.0,2.89,0.0,FORMAT_ERROR
4382,DOC-0274,certificate,scanner_copy,field_14,0,1,0.2627,0.0,2.3746,0.0,FORMAT_ERROR
4383,DOC-0274,certificate,scanner_copy,field_15,0,1,0.4073,0.0,2.9985,0.0,FORMAT_ERROR
4384,DOC-0274,certificate,scanner_copy,field_16,0,1,0.5577,0.0,0.5365,0.0,FORMAT_ERROR
4385,DOC-0275,marksheet,mobile_camera,field_1,0,1,0.4533,0.0,0.6555,0.0,FORMAT_ERROR
4386,DOC-0275,marksheet,mobile_camera,field_2,0,1,0.397,0.0,1.3629,0.0,FORMAT_ERROR
4387,DOC-0275,marksheet,mobile_camera,field_3,0,1,0.288,0.0,1.5589,0.0,FORMAT_ERROR
4388,DOC-0275,marksheet,mobile_camera,field_4,0,1,0.4296,0.0,1.5021,0.0,FORMAT_ERROR
4389,DOC-0275,marksheet,mobile_camera,field_5,0,1,0.4797,0.0,1.7136,0.0,FORMAT_ERROR
4390,DOC-0275,marksheet,mobile_camera,field_6,0,1,0.1808,0.0,2.8513,0.0,FORMAT_ERROR
4391,DOC-0275,marksheet,mobile_camera,field_7,0,1,0.2786,0.0,1.7983,0.0,FORMAT_ERROR
4392,DOC-0275,marksheet,mobile_camera,field_8,0,1,0.4584,0.0,1.4974,0.0,FORMAT_ERROR
4393,DOC-0275,marksheet,mobile_camera,field_9,0,1,0.1755,0.0,1.6218,0.0,FORMAT_ERROR
4394,DOC-0275,marksheet,mobile_camera,field_10,0,1,0.575,0.0,2.4252,0.0,FORMAT_ERROR
4395,DOC-0275,marksheet,mobile_camera,field_11,0,1,0.4522,0.0,2.3968,0.0,FORMAT_ERROR
4396,DOC-0275,marksheet,mobile_camera,field_12,0,1,0.2395,0.0,1.755,0.0,FORMAT_ERROR
4397,DOC-0275,marksheet,mobile_camera,field_13,0,1,0.4879,0.0,0.8041,0.0,FORMAT_ERROR
4398,DOC-0275,marksheet,mobile_camera,field_14,0,1,0.275,0.0,1.329,0.0,FORMAT_ERROR
4399,DOC-0275,marksheet,mobile_camera,field_15,0,1,0.3444,0.0,3.4411,0.0,FORMAT_ERROR
4400,DOC-0275,marksheet,mobile_camera,field_16,0,1,0.1804,0.0,2.0561,0.0,FORMAT_ERROR
4401,DOC-0276,student_id,rotated_90,field_1,0,1,0.2307,0.0,3.412,0.0,FORMAT_ERROR
4402,DOC-0276,student_id,rotated_90,field_2,0,1,0.201,0.0,1.7108,0.0,FORMAT_ERROR
4403,DOC-0276,student_id,rotated_90,field_3,0,1,0.482,0.0,2.6137,0.0,FORMAT_ERROR
4404,DOC-0276,student_id,rotated_90,field_4,0,1,0.3402,0.0,1.5396,0.0,FORMAT_ERROR
4405,DOC-0276,student_id,rotated_90,field_5,0,1,0.3289,0.0,1.2928,0.0,FORMAT_ERROR
4406,DOC-0276,student_id,rotated_90,field_6,0,1,0.2424,0.0,1.9491,0.0,FORMAT_ERROR
4407,DOC-0276,student_id,rotated_90,field_7,0,1,0.2708,0.0,1.3624,0.0,FORMAT_ERROR
4408,DOC-0276,student_id,rotated_90,field_8,0,1,0.4455,0.0,3.4056,0.0,FORMAT_ERROR
4409,DOC-0276,student_id,rotated_90,field_9,0,1,0.4216,0.0,0.7309,0.0,FORMAT_ERROR
4410,DOC-0276,student_id,rotated_90,field_10,0,1,0.184,0.0,3.3543,0.0,FORMAT_ERROR
4411,DOC-0276,student_id,rotated_90,field_11,0,1,0.2838,0.0,0.7762,0.0,FORMAT_ERROR
4412,DOC-0276,student_id,rotated_90,field_12,0,1,0.4196,0.0,2.3709,0.0,FORMAT_ERROR
4413,DOC-0276,student_id,rotated_90,field_13,0,1,0.4418,0.0,1.3022,0.0,FORMAT_ERROR
4414,DOC-0276,student_id,rotated_90,field_14,0,1,0.1568,0.0,3.395,0.0,FORMAT_ERROR
4415,DOC-0276,student_id,rotated_90,field_15,0,1,0.2629,0.0,2.5281,0.0,FORMAT_ERROR
4416,DOC-0276,student_id,rotated_90,field_16,0,1,0.468,0.0,2.33,0.0,FORMAT_ERROR
4417,DOC-0277,certificate,clean,field_1,0,1,0.2908,0.0,1.3133,0.0,FORMAT_ERROR
4418,DOC-0277,certificate,clean,field_2,0,1,0.419,0.0,3.0983,0.0,FORMAT_ERROR
4419,DOC-0277,certificate,clean,field_3,0,1,0.576,0.0,0.8177,0.0,FORMAT_ERROR
4420,DOC-0277,certificate,clean,field_4,0,1,0.2197,0.0,3.3342,0.0,FORMAT_ERROR
4421,DOC-0277,certificate,clean,field_5,0,1,0.4814,0.0,3.149,0.0,FORMAT_ERROR
4422,DOC-0277,certificate,clean,field_6,0,1,0.2412,0.0,2.2628,0.0,FORMAT_ERROR
4423,DOC-0277,certificate,clean,field_7,0,1,0.4655,0.0,2.5403,0.0,FORMAT_ERROR
4424,DOC-0277,certificate,clean,field_8,0,1,0.3337,0.0,0.5462,0.0,FORMAT_ERROR
4425,DOC-0277,certificate,clean,field_9,0,1,0.4123,0.0,1.2593,0.0,FORMAT_ERROR
4426,DOC-0277,certificate,clean,field_10,0,1,0.3526,0.0,3.3727,0.0,FORMAT_ERROR
4427,DOC-0277,certificate,clean,field_11,0,1,0.3296,0.0,3.0194,0.0,FORMAT_ERROR
4428,DOC-0277,certificate,clean,field_12,0,1,0.2348,0.0,2.5174,0.0,FORMAT_ERROR
4429,DOC-0277,certificate,clean,field_13,0,1,0.5897,0.0,0.8057,0.0,FORMAT_ERROR
4430,DOC-0277,certificate,clean,field_14,0,1,0.1537,0.0,1.8007,0.0,FORMAT_ERROR
4431,DOC-0277,certificate,clean,field_15,0,1,0.1917,0.0,2.7452,0.0,FORMAT_ERROR
4432,DOC-0277,certificate,clean,field_16,0,1,0.5615,0.0,1.8021,0.0,FORMAT_ERROR
4433,DOC-0278,marksheet,scanner_copy,field_1,0,1,0.2664,0.0,1.8032,0.0,FORMAT_ERROR
4434,DOC-0278,marksheet,scanner_copy,field_2,0,1,0.4756,0.0,0.5272,0.0,FORMAT_ERROR
4435,DOC-0278,marksheet,scanner_copy,field_3,0,1,0.4153,0.0,2.3399,0.0,FORMAT_ERROR
4436,DOC-0278,marksheet,scanner_copy,field_4,0,1,0.437,0.0,1.2261,0.0,FORMAT_ERROR
4437,DOC-0278,marksheet,scanner_copy,field_5,0,1,0.4713,0.0,0.7742,0.0,FORMAT_ERROR
4438,DOC-0278,marksheet,scanner_copy,field_6,0,1,0.2397,0.0,3.1324,0.0,FORMAT_ERROR
4439,DOC-0278,marksheet,scanner_copy,field_7,0,1,0.4824,0.0,0.5412,0.0,FORMAT_ERROR
4440,DOC-0278,marksheet,scanner_copy,field_8,0,1,0.2618,0.0,1.1432,0.0,FORMAT_ERROR
4441,DOC-0278,marksheet,scanner_copy,field_9,0,1,0.2719,0.0,1.2427,0.0,FORMAT_ERROR
4442,DOC-0278,marksheet,scanner_copy,field_10,0,1,0.1781,0.0,1.8768,0.0,FORMAT_ERROR
4443,DOC-0278,marksheet,scanner_copy,field_11,0,1,0.4797,0.0,2.3202,0.0,FORMAT_ERROR
4444,DOC-0278,marksheet,scanner_copy,field_12,0,1,0.4528,0.0,0.7434,0.0,FORMAT_ERROR
4445,DOC-0278,marksheet,scanner_copy,field_13,0,1,0.5782,0.0,3.0155,0.0,FORMAT_ERROR
4446,DOC-0278,marksheet,scanner_copy,field_14,0,1,0.5123,0.0,2.969,0.0,FORMAT_ERROR
4447,DOC-0278,marksheet,scanner_copy,field_15,0,1,0.5697,0.0,2.1328,0.0,FORMAT_ERROR
4448,DOC-0278,marksheet,scanner_copy,field_16,0,1,0.2401,0.0,2.3504,0.0,FORMAT_ERROR
4449,DOC-0279,student_id,mobile_camera,field_1,0,1,0.4843,0.0,2.7138,0.0,FORMAT_ERROR
4450,DOC-0279,student_id,mobile_camera,field_2,0,1,0.3847,0.0,0.7054,0.0,FORMAT_ERROR
4451,DOC-0279,student_id,mobile_camera,field_3,0,1,0.317,0.0,3.2623,0.0,FORMAT_ERROR
4452,DOC-0279,student_id,mobile_camera,field_4,0,1,0.413,0.0,2.115,0.0,FORMAT_ERROR
4453,DOC-0279,student_id,mobile_camera,field_5,0,1,0.271,0.0,1.6053,0.0,FORMAT_ERROR
4454,DOC-0279,student_id,mobile_camera,field_6,0,1,0.5529,0.0,2.4994,0.0,FORMAT_ERROR
4455,DOC-0279,student_id,mobile_camera,field_7,0,1,0.5043,0.0,1.863,0.0,FORMAT_ERROR
4456,DOC-0279,student_id,mobile_camera,field_8,0,1,0.4336,0.0,1.2452,0.0,FORMAT_ERROR
4457,DOC-0279,student_id,mobile_camera,field_9,0,1,0.4675,0.0,1.7828,0.0,FORMAT_ERROR
4458,DOC-0279,student_id,mobile_camera,field_10,0,1,0.3491,0.0,2.448,0.0,FORMAT_ERROR
4459,DOC-0279,student_id,mobile_camera,field_11,0,1,0.5713,0.0,0.692,0.0,FORMAT_ERROR
4460,DOC-0279,student_id,mobile_camera,field_12,0,1,0.5211,0.0,1.3771,0.0,FORMAT_ERROR
4461,DOC-0279,student_id,mobile_camera,field_13,0,1,0.3498,0.0,0.5657,0.0,FORMAT_ERROR
4462,DOC-0279,student_id,mobile_camera,field_14,0,1,0.2855,0.0,2.0079,0.0,FORMAT_ERROR
4463,DOC-0279,student_id,mobile_camera,field_15,0,1,0.1753,0.0,1.9733,0.0,FORMAT_ERROR
4464,DOC-0279,student_id,mobile_camera,field_16,0,1,0.5672,0.0,0.8162,0.0,FORMAT_ERROR
4465,DOC-0280,certificate,rotated_90,field_1,0,1,0.494,0.0,1.729,0.0,FORMAT_ERROR
4466,DOC-0280,certificate,rotated_90,field_2,0,1,0.4448,0.0,1.2807,0.0,FORMAT_ERROR
4467,DOC-0280,certificate,rotated_90,field_3,0,1,0.2218,0.0,0.9814,0.0,FORMAT_ERROR
4468,DOC-0280,certificate,rotated_90,field_4,0,1,0.1817,0.0,1.0569,0.0,FORMAT_ERROR
4469,DOC-0280,certificate,rotated_90,field_5,0,1,0.4489,0.0,3.1451,0.0,FORMAT_ERROR
4470,DOC-0280,certificate,rotated_90,field_6,0,1,0.5164,0.0,2.5554,0.0,FORMAT_ERROR
4471,DOC-0280,certificate,rotated_90,field_7,0,1,0.1997,0.0,1.3676,0.0,FORMAT_ERROR
4472,DOC-0280,certificate,rotated_90,field_8,0,1,0.2894,0.0,1.2499,0.0,FORMAT_ERROR
4473,DOC-0280,certificate,rotated_90,field_9,0,1,0.3818,0.0,2.1067,0.0,FORMAT_ERROR
4474,DOC-0280,certificate,rotated_90,field_10,0,1,0.3106,0.0,1.5614,0.0,FORMAT_ERROR
4475,DOC-0280,certificate,rotated_90,field_11,0,1,0.5229,0.0,2.8679,0.0,FORMAT_ERROR
4476,DOC-0280,certificate,rotated_90,field_12,0,1,0.2885,0.0,3.2414,0.0,FORMAT_ERROR
4477,DOC-0280,certificate,rotated_90,field_13,0,1,0.5788,0.0,1.4802,0.0,FORMAT_ERROR
4478,DOC-0280,certificate,rotated_90,field_14,0,1,0.3095,0.0,2.0169,0.0,FORMAT_ERROR
4479,DOC-0280,certificate,rotated_90,field_15,0,1,0.5735,0.0,3.129,0.0,FORMAT_ERROR
4480,DOC-0280,certificate,rotated_90,field_16,0,1,0.1962,0.0,1.6782,0.0,FORMAT_ERROR
4481,DOC-0281,marksheet,clean,field_1,0,1,0.399,0.0,2.0094,0.0,FORMAT_ERROR
4482,DOC-0281,marksheet,clean,field_2,0,1,0.2372,0.0,3.0765,0.0,FORMAT_ERROR
4483,DOC-0281,marksheet,clean,field_3,0,1,0.4546,0.0,3.0137,0.0,FORMAT_ERROR
4484,DOC-0281,marksheet,clean,field_4,0,1,0.5364,0.0,2.7451,0.0,FORMAT_ERROR
4485,DOC-0281,marksheet,clean,field_5,0,1,0.3476,0.0,2.3316,0.0,FORMAT_ERROR
4486,DOC-0281,marksheet,clean,field_6,0,1,0.2222,0.0,2.5209,0.0,FORMAT_ERROR
4487,DOC-0281,marksheet,clean,field_7,0,1,0.2307,0.0,2.5818,0.0,FORMAT_ERROR
4488,DOC-0281,marksheet,clean,field_8,0,1,0.2533,0.0,0.8527,0.0,FORMAT_ERROR
4489,DOC-0281,marksheet,clean,field_9,0,1,0.2244,0.0,0.506,0.0,FORMAT_ERROR
4490,DOC-0281,marksheet,clean,field_10,0,1,0.4734,0.0,2.6972,0.0,FORMAT_ERROR
4491,DOC-0281,marksheet,clean,field_11,0,1,0.3817,0.0,0.9841,0.0,FORMAT_ERROR
4492,DOC-0281,marksheet,clean,field_12,0,1,0.1876,0.0,0.5574,0.0,FORMAT_ERROR
4493,DOC-0281,marksheet,clean,field_13,0,1,0.2246,0.0,3.1726,0.0,FORMAT_ERROR
4494,DOC-0281,marksheet,clean,field_14,0,1,0.2587,0.0,1.5628,0.0,FORMAT_ERROR
4495,DOC-0281,marksheet,clean,field_15,0,1,0.1974,0.0,1.1671,0.0,FORMAT_ERROR
4496,DOC-0281,marksheet,clean,field_16,0,1,0.3837,0.0,2.3233,0.0,FORMAT_ERROR
4497,DOC-0282,student_id,scanner_copy,field_1,0,1,0.2604,0.0,0.6732,0.0,FORMAT_ERROR
4498,DOC-0282,student_id,scanner_copy,field_2,0,1,0.326,0.0,1.2026,0.0,FORMAT_ERROR
4499,DOC-0282,student_id,scanner_copy,field_3,0,1,0.2488,0.0,3.3796,0.0,FORMAT_ERROR
4500,DOC-0282,student_id,scanner_copy,field_4,0,1,0.4273,0.0,2.1706,0.0,FORMAT_ERROR
4501,DOC-0282,student_id,scanner_copy,field_5,0,1,0.3371,0.0,1.7868,0.0,FORMAT_ERROR
4502,DOC-0282,student_id,scanner_copy,field_6,0,1,0.3934,0.0,2.5893,0.0,FORMAT_ERROR
4503,DOC-0282,student_id,scanner_copy,field_7,0,1,0.466,0.0,1.0151,0.0,FORMAT_ERROR
4504,DOC-0282,student_id,scanner_copy,field_8,0,1,0.3751,0.0,1.7359,0.0,FORMAT_ERROR
4505,DOC-0282,student_id,scanner_copy,field_9,0,1,0.5417,0.0,2.3943,0.0,FORMAT_ERROR
4506,DOC-0282,student_id,scanner_copy,field_10,0,1,0.3896,0.0,0.8462,0.0,FORMAT_ERROR
4507,DOC-0282,student_id,scanner_copy,field_11,0,1,0.4225,0.0,0.8516,0.0,FORMAT_ERROR
4508,DOC-0282,student_id,scanner_copy,field_12,0,1,0.3017,0.0,0.9285,0.0,FORMAT_ERROR
4509,DOC-0282,student_id,scanner_copy,field_13,0,1,0.4614,0.0,1.1188,0.0,FORMAT_ERROR
4510,DOC-0282,student_id,scanner_copy,field_14,0,1,0.3263,0.0,3.187,0.0,FORMAT_ERROR
4511,DOC-0282,student_id,scanner_copy,field_15,0,1,0.2419,0.0,2.0234,0.0,FORMAT_ERROR
4512,DOC-0282,student_id,scanner_copy,field_16,0,1,0.3387,0.0,0.5544,0.0,FORMAT_ERROR
4513,DOC-0283,certificate,mobile_camera,field_1,0,1,0.5067,0.0,0.7071,0.0,FORMAT_ERROR
4514,DOC-0283,certificate,mobile_camera,field_2,0,1,0.3634,0.0,2.182,0.0,FORMAT_ERROR
4515,DOC-0283,certificate,mobile_camera,field_3,0,1,0.4328,0.0,2.5659,0.0,FORMAT_ERROR
4516,DOC-0283,certificate,mobile_camera,field_4,0,1,0.264,0.0,0.5299,0.0,FORMAT_ERROR
4517,DOC-0283,certificate,mobile_camera,field_5,0,1,0.4755,0.0,2.107,0.0,FORMAT_ERROR
4518,DOC-0283,certificate,mobile_camera,field_6,0,1,0.5263,0.0,2.9642,0.0,FORMAT_ERROR
4519,DOC-0283,certificate,mobile_camera,field_7,0,1,0.5295,0.0,1.9553,0.0,FORMAT_ERROR
4520,DOC-0283,certificate,mobile_camera,field_8,0,1,0.3001,0.0,2.8747,0.0,FORMAT_ERROR
4521,DOC-0283,certificate,mobile_camera,field_9,0,1,0.3531,0.0,1.0503,0.0,FORMAT_ERROR
4522,DOC-0283,certificate,mobile_camera,field_10,0,1,0.5347,0.0,3.1477,0.0,FORMAT_ERROR
4523,DOC-0283,certificate,mobile_camera,field_11,0,1,0.3598,0.0,0.7271,0.0,FORMAT_ERROR
4524,DOC-0283,certificate,mobile_camera,field_12,0,1,0.3245,0.0,2.9106,0.0,FORMAT_ERROR
4525,DOC-0283,certificate,mobile_camera,field_13,0,1,0.5558,0.0,1.1104,0.0,FORMAT_ERROR
4526,DOC-0283,certificate,mobile_camera,field_14,0,1,0.1801,0.0,3.1321,0.0,FORMAT_ERROR
4527,DOC-0283,certificate,mobile_camera,field_15,0,1,0.3252,0.0,2.1253,0.0,FORMAT_ERROR
4528,DOC-0283,certificate,mobile_camera,field_16,0,1,0.5856,0.0,0.6997,0.0,FORMAT_ERROR
4529,DOC-0284,marksheet,rotated_90,field_1,0,1,0.4417,0.0,0.7223,0.0,FORMAT_ERROR
4530,DOC-0284,marksheet,rotated_90,field_2,0,1,0.319,0.0,2.9114,0.0,FORMAT_ERROR
4531,DOC-0284,marksheet,rotated_90,field_3,0,1,0.3451,0.0,3.4915,0.0,FORMAT_ERROR
4532,DOC-0284,marksheet,rotated_90,field_4,0,1,0.4016,0.0,1.4635,0.0,FORMAT_ERROR
4533,DOC-0284,marksheet,rotated_90,field_5,0,1,0.2491,0.0,1.5516,0.0,FORMAT_ERROR
4534,DOC-0284,marksheet,rotated_90,field_6,0,1,0.3176,0.0,0.7061,0.0,FORMAT_ERROR
4535,DOC-0284,marksheet,rotated_90,field_7,0,1,0.3163,0.0,1.8927,0.0,FORMAT_ERROR
4536,DOC-0284,marksheet,rotated_90,field_8,0,1,0.4752,0.0,2.4702,0.0,FORMAT_ERROR
4537,DOC-0284,marksheet,rotated_90,field_9,0,1,0.4689,0.0,0.5251,0.0,FORMAT_ERROR
4538,DOC-0284,marksheet,rotated_90,field_10,0,1,0.248,0.0,2.4851,0.0,FORMAT_ERROR
4539,DOC-0284,marksheet,rotated_90,field_11,0,1,0.3678,0.0,0.5159,0.0,FORMAT_ERROR
4540,DOC-0284,marksheet,rotated_90,field_12,0,1,0.512,0.0,2.8184,0.0,FORMAT_ERROR
4541,DOC-0284,marksheet,rotated_90,field_13,0,1,0.3968,0.0,0.6994,0.0,FORMAT_ERROR
4542,DOC-0284,marksheet,rotated_90,field_14,0,1,0.4949,0.0,2.2511,0.0,FORMAT_ERROR
4543,DOC-0284,marksheet,rotated_90,field_15,0,1,0.5019,0.0,2.7552,0.0,FORMAT_ERROR
4544,DOC-0284,marksheet,rotated_90,field_16,0,1,0.5114,0.0,2.054,0.0,FORMAT_ERROR
4545,DOC-0285,student_id,clean,field_1,0,1,0.2131,0.0,2.5135,0.0,FORMAT_ERROR
4546,DOC-0285,student_id,clean,field_2,0,1,0.4292,0.0,2.7268,0.0,FORMAT_ERROR
4547,DOC-0285,student_id,clean,field_3,0,1,0.2264,0.0,1.0849,0.0,FORMAT_ERROR
4548,DOC-0285,student_id,clean,field_4,0,1,0.5507,0.0,2.7499,0.0,FORMAT_ERROR
4549,DOC-0285,student_id,clean,field_5,0,1,0.5587,0.0,2.7761,0.0,FORMAT_ERROR
4550,DOC-0285,student_id,clean,field_6,0,1,0.4187,0.0,2.4624,0.0,FORMAT_ERROR
4551,DOC-0285,student_id,clean,field_7,0,1,0.5501,0.0,2.2364,0.0,FORMAT_ERROR
4552,DOC-0285,student_id,clean,field_8,0,1,0.4346,0.0,0.9694,0.0,FORMAT_ERROR
4553,DOC-0285,student_id,clean,field_9,0,1,0.3633,0.0,2.6492,0.0,FORMAT_ERROR
4554,DOC-0285,student_id,clean,field_10,0,1,0.2719,0.0,1.1068,0.0,FORMAT_ERROR
4555,DOC-0285,student_id,clean,field_11,0,1,0.2912,0.0,1.2245,0.0,FORMAT_ERROR
4556,DOC-0285,student_id,clean,field_12,0,1,0.2467,0.0,1.7746,0.0,FORMAT_ERROR
4557,DOC-0285,student_id,clean,field_13,0,1,0.5585,0.0,2.0212,0.0,FORMAT_ERROR
4558,DOC-0285,student_id,clean,field_14,0,1,0.2346,0.0,0.7309,0.0,FORMAT_ERROR
4559,DOC-0285,student_id,clean,field_15,0,1,0.4633,0.0,1.6484,0.0,FORMAT_ERROR
4560,DOC-0285,student_id,clean,field_16,0,1,0.5198,0.0,2.4785,0.0,FORMAT_ERROR
4561,DOC-0286,certificate,scanner_copy,field_1,0,1,0.5083,0.0,1.3158,0.0,FORMAT_ERROR
4562,DOC-0286,certificate,scanner_copy,field_2,0,1,0.4616,0.0,1.2922,0.0,FORMAT_ERROR
4563,DOC-0286,certificate,scanner_copy,field_3,0,1,0.5726,0.0,2.4091,0.0,FORMAT_ERROR
4564,DOC-0286,certificate,scanner_copy,field_4,0,1,0.296,0.0,1.3085,0.0,FORMAT_ERROR
4565,DOC-0286,certificate,scanner_copy,field_5,0,1,0.2359,0.0,2.5839,0.0,FORMAT_ERROR
4566,DOC-0286,certificate,scanner_copy,field_6,0,1,0.2484,0.0,2.2859,0.0,FORMAT_ERROR
4567,DOC-0286,certificate,scanner_copy,field_7,0,1,0.2691,0.0,2.4859,0.0,FORMAT_ERROR
4568,DOC-0286,certificate,scanner_copy,field_8,0,1,0.5167,0.0,2.8341,0.0,FORMAT_ERROR
4569,DOC-0286,certificate,scanner_copy,field_9,0,1,0.4924,0.0,1.0632,0.0,FORMAT_ERROR
4570,DOC-0286,certificate,scanner_copy,field_10,0,1,0.1898,0.0,2.5968,0.0,FORMAT_ERROR
4571,DOC-0286,certificate,scanner_copy,field_11,0,1,0.3158,0.0,1.797,0.0,FORMAT_ERROR
4572,DOC-0286,certificate,scanner_copy,field_12,0,1,0.164,0.0,1.2787,0.0,FORMAT_ERROR
4573,DOC-0286,certificate,scanner_copy,field_13,0,1,0.1652,0.0,3.1376,0.0,FORMAT_ERROR
4574,DOC-0286,certificate,scanner_copy,field_14,0,1,0.2595,0.0,2.172,0.0,FORMAT_ERROR
4575,DOC-0286,certificate,scanner_copy,field_15,0,1,0.1675,0.0,2.5005,0.0,FORMAT_ERROR
4576,DOC-0286,certificate,scanner_copy,field_16,0,1,0.2954,0.0,3.1938,0.0,FORMAT_ERROR
4577,DOC-0287,marksheet,mobile_camera,field_1,0,1,0.5497,0.0,1.4759,0.0,FORMAT_ERROR
4578,DOC-0287,marksheet,mobile_camera,field_2,0,1,0.5554,0.0,3.4885,0.0,FORMAT_ERROR
4579,DOC-0287,marksheet,mobile_camera,field_3,0,1,0.5214,0.0,3.0346,0.0,FORMAT_ERROR
4580,DOC-0287,marksheet,mobile_camera,field_4,0,1,0.2621,0.0,2.2301,0.0,FORMAT_ERROR
4581,DOC-0287,marksheet,mobile_camera,field_5,0,1,0.1803,0.0,0.7848,0.0,FORMAT_ERROR
4582,DOC-0287,marksheet,mobile_camera,field_6,0,1,0.5995,0.0,1.4799,0.0,FORMAT_ERROR
4583,DOC-0287,marksheet,mobile_camera,field_7,0,1,0.4867,0.0,2.92,0.0,FORMAT_ERROR
4584,DOC-0287,marksheet,mobile_camera,field_8,0,1,0.5361,0.0,3.4929,0.0,FORMAT_ERROR
4585,DOC-0287,marksheet,mobile_camera,field_9,0,1,0.2587,0.0,0.6211,0.0,FORMAT_ERROR
4586,DOC-0287,marksheet,mobile_camera,field_10,0,1,0.335,0.0,0.8902,0.0,FORMAT_ERROR
4587,DOC-0287,marksheet,mobile_camera,field_11,0,1,0.1601,0.0,1.5813,0.0,FORMAT_ERROR
4588,DOC-0287,marksheet,mobile_camera,field_12,0,1,0.5027,0.0,2.1985,0.0,FORMAT_ERROR
4589,DOC-0287,marksheet,mobile_camera,field_13,0,1,0.2908,0.0,2.463,0.0,FORMAT_ERROR
4590,DOC-0287,marksheet,mobile_camera,field_14,0,1,0.2544,0.0,0.5431,0.0,FORMAT_ERROR
4591,DOC-0287,marksheet,mobile_camera,field_15,0,1,0.494,0.0,2.3712,0.0,FORMAT_ERROR
4592,DOC-0287,marksheet,mobile_camera,field_16,0,1,0.493,0.0,0.6168,0.0,FORMAT_ERROR
4593,DOC-0288,student_id,rotated_90,field_1,0,1,0.5267,0.0,2.3586,0.0,FORMAT_ERROR
4594,DOC-0288,student_id,rotated_90,field_2,0,1,0.4035,0.0,2.3738,0.0,FORMAT_ERROR
4595,DOC-0288,student_id,rotated_90,field_3,0,1,0.539,0.0,2.2608,0.0,FORMAT_ERROR
4596,DOC-0288,student_id,rotated_90,field_4,0,1,0.4114,0.0,3.472,0.0,FORMAT_ERROR
4597,DOC-0288,student_id,rotated_90,field_5,0,1,0.4905,0.0,1.8269,0.0,FORMAT_ERROR
4598,DOC-0288,student_id,rotated_90,field_6,0,1,0.4683,0.0,1.6677,0.0,FORMAT_ERROR
4599,DOC-0288,student_id,rotated_90,field_7,0,1,0.253,0.0,2.2906,0.0,FORMAT_ERROR
4600,DOC-0288,student_id,rotated_90,field_8,0,1,0.5677,0.0,3.2874,0.0,FORMAT_ERROR
4601,DOC-0288,student_id,rotated_90,field_9,0,1,0.3039,0.0,2.083,0.0,FORMAT_ERROR
4602,DOC-0288,student_id,rotated_90,field_10,0,1,0.2452,0.0,3.4869,0.0,FORMAT_ERROR
4603,DOC-0288,student_id,rotated_90,field_11,0,1,0.5915,0.0,2.4485,0.0,FORMAT_ERROR
4604,DOC-0288,student_id,rotated_90,field_12,0,1,0.512,0.0,2.6453,0.0,FORMAT_ERROR
4605,DOC-0288,student_id,rotated_90,field_13,0,1,0.4169,0.0,0.66,0.0,FORMAT_ERROR
4606,DOC-0288,student_id,rotated_90,field_14,0,1,0.3546,0.0,2.5244,0.0,FORMAT_ERROR
4607,DOC-0288,student_id,rotated_90,field_15,0,1,0.4549,0.0,1.6194,0.0,FORMAT_ERROR
4608,DOC-0288,student_id,rotated_90,field_16,0,1,0.5738,0.0,1.0021,0.0,FORMAT_ERROR
4609,DOC-0289,certificate,clean,field_1,0,1,0.3752,0.0,2.5727,0.0,FORMAT_ERROR
4610,DOC-0289,certificate,clean,field_2,0,1,0.4637,0.0,2.4459,0.0,FORMAT_ERROR
4611,DOC-0289,certificate,clean,field_3,0,1,0.2739,0.0,0.9686,0.0,FORMAT_ERROR
4612,DOC-0289,certificate,clean,field_4,0,1,0.4362,0.0,2.2979,0.0,FORMAT_ERROR
4613,DOC-0289,certificate,clean,field_5,0,1,0.2307,0.0,2.6154,0.0,FORMAT_ERROR
4614,DOC-0289,certificate,clean,field_6,0,1,0.3548,0.0,2.5033,0.0,FORMAT_ERROR
4615,DOC-0289,certificate,clean,field_7,0,1,0.5268,0.0,1.0092,0.0,FORMAT_ERROR
4616,DOC-0289,certificate,clean,field_8,0,1,0.1586,0.0,2.8373,0.0,FORMAT_ERROR
4617,DOC-0289,certificate,clean,field_9,0,1,0.4244,0.0,2.5989,0.0,FORMAT_ERROR
4618,DOC-0289,certificate,clean,field_10,0,1,0.5272,0.0,2.9084,0.0,FORMAT_ERROR
4619,DOC-0289,certificate,clean,field_11,0,1,0.5824,0.0,2.1078,0.0,FORMAT_ERROR
4620,DOC-0289,certificate,clean,field_12,0,1,0.3698,0.0,1.7057,0.0,FORMAT_ERROR
4621,DOC-0289,certificate,clean,field_13,0,1,0.2192,0.0,2.2178,0.0,FORMAT_ERROR
4622,DOC-0289,certificate,clean,field_14,0,1,0.2747,0.0,3.2639,0.0,FORMAT_ERROR
4623,DOC-0289,certificate,clean,field_15,0,1,0.4124,0.0,2.2785,0.0,FORMAT_ERROR
4624,DOC-0289,certificate,clean,field_16,0,1,0.3097,0.0,0.656,0.0,FORMAT_ERROR
4625,DOC-0290,marksheet,scanner_copy,field_1,0,1,0.1643,0.0,1.77,0.0,FORMAT_ERROR
4626,DOC-0290,marksheet,scanner_copy,field_2,0,1,0.1881,0.0,2.3205,0.0,FORMAT_ERROR
4627,DOC-0290,marksheet,scanner_copy,field_3,0,1,0.5464,0.0,3.1487,0.0,FORMAT_ERROR
4628,DOC-0290,marksheet,scanner_copy,field_4,0,1,0.4466,0.0,1.1337,0.0,FORMAT_ERROR
4629,DOC-0290,marksheet,scanner_copy,field_5,0,1,0.5383,0.0,3.1583,0.0,FORMAT_ERROR
4630,DOC-0290,marksheet,scanner_copy,field_6,0,1,0.2385,0.0,2.7123,0.0,FORMAT_ERROR
4631,DOC-0290,marksheet,scanner_copy,field_7,0,1,0.2789,0.0,2.9079,0.0,FORMAT_ERROR
4632,DOC-0290,marksheet,scanner_copy,field_8,0,1,0.5988,0.0,0.5901,0.0,FORMAT_ERROR
4633,DOC-0290,marksheet,scanner_copy,field_9,0,1,0.5538,0.0,2.3679,0.0,FORMAT_ERROR
4634,DOC-0290,marksheet,scanner_copy,field_10,0,1,0.588,0.0,1.895,0.0,FORMAT_ERROR
4635,DOC-0290,marksheet,scanner_copy,field_11,0,1,0.5313,0.0,0.6872,0.0,FORMAT_ERROR
4636,DOC-0290,marksheet,scanner_copy,field_12,0,1,0.3009,0.0,0.701,0.0,FORMAT_ERROR
4637,DOC-0290,marksheet,scanner_copy,field_13,0,1,0.5889,0.0,2.9509,0.0,FORMAT_ERROR
4638,DOC-0290,marksheet,scanner_copy,field_14,0,1,0.5336,0.0,3.3139,0.0,FORMAT_ERROR
4639,DOC-0290,marksheet,scanner_copy,field_15,0,1,0.1883,0.0,1.6568,0.0,FORMAT_ERROR
4640,DOC-0290,marksheet,scanner_copy,field_16,0,1,0.182,0.0,1.1324,0.0,FORMAT_ERROR
4641,DOC-0291,student_id,mobile_camera,field_1,0,1,0.2532,0.0,1.9073,0.0,FORMAT_ERROR
4642,DOC-0291,student_id,mobile_camera,field_2,0,1,0.2709,0.0,0.8029,0.0,FORMAT_ERROR
4643,DOC-0291,student_id,mobile_camera,field_3,0,1,0.2254,0.0,0.9418,0.0,FORMAT_ERROR
4644,DOC-0291,student_id,mobile_camera,field_4,0,1,0.5879,0.0,2.7779,0.0,FORMAT_ERROR
4645,DOC-0291,student_id,mobile_camera,field_5,0,1,0.5855,0.0,1.8192,0.0,FORMAT_ERROR
4646,DOC-0291,student_id,mobile_camera,field_6,0,1,0.2753,0.0,2.8949,0.0,FORMAT_ERROR
4647,DOC-0291,student_id,mobile_camera,field_7,0,1,0.2968,0.0,1.3982,0.0,FORMAT_ERROR
4648,DOC-0291,student_id,mobile_camera,field_8,0,1,0.2546,0.0,0.889,0.0,FORMAT_ERROR
4649,DOC-0291,student_id,mobile_camera,field_9,0,1,0.2654,0.0,1.566,0.0,FORMAT_ERROR
4650,DOC-0291,student_id,mobile_camera,field_10,0,1,0.4533,0.0,0.6877,0.0,FORMAT_ERROR
4651,DOC-0291,student_id,mobile_camera,field_11,0,1,0.2447,0.0,2.9271,0.0,FORMAT_ERROR
4652,DOC-0291,student_id,mobile_camera,field_12,0,1,0.2161,0.0,1.5279,0.0,FORMAT_ERROR
4653,DOC-0291,student_id,mobile_camera,field_13,0,1,0.5391,0.0,0.9648,0.0,FORMAT_ERROR
4654,DOC-0291,student_id,mobile_camera,field_14,0,1,0.1872,0.0,1.9536,0.0,FORMAT_ERROR
4655,DOC-0291,student_id,mobile_camera,field_15,0,1,0.2861,0.0,2.1902,0.0,FORMAT_ERROR
4656,DOC-0291,student_id,mobile_camera,field_16,0,1,0.5117,0.0,0.9114,0.0,FORMAT_ERROR
4657,DOC-0292,certificate,rotated_90,field_1,0,1,0.4113,0.0,2.0165,0.0,FORMAT_ERROR
4658,DOC-0292,certificate,rotated_90,field_2,0,1,0.2148,0.0,2.372,0.0,FORMAT_ERROR
4659,DOC-0292,certificate,rotated_90,field_3,0,1,0.2731,0.0,1.9635,0.0,FORMAT_ERROR
4660,DOC-0292,certificate,rotated_90,field_4,0,1,0.187,0.0,1.8788,0.0,FORMAT_ERROR
4661,DOC-0292,certificate,rotated_90,field_5,0,1,0.2879,0.0,2.9671,0.0,FORMAT_ERROR
4662,DOC-0292,certificate,rotated_90,field_6,0,1,0.1756,0.0,1.7558,0.0,FORMAT_ERROR
4663,DOC-0292,certificate,rotated_90,field_7,0,1,0.3563,0.0,2.675,0.0,FORMAT_ERROR
4664,DOC-0292,certificate,rotated_90,field_8,0,1,0.4084,0.0,2.5016,0.0,FORMAT_ERROR
4665,DOC-0292,certificate,rotated_90,field_9,0,1,0.4997,0.0,3.0866,0.0,FORMAT_ERROR
4666,DOC-0292,certificate,rotated_90,field_10,0,1,0.2912,0.0,2.1141,0.0,FORMAT_ERROR
4667,DOC-0292,certificate,rotated_90,field_11,0,1,0.528,0.0,3.4684,0.0,FORMAT_ERROR
4668,DOC-0292,certificate,rotated_90,field_12,0,1,0.5503,0.0,1.6144,0.0,FORMAT_ERROR
4669,DOC-0292,certificate,rotated_90,field_13,0,1,0.2378,0.0,1.9682,0.0,FORMAT_ERROR
4670,DOC-0292,certificate,rotated_90,field_14,0,1,0.4837,0.0,1.9777,0.0,FORMAT_ERROR
4671,DOC-0292,certificate,rotated_90,field_15,0,1,0.3674,0.0,3.0147,0.0,FORMAT_ERROR
4672,DOC-0292,certificate,rotated_90,field_16,0,1,0.3126,0.0,3.0794,0.0,FORMAT_ERROR
4673,DOC-0293,marksheet,clean,field_1,0,1,0.3331,0.0,1.4847,0.0,FORMAT_ERROR
4674,DOC-0293,marksheet,clean,field_2,0,1,0.3543,0.0,2.7873,0.0,FORMAT_ERROR
4675,DOC-0293,marksheet,clean,field_3,0,1,0.2067,0.0,1.0893,0.0,FORMAT_ERROR
4676,DOC-0293,marksheet,clean,field_4,0,1,0.5782,0.0,1.0265,0.0,FORMAT_ERROR
4677,DOC-0293,marksheet,clean,field_5,0,1,0.4055,0.0,2.2379,0.0,FORMAT_ERROR
4678,DOC-0293,marksheet,clean,field_6,0,1,0.3703,0.0,2.4342,0.0,FORMAT_ERROR
4679,DOC-0293,marksheet,clean,field_7,0,1,0.2534,0.0,2.158,0.0,FORMAT_ERROR
4680,DOC-0293,marksheet,clean,field_8,0,1,0.3175,0.0,2.485,0.0,FORMAT_ERROR
4681,DOC-0293,marksheet,clean,field_9,0,1,0.2136,0.0,2.2126,0.0,FORMAT_ERROR
4682,DOC-0293,marksheet,clean,field_10,0,1,0.2334,0.0,1.3359,0.0,FORMAT_ERROR
4683,DOC-0293,marksheet,clean,field_11,0,1,0.2484,0.0,1.0485,0.0,FORMAT_ERROR
4684,DOC-0293,marksheet,clean,field_12,0,1,0.5216,0.0,1.3571,0.0,FORMAT_ERROR
4685,DOC-0293,marksheet,clean,field_13,0,1,0.5672,0.0,3.4098,0.0,FORMAT_ERROR
4686,DOC-0293,marksheet,clean,field_14,0,1,0.4071,0.0,0.929,0.0,FORMAT_ERROR
4687,DOC-0293,marksheet,clean,field_15,0,1,0.3185,0.0,2.8932,0.0,FORMAT_ERROR
4688,DOC-0293,marksheet,clean,field_16,0,1,0.3153,0.0,0.7611,0.0,FORMAT_ERROR
4689,DOC-0294,student_id,scanner_copy,field_1,0,1,0.4006,0.0,3.0354,0.0,FORMAT_ERROR
4690,DOC-0294,student_id,scanner_copy,field_2,0,1,0.5082,0.0,1.0254,0.0,FORMAT_ERROR
4691,DOC-0294,student_id,scanner_copy,field_3,0,1,0.4527,0.0,1.1615,0.0,FORMAT_ERROR
4692,DOC-0294,student_id,scanner_copy,field_4,0,1,0.2482,0.0,3.1222,0.0,FORMAT_ERROR
4693,DOC-0294,student_id,scanner_copy,field_5,0,1,0.2624,0.0,1.2897,0.0,FORMAT_ERROR
4694,DOC-0294,student_id,scanner_copy,field_6,0,1,0.1503,0.0,3.112,0.0,FORMAT_ERROR
4695,DOC-0294,student_id,scanner_copy,field_7,0,1,0.5067,0.0,2.382,0.0,FORMAT_ERROR
4696,DOC-0294,student_id,scanner_copy,field_8,0,1,0.4876,0.0,0.9561,0.0,FORMAT_ERROR
4697,DOC-0294,student_id,scanner_copy,field_9,0,1,0.3562,0.0,1.5537,0.0,FORMAT_ERROR
4698,DOC-0294,student_id,scanner_copy,field_10,0,1,0.1922,0.0,1.9584,0.0,FORMAT_ERROR
4699,DOC-0294,student_id,scanner_copy,field_11,0,1,0.5643,0.0,0.6202,0.0,FORMAT_ERROR
4700,DOC-0294,student_id,scanner_copy,field_12,0,1,0.2812,0.0,1.1226,0.0,FORMAT_ERROR
4701,DOC-0294,student_id,scanner_copy,field_13,0,1,0.2572,0.0,3.2253,0.0,FORMAT_ERROR
4702,DOC-0294,student_id,scanner_copy,field_14,0,1,0.3606,0.0,1.8989,0.0,FORMAT_ERROR
4703,DOC-0294,student_id,scanner_copy,field_15,0,1,0.4923,0.0,0.9635,0.0,FORMAT_ERROR
4704,DOC-0294,student_id,scanner_copy,field_16,0,1,0.3693,0.0,1.79,0.0,FORMAT_ERROR
4705,DOC-0295,certificate,mobile_camera,field_1,0,1,0.4186,0.0,3.4987,0.0,FORMAT_ERROR
4706,DOC-0295,certificate,mobile_camera,field_2,0,1,0.4963,0.0,1.6936,0.0,FORMAT_ERROR
4707,DOC-0295,certificate,mobile_camera,field_3,0,1,0.5224,0.0,1.0121,0.0,FORMAT_ERROR
4708,DOC-0295,certificate,mobile_camera,field_4,0,1,0.1637,0.0,1.1133,0.0,FORMAT_ERROR
4709,DOC-0295,certificate,mobile_camera,field_5,0,1,0.3032,0.0,2.0317,0.0,FORMAT_ERROR
4710,DOC-0295,certificate,mobile_camera,field_6,0,1,0.4268,0.0,3.2318,0.0,FORMAT_ERROR
4711,DOC-0295,certificate,mobile_camera,field_7,0,1,0.3794,0.0,2.0038,0.0,FORMAT_ERROR
4712,DOC-0295,certificate,mobile_camera,field_8,0,1,0.1726,0.0,0.6047,0.0,FORMAT_ERROR
4713,DOC-0295,certificate,mobile_camera,field_9,0,1,0.398,0.0,1.8145,0.0,FORMAT_ERROR
4714,DOC-0295,certificate,mobile_camera,field_10,0,1,0.5276,0.0,0.982,0.0,FORMAT_ERROR
4715,DOC-0295,certificate,mobile_camera,field_11,0,1,0.1612,0.0,1.8471,0.0,FORMAT_ERROR
4716,DOC-0295,certificate,mobile_camera,field_12,0,1,0.2569,0.0,0.6488,0.0,FORMAT_ERROR
4717,DOC-0295,certificate,mobile_camera,field_13,0,1,0.4761,0.0,0.8348,0.0,FORMAT_ERROR
4718,DOC-0295,certificate,mobile_camera,field_14,0,1,0.4237,0.0,1.3431,0.0,FORMAT_ERROR
4719,DOC-0295,certificate,mobile_camera,field_15,0,1,0.2281,0.0,1.6393,0.0,FORMAT_ERROR
4720,DOC-0295,certificate,mobile_camera,field_16,0,1,0.5107,0.0,1.6763,0.0,FORMAT_ERROR
4721,DOC-0296,marksheet,rotated_90,field_1,0,1,0.4878,0.0,0.8765,0.0,FORMAT_ERROR
4722,DOC-0296,marksheet,rotated_90,field_2,0,1,0.4977,0.0,1.2108,0.0,FORMAT_ERROR
4723,DOC-0296,marksheet,rotated_90,field_3,0,1,0.4548,0.0,2.1973,0.0,FORMAT_ERROR
4724,DOC-0296,marksheet,rotated_90,field_4,0,1,0.5681,0.0,1.662,0.0,FORMAT_ERROR
4725,DOC-0296,marksheet,rotated_90,field_5,0,1,0.1798,0.0,0.5575,0.0,FORMAT_ERROR
4726,DOC-0296,marksheet,rotated_90,field_6,0,1,0.5221,0.0,2.0742,0.0,FORMAT_ERROR
4727,DOC-0296,marksheet,rotated_90,field_7,0,1,0.4989,0.0,1.2033,0.0,FORMAT_ERROR
4728,DOC-0296,marksheet,rotated_90,field_8,0,1,0.3053,0.0,0.5903,0.0,FORMAT_ERROR
4729,DOC-0296,marksheet,rotated_90,field_9,0,1,0.5827,0.0,2.5036,0.0,FORMAT_ERROR
4730,DOC-0296,marksheet,rotated_90,field_10,0,1,0.5699,0.0,1.2965,0.0,FORMAT_ERROR
4731,DOC-0296,marksheet,rotated_90,field_11,0,1,0.4252,0.0,2.5355,0.0,FORMAT_ERROR
4732,DOC-0296,marksheet,rotated_90,field_12,0,1,0.2929,0.0,3.0443,0.0,FORMAT_ERROR
4733,DOC-0296,marksheet,rotated_90,field_13,0,1,0.5762,0.0,3.1546,0.0,FORMAT_ERROR
4734,DOC-0296,marksheet,rotated_90,field_14,0,1,0.4826,0.0,1.3324,0.0,FORMAT_ERROR
4735,DOC-0296,marksheet,rotated_90,field_15,0,1,0.2767,0.0,3.3901,0.0,FORMAT_ERROR
4736,DOC-0296,marksheet,rotated_90,field_16,0,1,0.1546,0.0,2.6481,0.0,FORMAT_ERROR
4737,DOC-0297,student_id,clean,field_1,0,1,0.4678,0.0,2.3681,0.0,FORMAT_ERROR
4738,DOC-0297,student_id,clean,field_2,0,1,0.5955,0.0,1.4356,0.0,FORMAT_ERROR
4739,DOC-0297,student_id,clean,field_3,0,1,0.303,0.0,0.7368,0.0,FORMAT_ERROR
4740,DOC-0297,student_id,clean,field_4,0,1,0.3493,0.0,1.2831,0.0,FORMAT_ERROR
4741,DOC-0297,student_id,clean,field_5,0,1,0.3045,0.0,3.0037,0.0,FORMAT_ERROR
4742,DOC-0297,student_id,clean,field_6,0,1,0.571,0.0,1.0572,0.0,FORMAT_ERROR
4743,DOC-0297,student_id,clean,field_7,0,1,0.3176,0.0,3.2859,0.0,FORMAT_ERROR
4744,DOC-0297,student_id,clean,field_8,0,1,0.1778,0.0,0.7771,0.0,FORMAT_ERROR
4745,DOC-0297,student_id,clean,field_9,0,1,0.2233,0.0,2.2856,0.0,FORMAT_ERROR
4746,DOC-0297,student_id,clean,field_10,0,1,0.2177,0.0,3.4042,0.0,FORMAT_ERROR
4747,DOC-0297,student_id,clean,field_11,0,1,0.351,0.0,2.0046,0.0,FORMAT_ERROR
4748,DOC-0297,student_id,clean,field_12,0,1,0.261,0.0,1.9129,0.0,FORMAT_ERROR
4749,DOC-0297,student_id,clean,field_13,0,1,0.4479,0.0,2.7535,0.0,FORMAT_ERROR
4750,DOC-0297,student_id,clean,field_14,0,1,0.4892,0.0,2.2337,0.0,FORMAT_ERROR
4751,DOC-0297,student_id,clean,field_15,0,1,0.557,0.0,2.9522,0.0,FORMAT_ERROR
4752,DOC-0297,student_id,clean,field_16,0,1,0.4907,0.0,0.6668,0.0,FORMAT_ERROR
4753,DOC-0298,certificate,scanner_copy,field_1,0,1,0.1531,0.0,1.1373,0.0,FORMAT_ERROR
4754,DOC-0298,certificate,scanner_copy,field_2,0,1,0.4486,0.0,1.7336,0.0,FORMAT_ERROR
4755,DOC-0298,certificate,scanner_copy,field_3,0,1,0.3311,0.0,3.1538,0.0,FORMAT_ERROR
4756,DOC-0298,certificate,scanner_copy,field_4,0,1,0.553,0.0,3.2275,0.0,FORMAT_ERROR
4757,DOC-0298,certificate,scanner_copy,field_5,0,1,0.2912,0.0,2.5732,0.0,FORMAT_ERROR
4758,DOC-0298,certificate,scanner_copy,field_6,0,1,0.2722,0.0,1.0718,0.0,FORMAT_ERROR
4759,DOC-0298,certificate,scanner_copy,field_7,0,1,0.2331,0.0,1.5263,0.0,FORMAT_ERROR
4760,DOC-0298,certificate,scanner_copy,field_8,0,1,0.3435,0.0,2.9928,0.0,FORMAT_ERROR
4761,DOC-0298,certificate,scanner_copy,field_9,0,1,0.204,0.0,2.7048,0.0,FORMAT_ERROR
4762,DOC-0298,certificate,scanner_copy,field_10,0,1,0.3892,0.0,1.3638,0.0,FORMAT_ERROR
4763,DOC-0298,certificate,scanner_copy,field_11,0,1,0.3718,0.0,1.3998,0.0,FORMAT_ERROR
4764,DOC-0298,certificate,scanner_copy,field_12,0,1,0.4182,0.0,1.8015,0.0,FORMAT_ERROR
4765,DOC-0298,certificate,scanner_copy,field_13,0,1,0.224,0.0,0.8497,0.0,FORMAT_ERROR
4766,DOC-0298,certificate,scanner_copy,field_14,0,1,0.396,0.0,3.2072,0.0,FORMAT_ERROR
4767,DOC-0298,certificate,scanner_copy,field_15,0,1,0.3048,0.0,2.699,0.0,FORMAT_ERROR
4768,DOC-0298,certificate,scanner_copy,field_16,0,1,0.4464,0.0,3.2947,0.0,FORMAT_ERROR
4769,DOC-0299,marksheet,mobile_camera,field_1,0,1,0.5194,0.0,2.1998,0.0,FORMAT_ERROR
4770,DOC-0299,marksheet,mobile_camera,field_2,0,1,0.4457,0.0,3.1952,0.0,FORMAT_ERROR
4771,DOC-0299,marksheet,mobile_camera,field_3,0,1,0.3298,0.0,1.4804,0.0,FORMAT_ERROR
4772,DOC-0299,marksheet,mobile_camera,field_4,0,1,0.1549,0.0,2.9797,0.0,FORMAT_ERROR
4773,DOC-0299,marksheet,mobile_camera,field_5,0,1,0.5104,0.0,0.8134,0.0,FORMAT_ERROR
4774,DOC-0299,marksheet,mobile_camera,field_6,0,1,0.4096,0.0,1.8919,0.0,FORMAT_ERROR
4775,DOC-0299,marksheet,mobile_camera,field_7,0,1,0.2034,0.0,3.4417,0.0,FORMAT_ERROR
4776,DOC-0299,marksheet,mobile_camera,field_8,0,1,0.2466,0.0,0.7017,0.0,FORMAT_ERROR
4777,DOC-0299,marksheet,mobile_camera,field_9,0,1,0.4177,0.0,2.7166,0.0,FORMAT_ERROR
4778,DOC-0299,marksheet,mobile_camera,field_10,0,1,0.1646,0.0,2.4762,0.0,FORMAT_ERROR
4779,DOC-0299,marksheet,mobile_camera,field_11,0,1,0.3895,0.0,0.8098,0.0,FORMAT_ERROR
4780,DOC-0299,marksheet,mobile_camera,field_12,0,1,0.2276,0.0,2.2039,0.0,FORMAT_ERROR
4781,DOC-0299,marksheet,mobile_camera,field_13,0,1,0.2834,0.0,3.3149,0.0,FORMAT_ERROR
4782,DOC-0299,marksheet,mobile_camera,field_14,0,1,0.5184,0.0,3.4507,0.0,FORMAT_ERROR
4783,DOC-0299,marksheet,mobile_camera,field_15,0,1,0.2669,0.0,3.4092,0.0,FORMAT_ERROR
4784,DOC-0299,marksheet,mobile_camera,field_16,0,1,0.3441,0.0,1.5426,0.0,FORMAT_ERROR
4785,DOC-0300,student_id,rotated_90,field_1,0,1,0.1727,0.0,0.6583,0.0,FORMAT_ERROR
4786,DOC-0300,student_id,rotated_90,field_2,0,1,0.4614,0.0,1.8738,0.0,FORMAT_ERROR
4787,DOC-0300,student_id,rotated_90,field_3,0,1,0.2519,0.0,2.3419,0.0,FORMAT_ERROR
4788,DOC-0300,student_id,rotated_90,field_4,0,1,0.2638,0.0,2.2329,0.0,FORMAT_ERROR
4789,DOC-0300,student_id,rotated_90,field_5,0,1,0.3116,0.0,2.9707,0.0,FORMAT_ERROR
4790,DOC-0300,student_id,rotated_90,field_6,0,1,0.5193,0.0,1.9321,0.0,FORMAT_ERROR
4791,DOC-0300,student_id,rotated_90,field_7,0,1,0.3079,0.0,1.5877,0.0,FORMAT_ERROR
4792,DOC-0300,student_id,rotated_90,field_8,0,1,0.5126,0.0,1.4845,0.0,FORMAT_ERROR
4793,DOC-0300,student_id,rotated_90,field_9,0,1,0.2441,0.0,0.7541,0.0,FORMAT_ERROR
4794,DOC-0300,student_id,rotated_90,field_10,0,1,0.36,0.0,1.9464,0.0,FORMAT_ERROR
4795,DOC-0300,student_id,rotated_90,field_11,0,1,0.5284,0.0,1.1637,0.0,FORMAT_ERROR
4796,DOC-0300,student_id,rotated_90,field_12,0,1,0.3214,0.0,2.9252,0.0,FORMAT_ERROR
4797,DOC-0300,student_id,rotated_90,field_13,0,1,0.5206,0.0,1.6538,0.0,FORMAT_ERROR
4798,DOC-0300,student_id,rotated_90,field_14,0,1,0.3566,0.0,1.4099,0.0,FORMAT_ERROR
4799,DOC-0300,student_id,rotated_90,field_15,0,1,0.5696,0.0,0.8559,0.0,FORMAT_ERROR
4800,DOC-0300,student_id,rotated_90,field_16,0,1,0.5702,0.0,2.5516,0.0,FORMAT_ERROR
4801,DOC-0301,certificate,clean,field_1,0,1,0.3892,0.0,0.598,0.0,FORMAT_ERROR
4802,DOC-0301,certificate,clean,field_2,0,1,0.364,0.0,1.7232,0.0,FORMAT_ERROR
4803,DOC-0301,certificate,clean,field_3,0,1,0.2225,0.0,2.4692,0.0,FORMAT_ERROR
4804,DOC-0301,certificate,clean,field_4,0,1,0.587,0.0,2.1866,0.0,FORMAT_ERROR
4805,DOC-0301,certificate,clean,field_5,0,1,0.4716,0.0,0.7054,0.0,FORMAT_ERROR
4806,DOC-0301,certificate,clean,field_6,0,1,0.338,0.0,0.8491,0.0,FORMAT_ERROR
4807,DOC-0301,certificate,clean,field_7,0,1,0.4258,0.0,3.3154,0.0,FORMAT_ERROR
4808,DOC-0301,certificate,clean,field_8,0,1,0.4478,0.0,0.7304,0.0,FORMAT_ERROR
4809,DOC-0301,certificate,clean,field_9,0,1,0.3096,0.0,2.152,0.0,FORMAT_ERROR
4810,DOC-0301,certificate,clean,field_10,0,1,0.3314,0.0,3.0009,0.0,FORMAT_ERROR
4811,DOC-0301,certificate,clean,field_11,0,1,0.5166,0.0,2.3355,0.0,FORMAT_ERROR
4812,DOC-0301,certificate,clean,field_12,0,1,0.3181,0.0,1.266,0.0,FORMAT_ERROR
4813,DOC-0301,certificate,clean,field_13,0,1,0.1976,0.0,1.5647,0.0,FORMAT_ERROR
4814,DOC-0301,certificate,clean,field_14,0,1,0.3359,0.0,2.5275,0.0,FORMAT_ERROR
4815,DOC-0301,certificate,clean,field_15,0,1,0.4462,0.0,0.7103,0.0,FORMAT_ERROR
4816,DOC-0301,certificate,clean,field_16,0,1,0.3279,0.0,1.0453,0.0,FORMAT_ERROR
4817,DOC-0302,marksheet,scanner_copy,field_1,0,1,0.2206,0.0,2.9819,0.0,FORMAT_ERROR
4818,DOC-0302,marksheet,scanner_copy,field_2,0,1,0.1689,0.0,1.7575,0.0,FORMAT_ERROR
4819,DOC-0302,marksheet,scanner_copy,field_3,0,1,0.2257,0.0,3.138,0.0,FORMAT_ERROR
4820,DOC-0302,marksheet,scanner_copy,field_4,0,1,0.4007,0.0,1.1941,0.0,FORMAT_ERROR
4821,DOC-0302,marksheet,scanner_copy,field_5,0,1,0.3761,0.0,2.6945,0.0,FORMAT_ERROR
4822,DOC-0302,marksheet,scanner_copy,field_6,0,1,0.5812,0.0,1.1613,0.0,FORMAT_ERROR
4823,DOC-0302,marksheet,scanner_copy,field_7,0,1,0.5488,0.0,3.3029,0.0,FORMAT_ERROR
4824,DOC-0302,marksheet,scanner_copy,field_8,0,1,0.5624,0.0,2.4062,0.0,FORMAT_ERROR
4825,DOC-0302,marksheet,scanner_copy,field_9,0,1,0.4334,0.0,1.7096,0.0,FORMAT_ERROR
4826,DOC-0302,marksheet,scanner_copy,field_10,0,1,0.4886,0.0,2.0939,0.0,FORMAT_ERROR
4827,DOC-0302,marksheet,scanner_copy,field_11,0,1,0.4548,0.0,1.7854,0.0,FORMAT_ERROR
4828,DOC-0302,marksheet,scanner_copy,field_12,0,1,0.4792,0.0,2.9734,0.0,FORMAT_ERROR
4829,DOC-0302,marksheet,scanner_copy,field_13,0,1,0.2159,0.0,2.9988,0.0,FORMAT_ERROR
4830,DOC-0302,marksheet,scanner_copy,field_14,0,1,0.3931,0.0,3.034,0.0,FORMAT_ERROR
4831,DOC-0302,marksheet,scanner_copy,field_15,0,1,0.3441,0.0,1.6371,0.0,FORMAT_ERROR
4832,DOC-0302,marksheet,scanner_copy,field_16,0,1,0.5618,0.0,1.2535,0.0,FORMAT_ERROR
4833,DOC-0303,student_id,mobile_camera,field_1,0,1,0.5299,0.0,1.9521,0.0,FORMAT_ERROR
4834,DOC-0303,student_id,mobile_camera,field_2,0,1,0.3813,0.0,1.4254,0.0,FORMAT_ERROR
4835,DOC-0303,student_id,mobile_camera,field_3,0,1,0.4079,0.0,1.4756,0.0,FORMAT_ERROR
4836,DOC-0303,student_id,mobile_camera,field_4,0,1,0.1677,0.0,1.316,0.0,FORMAT_ERROR
4837,DOC-0303,student_id,mobile_camera,field_5,0,1,0.1529,0.0,3.4351,0.0,FORMAT_ERROR
4838,DOC-0303,student_id,mobile_camera,field_6,0,1,0.5846,0.0,1.6855,0.0,FORMAT_ERROR
4839,DOC-0303,student_id,mobile_camera,field_7,0,1,0.4778,0.0,1.5374,0.0,FORMAT_ERROR
4840,DOC-0303,student_id,mobile_camera,field_8,0,1,0.452,0.0,2.9163,0.0,FORMAT_ERROR
4841,DOC-0303,student_id,mobile_camera,field_9,0,1,0.576,0.0,1.7006,0.0,FORMAT_ERROR
4842,DOC-0303,student_id,mobile_camera,field_10,0,1,0.5025,0.0,1.2978,0.0,FORMAT_ERROR
4843,DOC-0303,student_id,mobile_camera,field_11,0,1,0.5956,0.0,0.5773,0.0,FORMAT_ERROR
4844,DOC-0303,student_id,mobile_camera,field_12,0,1,0.4216,0.0,2.4785,0.0,FORMAT_ERROR
4845,DOC-0303,student_id,mobile_camera,field_13,0,1,0.4596,0.0,0.8612,0.0,FORMAT_ERROR
4846,DOC-0303,student_id,mobile_camera,field_14,0,1,0.5723,0.0,1.0435,0.0,FORMAT_ERROR
4847,DOC-0303,student_id,mobile_camera,field_15,0,1,0.4302,0.0,1.168,0.0,FORMAT_ERROR
4848,DOC-0303,student_id,mobile_camera,field_16,0,1,0.2882,0.0,2.1394,0.0,FORMAT_ERROR
4849,DOC-0304,certificate,rotated_90,field_1,0,1,0.3377,0.0,0.9807,0.0,FORMAT_ERROR
4850,DOC-0304,certificate,rotated_90,field_2,0,1,0.2269,0.0,1.7544,0.0,FORMAT_ERROR
4851,DOC-0304,certificate,rotated_90,field_3,0,1,0.4908,0.0,3.1939,0.0,FORMAT_ERROR
4852,DOC-0304,certificate,rotated_90,field_4,0,1,0.1879,0.0,1.6793,0.0,FORMAT_ERROR
4853,DOC-0304,certificate,rotated_90,field_5,0,1,0.1951,0.0,0.5498,0.0,FORMAT_ERROR
4854,DOC-0304,certificate,rotated_90,field_6,0,1,0.4478,0.0,2.3073,0.0,FORMAT_ERROR
4855,DOC-0304,certificate,rotated_90,field_7,0,1,0.2234,0.0,1.2014,0.0,FORMAT_ERROR
4856,DOC-0304,certificate,rotated_90,field_8,0,1,0.1607,0.0,3.0048,0.0,FORMAT_ERROR
4857,DOC-0304,certificate,rotated_90,field_9,0,1,0.5886,0.0,0.9064,0.0,FORMAT_ERROR
4858,DOC-0304,certificate,rotated_90,field_10,0,1,0.2542,0.0,3.1052,0.0,FORMAT_ERROR
4859,DOC-0304,certificate,rotated_90,field_11,0,1,0.5669,0.0,1.7589,0.0,FORMAT_ERROR
4860,DOC-0304,certificate,rotated_90,field_12,0,1,0.1728,0.0,0.6182,0.0,FORMAT_ERROR
4861,DOC-0304,certificate,rotated_90,field_13,0,1,0.4083,0.0,1.6787,0.0,FORMAT_ERROR
4862,DOC-0304,certificate,rotated_90,field_14,0,1,0.1629,0.0,2.2498,0.0,FORMAT_ERROR
4863,DOC-0304,certificate,rotated_90,field_15,0,1,0.1551,0.0,2.8621,0.0,FORMAT_ERROR
4864,DOC-0304,certificate,rotated_90,field_16,0,1,0.2879,0.0,0.6208,0.0,FORMAT_ERROR
4865,DOC-0305,marksheet,clean,field_1,0,1,0.4148,0.0,1.6931,0.0,FORMAT_ERROR
4866,DOC-0305,marksheet,clean,field_2,0,1,0.5882,0.0,2.1326,0.0,FORMAT_ERROR
4867,DOC-0305,marksheet,clean,field_3,0,1,0.2739,0.0,2.6283,0.0,FORMAT_ERROR
4868,DOC-0305,marksheet,clean,field_4,0,1,0.2722,0.0,3.2127,0.0,FORMAT_ERROR
4869,DOC-0305,marksheet,clean,field_5,0,1,0.3186,0.0,2.1496,0.0,FORMAT_ERROR
4870,DOC-0305,marksheet,clean,field_6,0,1,0.1728,0.0,1.7784,0.0,FORMAT_ERROR
4871,DOC-0305,marksheet,clean,field_7,0,1,0.5246,0.0,2.9169,0.0,FORMAT_ERROR
4872,DOC-0305,marksheet,clean,field_8,0,1,0.2509,0.0,1.1782,0.0,FORMAT_ERROR
4873,DOC-0305,marksheet,clean,field_9,0,1,0.5178,0.0,3.2912,0.0,FORMAT_ERROR
4874,DOC-0305,marksheet,clean,field_10,0,1,0.1929,0.0,1.8502,0.0,FORMAT_ERROR
4875,DOC-0305,marksheet,clean,field_11,0,1,0.3019,0.0,3.1121,0.0,FORMAT_ERROR
4876,DOC-0305,marksheet,clean,field_12,0,1,0.1876,0.0,1.1334,0.0,FORMAT_ERROR
4877,DOC-0305,marksheet,clean,field_13,0,1,0.4886,0.0,0.6539,0.0,FORMAT_ERROR
4878,DOC-0305,marksheet,clean,field_14,0,1,0.3716,0.0,1.8263,0.0,FORMAT_ERROR
4879,DOC-0305,marksheet,clean,field_15,0,1,0.3005,0.0,1.6837,0.0,FORMAT_ERROR
4880,DOC-0305,marksheet,clean,field_16,0,1,0.3885,0.0,0.9841,0.0,FORMAT_ERROR
4881,DOC-0306,student_id,scanner_copy,field_1,0,1,0.4074,0.0,2.9163,0.0,FORMAT_ERROR
4882,DOC-0306,student_id,scanner_copy,field_2,0,1,0.4921,0.0,0.9617,0.0,FORMAT_ERROR
4883,DOC-0306,student_id,scanner_copy,field_3,0,1,0.2172,0.0,1.3045,0.0,FORMAT_ERROR
4884,DOC-0306,student_id,scanner_copy,field_4,0,1,0.3125,0.0,1.7254,0.0,FORMAT_ERROR
4885,DOC-0306,student_id,scanner_copy,field_5,0,1,0.4559,0.0,0.67,0.0,FORMAT_ERROR
4886,DOC-0306,student_id,scanner_copy,field_6,0,1,0.1656,0.0,1.6757,0.0,FORMAT_ERROR
4887,DOC-0306,student_id,scanner_copy,field_7,0,1,0.4637,0.0,1.0803,0.0,FORMAT_ERROR
4888,DOC-0306,student_id,scanner_copy,field_8,0,1,0.4387,0.0,1.2795,0.0,FORMAT_ERROR
4889,DOC-0306,student_id,scanner_copy,field_9,0,1,0.5487,0.0,3.1871,0.0,FORMAT_ERROR
4890,DOC-0306,student_id,scanner_copy,field_10,0,1,0.2838,0.0,1.19,0.0,FORMAT_ERROR
4891,DOC-0306,student_id,scanner_copy,field_11,0,1,0.3351,0.0,1.2216,0.0,FORMAT_ERROR
4892,DOC-0306,student_id,scanner_copy,field_12,0,1,0.4526,0.0,2.9782,0.0,FORMAT_ERROR
4893,DOC-0306,student_id,scanner_copy,field_13,0,1,0.4529,0.0,2.9731,0.0,FORMAT_ERROR
4894,DOC-0306,student_id,scanner_copy,field_14,0,1,0.3286,0.0,0.969,0.0,FORMAT_ERROR
4895,DOC-0306,student_id,scanner_copy,field_15,0,1,0.4821,0.0,1.5814,0.0,FORMAT_ERROR
4896,DOC-0306,student_id,scanner_copy,field_16,0,1,0.4521,0.0,1.3119,0.0,FORMAT_ERROR
4897,DOC-0307,certificate,mobile_camera,field_1,0,1,0.1866,0.0,3.4777,0.0,FORMAT_ERROR
4898,DOC-0307,certificate,mobile_camera,field_2,0,1,0.2203,0.0,3.4653,0.0,FORMAT_ERROR
4899,DOC-0307,certificate,mobile_camera,field_3,0,1,0.5898,0.0,2.8815,0.0,FORMAT_ERROR
4900,DOC-0307,certificate,mobile_camera,field_4,0,1,0.4467,0.0,2.2334,0.0,FORMAT_ERROR
4901,DOC-0307,certificate,mobile_camera,field_5,0,1,0.5397,0.0,1.3683,0.0,FORMAT_ERROR
4902,DOC-0307,certificate,mobile_camera,field_6,0,1,0.3605,0.0,2.3582,0.0,FORMAT_ERROR
4903,DOC-0307,certificate,mobile_camera,field_7,0,1,0.335,0.0,1.7825,0.0,FORMAT_ERROR
4904,DOC-0307,certificate,mobile_camera,field_8,0,1,0.2986,0.0,2.1927,0.0,FORMAT_ERROR
4905,DOC-0307,certificate,mobile_camera,field_9,0,1,0.5328,0.0,1.1046,0.0,FORMAT_ERROR
4906,DOC-0307,certificate,mobile_camera,field_10,0,1,0.5705,0.0,2.5673,0.0,FORMAT_ERROR
4907,DOC-0307,certificate,mobile_camera,field_11,0,1,0.5205,0.0,2.1686,0.0,FORMAT_ERROR
4908,DOC-0307,certificate,mobile_camera,field_12,0,1,0.5008,0.0,0.5486,0.0,FORMAT_ERROR
4909,DOC-0307,certificate,mobile_camera,field_13,0,1,0.5183,0.0,0.6204,0.0,FORMAT_ERROR
4910,DOC-0307,certificate,mobile_camera,field_14,0,1,0.5505,0.0,3.4759,0.0,FORMAT_ERROR
4911,DOC-0307,certificate,mobile_camera,field_15,0,1,0.2823,0.0,1.131,0.0,FORMAT_ERROR
4912,DOC-0307,certificate,mobile_camera,field_16,0,1,0.4944,0.0,1.2591,0.0,FORMAT_ERROR
4913,DOC-0308,marksheet,rotated_90,field_1,0,1,0.5395,0.0,0.8085,0.0,FORMAT_ERROR
4914,DOC-0308,marksheet,rotated_90,field_2,0,1,0.2067,0.0,3.4375,0.0,FORMAT_ERROR
4915,DOC-0308,marksheet,rotated_90,field_3,0,1,0.4532,0.0,3.0407,0.0,FORMAT_ERROR
4916,DOC-0308,marksheet,rotated_90,field_4,0,1,0.2959,0.0,2.5295,0.0,FORMAT_ERROR
4917,DOC-0308,marksheet,rotated_90,field_5,0,1,0.4174,0.0,2.3095,0.0,FORMAT_ERROR
4918,DOC-0308,marksheet,rotated_90,field_6,0,1,0.4571,0.0,2.2261,0.0,FORMAT_ERROR
4919,DOC-0308,marksheet,rotated_90,field_7,0,1,0.3431,0.0,1.3278,0.0,FORMAT_ERROR
4920,DOC-0308,marksheet,rotated_90,field_8,0,1,0.4959,0.0,1.1788,0.0,FORMAT_ERROR
4921,DOC-0308,marksheet,rotated_90,field_9,0,1,0.4616,0.0,1.2,0.0,FORMAT_ERROR
4922,DOC-0308,marksheet,rotated_90,field_10,0,1,0.4314,0.0,2.7412,0.0,FORMAT_ERROR
4923,DOC-0308,marksheet,rotated_90,field_11,0,1,0.2484,0.0,0.6798,0.0,FORMAT_ERROR
4924,DOC-0308,marksheet,rotated_90,field_12,0,1,0.2089,0.0,2.318,0.0,FORMAT_ERROR
4925,DOC-0308,marksheet,rotated_90,field_13,0,1,0.5323,0.0,0.635,0.0,FORMAT_ERROR
4926,DOC-0308,marksheet,rotated_90,field_14,0,1,0.4804,0.0,1.524,0.0,FORMAT_ERROR
4927,DOC-0308,marksheet,rotated_90,field_15,0,1,0.3653,0.0,3.2866,0.0,FORMAT_ERROR
4928,DOC-0308,marksheet,rotated_90,field_16,0,1,0.2994,0.0,1.896,0.0,FORMAT_ERROR
4929,DOC-0309,student_id,clean,field_1,0,1,0.1562,0.0,0.7448,0.0,FORMAT_ERROR
4930,DOC-0309,student_id,clean,field_2,0,1,0.2664,0.0,0.5836,0.0,FORMAT_ERROR
4931,DOC-0309,student_id,clean,field_3,0,1,0.4341,0.0,1.7792,0.0,FORMAT_ERROR
4932,DOC-0309,student_id,clean,field_4,0,1,0.3967,0.0,1.0239,0.0,FORMAT_ERROR
4933,DOC-0309,student_id,clean,field_5,0,1,0.2832,0.0,2.4915,0.0,FORMAT_ERROR
4934,DOC-0309,student_id,clean,field_6,0,1,0.5844,0.0,0.6513,0.0,FORMAT_ERROR
4935,DOC-0309,student_id,clean,field_7,0,1,0.5507,0.0,2.2306,0.0,FORMAT_ERROR
4936,DOC-0309,student_id,clean,field_8,0,1,0.4038,0.0,2.0008,0.0,FORMAT_ERROR
4937,DOC-0309,student_id,clean,field_9,0,1,0.1812,0.0,0.7696,0.0,FORMAT_ERROR
4938,DOC-0309,student_id,clean,field_10,0,1,0.4204,0.0,1.5229,0.0,FORMAT_ERROR
4939,DOC-0309,student_id,clean,field_11,0,1,0.5628,0.0,1.7198,0.0,FORMAT_ERROR
4940,DOC-0309,student_id,clean,field_12,0,1,0.2145,0.0,2.6442,0.0,FORMAT_ERROR
4941,DOC-0309,student_id,clean,field_13,0,1,0.282,0.0,2.0764,0.0,FORMAT_ERROR
4942,DOC-0309,student_id,clean,field_14,0,1,0.464,0.0,3.2008,0.0,FORMAT_ERROR
4943,DOC-0309,student_id,clean,field_15,0,1,0.5065,0.0,2.5291,0.0,FORMAT_ERROR
4944,DOC-0309,student_id,clean,field_16,0,1,0.4558,0.0,3.3378,0.0,FORMAT_ERROR
4945,DOC-0310,certificate,scanner_copy,field_1,0,1,0.2831,0.0,0.5033,0.0,FORMAT_ERROR
4946,DOC-0310,certificate,scanner_copy,field_2,0,1,0.2724,0.0,1.1537,0.0,FORMAT_ERROR
4947,DOC-0310,certificate,scanner_copy,field_3,0,1,0.4478,0.0,2.4011,0.0,FORMAT_ERROR
4948,DOC-0310,certificate,scanner_copy,field_4,0,1,0.4171,0.0,0.5487,0.0,FORMAT_ERROR
4949,DOC-0310,certificate,scanner_copy,field_5,0,1,0.478,0.0,1.4706,0.0,FORMAT_ERROR
4950,DOC-0310,certificate,scanner_copy,field_6,0,1,0.4493,0.0,2.1697,0.0,FORMAT_ERROR
4951,DOC-0310,certificate,scanner_copy,field_7,0,1,0.3042,0.0,0.9037,0.0,FORMAT_ERROR
4952,DOC-0310,certificate,scanner_copy,field_8,0,1,0.1925,0.0,2.9946,0.0,FORMAT_ERROR
4953,DOC-0310,certificate,scanner_copy,field_9,0,1,0.5633,0.0,2.4494,0.0,FORMAT_ERROR
4954,DOC-0310,certificate,scanner_copy,field_10,0,1,0.1965,0.0,1.7061,0.0,FORMAT_ERROR
4955,DOC-0310,certificate,scanner_copy,field_11,0,1,0.478,0.0,2.8395,0.0,FORMAT_ERROR
4956,DOC-0310,certificate,scanner_copy,field_12,0,1,0.2032,0.0,0.5001,0.0,FORMAT_ERROR
4957,DOC-0310,certificate,scanner_copy,field_13,0,1,0.4705,0.0,1.5698,0.0,FORMAT_ERROR
4958,DOC-0310,certificate,scanner_copy,field_14,0,1,0.2645,0.0,0.5387,0.0,FORMAT_ERROR
4959,DOC-0310,certificate,scanner_copy,field_15,0,1,0.3931,0.0,3.0535,0.0,FORMAT_ERROR
4960,DOC-0310,certificate,scanner_copy,field_16,0,1,0.5809,0.0,2.1972,0.0,FORMAT_ERROR
4961,DOC-0311,marksheet,mobile_camera,field_1,0,1,0.3815,0.0,0.7552,0.0,FORMAT_ERROR
4962,DOC-0311,marksheet,mobile_camera,field_2,0,1,0.397,0.0,1.6399,0.0,FORMAT_ERROR
4963,DOC-0311,marksheet,mobile_camera,field_3,0,1,0.4232,0.0,1.6662,0.0,FORMAT_ERROR
4964,DOC-0311,marksheet,mobile_camera,field_4,0,1,0.2581,0.0,0.7849,0.0,FORMAT_ERROR
4965,DOC-0311,marksheet,mobile_camera,field_5,0,1,0.2917,0.0,0.7899,0.0,FORMAT_ERROR
4966,DOC-0311,marksheet,mobile_camera,field_6,0,1,0.2296,0.0,3.462,0.0,FORMAT_ERROR
4967,DOC-0311,marksheet,mobile_camera,field_7,0,1,0.3498,0.0,2.0956,0.0,FORMAT_ERROR
4968,DOC-0311,marksheet,mobile_camera,field_8,0,1,0.5431,0.0,3.4867,0.0,FORMAT_ERROR
4969,DOC-0311,marksheet,mobile_camera,field_9,0,1,0.4122,0.0,2.9374,0.0,FORMAT_ERROR
4970,DOC-0311,marksheet,mobile_camera,field_10,0,1,0.2971,0.0,1.4172,0.0,FORMAT_ERROR
4971,DOC-0311,marksheet,mobile_camera,field_11,0,1,0.3312,0.0,2.5175,0.0,FORMAT_ERROR
4972,DOC-0311,marksheet,mobile_camera,field_12,0,1,0.457,0.0,1.4457,0.0,FORMAT_ERROR
4973,DOC-0311,marksheet,mobile_camera,field_13,0,1,0.2099,0.0,2.3972,0.0,FORMAT_ERROR
4974,DOC-0311,marksheet,mobile_camera,field_14,0,1,0.2077,0.0,2.2355,0.0,FORMAT_ERROR
4975,DOC-0311,marksheet,mobile_camera,field_15,0,1,0.462,0.0,2.6018,0.0,FORMAT_ERROR
4976,DOC-0311,marksheet,mobile_camera,field_16,0,1,0.4891,0.0,3.1186,0.0,FORMAT_ERROR
4977,DOC-0312,student_id,rotated_90,field_1,0,1,0.375,0.0,2.6907,0.0,FORMAT_ERROR
4978,DOC-0312,student_id,rotated_90,field_2,0,1,0.4286,0.0,1.0599,0.0,FORMAT_ERROR
4979,DOC-0312,student_id,rotated_90,field_3,0,1,0.1616,0.0,1.3536,0.0,FORMAT_ERROR
4980,DOC-0312,student_id,rotated_90,field_4,0,1,0.3494,0.0,2.3513,0.0,FORMAT_ERROR
4981,DOC-0312,student_id,rotated_90,field_5,0,1,0.5325,0.0,1.0887,0.0,FORMAT_ERROR
4982,DOC-0312,student_id,rotated_90,field_6,0,1,0.2065,0.0,3.3904,0.0,FORMAT_ERROR
4983,DOC-0312,student_id,rotated_90,field_7,0,1,0.1986,0.0,1.9355,0.0,FORMAT_ERROR
4984,DOC-0312,student_id,rotated_90,field_8,0,1,0.4135,0.0,2.1241,0.0,FORMAT_ERROR
4985,DOC-0312,student_id,rotated_90,field_9,0,1,0.1887,0.0,0.6711,0.0,FORMAT_ERROR
4986,DOC-0312,student_id,rotated_90,field_10,0,1,0.1975,0.0,2.2568,0.0,FORMAT_ERROR
4987,DOC-0312,student_id,rotated_90,field_11,0,1,0.395,0.0,1.2012,0.0,FORMAT_ERROR
4988,DOC-0312,student_id,rotated_90,field_12,0,1,0.437,0.0,2.9602,0.0,FORMAT_ERROR
4989,DOC-0312,student_id,rotated_90,field_13,0,1,0.1687,0.0,1.9944,0.0,FORMAT_ERROR
4990,DOC-0312,student_id,rotated_90,field_14,0,1,0.4602,0.0,1.2569,0.0,FORMAT_ERROR
4991,DOC-0312,student_id,rotated_90,field_15,0,1,0.2885,0.0,2.3409,0.0,FORMAT_ERROR
4992,DOC-0312,student_id,rotated_90,field_16,0,1,0.5541,0.0,2.9298,0.0,FORMAT_ERROR
4993,DOC-0313,certificate,clean,field_1,0,1,0.4124,0.0,2.6907,0.0,FORMAT_ERROR
4994,DOC-0313,certificate,clean,field_2,0,1,0.3142,0.0,2.4229,0.0,FORMAT_ERROR
4995,DOC-0313,certificate,clean,field_3,0,1,0.3598,0.0,1.0698,0.0,FORMAT_ERROR
4996,DOC-0313,certificate,clean,field_4,0,1,0.4658,0.0,2.1694,0.0,FORMAT_ERROR
4997,DOC-0313,certificate,clean,field_5,0,1,0.3114,0.0,3.234,0.0,FORMAT_ERROR
4998,DOC-0313,certificate,clean,field_6,0,1,0.1594,0.0,1.4473,0.0,FORMAT_ERROR
4999,DOC-0313,certificate,clean,field_7,0,1,0.1756,0.0,2.7996,0.0,FORMAT_ERROR
5000,DOC-0313,certificate,clean,field_8,0,1,0.4659,0.0,1.4941,0.0,FORMAT_ERROR
5001,DOC-0313,certificate,clean,field_9,0,1,0.454,0.0,1.6878,0.0,FORMAT_ERROR
5002,DOC-0313,certificate,clean,field_10,0,1,0.4903,0.0,1.8626,0.0,FORMAT_ERROR
5003,DOC-0313,certificate,clean,field_11,0,1,0.3355,0.0,3.3042,0.0,FORMAT_ERROR
5004,DOC-0313,certificate,clean,field_12,0,1,0.2629,0.0,0.8613,0.0,FORMAT_ERROR
5005,DOC-0313,certificate,clean,field_13,0,1,0.413,0.0,3.408,0.0,FORMAT_ERROR
5006,DOC-0313,certificate,clean,field_14,0,1,0.32,0.0,0.6861,0.0,FORMAT_ERROR
5007,DOC-0313,certificate,clean,field_15,0,1,0.3027,0.0,2.0178,0.0,FORMAT_ERROR
5008,DOC-0313,certificate,clean,field_16,0,1,0.2229,0.0,2.4743,0.0,FORMAT_ERROR
5009,DOC-0314,marksheet,scanner_copy,field_1,0,1,0.599,0.0,1.8552,0.0,FORMAT_ERROR
5010,DOC-0314,marksheet,scanner_copy,field_2,0,1,0.3096,0.0,1.7021,0.0,FORMAT_ERROR
5011,DOC-0314,marksheet,scanner_copy,field_3,0,1,0.2018,0.0,3.1498,0.0,FORMAT_ERROR
5012,DOC-0314,marksheet,scanner_copy,field_4,0,1,0.3367,0.0,1.6618,0.0,FORMAT_ERROR
5013,DOC-0314,marksheet,scanner_copy,field_5,0,1,0.4469,0.0,1.8261,0.0,FORMAT_ERROR
5014,DOC-0314,marksheet,scanner_copy,field_6,0,1,0.4417,0.0,0.6843,0.0,FORMAT_ERROR
5015,DOC-0314,marksheet,scanner_copy,field_7,0,1,0.5162,0.0,3.3215,0.0,FORMAT_ERROR
5016,DOC-0314,marksheet,scanner_copy,field_8,0,1,0.4419,0.0,3.3637,0.0,FORMAT_ERROR
5017,DOC-0314,marksheet,scanner_copy,field_9,0,1,0.2181,0.0,1.9322,0.0,FORMAT_ERROR
5018,DOC-0314,marksheet,scanner_copy,field_10,0,1,0.4208,0.0,2.2452,0.0,FORMAT_ERROR
5019,DOC-0314,marksheet,scanner_copy,field_11,0,1,0.3307,0.0,1.5143,0.0,FORMAT_ERROR
5020,DOC-0314,marksheet,scanner_copy,field_12,0,1,0.2071,0.0,1.6752,0.0,FORMAT_ERROR
5021,DOC-0314,marksheet,scanner_copy,field_13,0,1,0.2232,0.0,2.7031,0.0,FORMAT_ERROR
5022,DOC-0314,marksheet,scanner_copy,field_14,0,1,0.244,0.0,0.6757,0.0,FORMAT_ERROR
5023,DOC-0314,marksheet,scanner_copy,field_15,0,1,0.3986,0.0,2.2857,0.0,FORMAT_ERROR
5024,DOC-0314,marksheet,scanner_copy,field_16,0,1,0.5424,0.0,2.2309,0.0,FORMAT_ERROR
5025,DOC-0315,student_id,mobile_camera,field_1,0,1,0.3055,0.0,2.909,0.0,FORMAT_ERROR
5026,DOC-0315,student_id,mobile_camera,field_2,0,1,0.3931,0.0,0.7378,0.0,FORMAT_ERROR
5027,DOC-0315,student_id,mobile_camera,field_3,0,1,0.4046,0.0,3.2241,0.0,FORMAT_ERROR
5028,DOC-0315,student_id,mobile_camera,field_4,0,1,0.3283,0.0,1.389,0.0,FORMAT_ERROR
5029,DOC-0315,student_id,mobile_camera,field_5,0,1,0.2146,0.0,0.9543,0.0,FORMAT_ERROR
5030,DOC-0315,student_id,mobile_camera,field_6,0,1,0.3447,0.0,2.287,0.0,FORMAT_ERROR
5031,DOC-0315,student_id,mobile_camera,field_7,0,1,0.1863,0.0,3.3187,0.0,FORMAT_ERROR
5032,DOC-0315,student_id,mobile_camera,field_8,0,1,0.4898,0.0,2.2599,0.0,FORMAT_ERROR
5033,DOC-0315,student_id,mobile_camera,field_9,0,1,0.5228,0.0,0.7406,0.0,FORMAT_ERROR
5034,DOC-0315,student_id,mobile_camera,field_10,0,1,0.3646,0.0,2.3903,0.0,FORMAT_ERROR
5035,DOC-0315,student_id,mobile_camera,field_11,0,1,0.5229,0.0,2.8504,0.0,FORMAT_ERROR
5036,DOC-0315,student_id,mobile_camera,field_12,0,1,0.2747,0.0,3.3226,0.0,FORMAT_ERROR
5037,DOC-0315,student_id,mobile_camera,field_13,0,1,0.206,0.0,3.1254,0.0,FORMAT_ERROR
5038,DOC-0315,student_id,mobile_camera,field_14,0,1,0.5869,0.0,1.0315,0.0,FORMAT_ERROR
5039,DOC-0315,student_id,mobile_camera,field_15,0,1,0.4749,0.0,0.6209,0.0,FORMAT_ERROR
5040,DOC-0315,student_id,mobile_camera,field_16,0,1,0.3324,0.0,2.0488,0.0,FORMAT_ERROR
5041,DOC-0316,certificate,rotated_90,field_1,0,1,0.4113,0.0,3.3078,0.0,FORMAT_ERROR
5042,DOC-0316,certificate,rotated_90,field_2,0,1,0.4525,0.0,1.9438,0.0,FORMAT_ERROR
5043,DOC-0316,certificate,rotated_90,field_3,0,1,0.5144,0.0,3.3516,0.0,FORMAT_ERROR
5044,DOC-0316,certificate,rotated_90,field_4,0,1,0.1599,0.0,3.4476,0.0,FORMAT_ERROR
5045,DOC-0316,certificate,rotated_90,field_5,0,1,0.1888,0.0,2.9432,0.0,FORMAT_ERROR
5046,DOC-0316,certificate,rotated_90,field_6,0,1,0.2762,0.0,0.8965,0.0,FORMAT_ERROR
5047,DOC-0316,certificate,rotated_90,field_7,0,1,0.3479,0.0,2.4319,0.0,FORMAT_ERROR
5048,DOC-0316,certificate,rotated_90,field_8,0,1,0.3214,0.0,0.6637,0.0,FORMAT_ERROR
5049,DOC-0316,certificate,rotated_90,field_9,0,1,0.4198,0.0,3.2072,0.0,FORMAT_ERROR
5050,DOC-0316,certificate,rotated_90,field_10,0,1,0.3224,0.0,1.149,0.0,FORMAT_ERROR
5051,DOC-0316,certificate,rotated_90,field_11,0,1,0.3492,0.0,0.6451,0.0,FORMAT_ERROR
5052,DOC-0316,certificate,rotated_90,field_12,0,1,0.5192,0.0,2.979,0.0,FORMAT_ERROR
5053,DOC-0316,certificate,rotated_90,field_13,0,1,0.4146,0.0,1.5593,0.0,FORMAT_ERROR
5054,DOC-0316,certificate,rotated_90,field_14,0,1,0.5099,0.0,2.1641,0.0,FORMAT_ERROR
5055,DOC-0316,certificate,rotated_90,field_15,0,1,0.5217,0.0,2.3944,0.0,FORMAT_ERROR
5056,DOC-0316,certificate,rotated_90,field_16,0,1,0.503,0.0,2.2957,0.0,FORMAT_ERROR
5057,DOC-0317,marksheet,clean,field_1,0,1,0.3364,0.0,3.3738,0.0,FORMAT_ERROR
5058,DOC-0317,marksheet,clean,field_2,0,1,0.3935,0.0,2.3153,0.0,FORMAT_ERROR
5059,DOC-0317,marksheet,clean,field_3,0,1,0.2492,0.0,2.377,0.0,FORMAT_ERROR
5060,DOC-0317,marksheet,clean,field_4,0,1,0.4072,0.0,1.0545,0.0,FORMAT_ERROR
5061,DOC-0317,marksheet,clean,field_5,0,1,0.1768,0.0,2.3131,0.0,FORMAT_ERROR
5062,DOC-0317,marksheet,clean,field_6,0,1,0.4937,0.0,2.0702,0.0,FORMAT_ERROR
5063,DOC-0317,marksheet,clean,field_7,0,1,0.252,0.0,2.4996,0.0,FORMAT_ERROR
5064,DOC-0317,marksheet,clean,field_8,0,1,0.186,0.0,1.8255,0.0,FORMAT_ERROR
5065,DOC-0317,marksheet,clean,field_9,0,1,0.2235,0.0,1.0534,0.0,FORMAT_ERROR
5066,DOC-0317,marksheet,clean,field_10,0,1,0.241,0.0,1.6601,0.0,FORMAT_ERROR
5067,DOC-0317,marksheet,clean,field_11,0,1,0.173,0.0,1.6934,0.0,FORMAT_ERROR
5068,DOC-0317,marksheet,clean,field_12,0,1,0.3803,0.0,1.9499,0.0,FORMAT_ERROR
5069,DOC-0317,marksheet,clean,field_13,0,1,0.3223,0.0,3.0174,0.0,FORMAT_ERROR
5070,DOC-0317,marksheet,clean,field_14,0,1,0.2154,0.0,2.0171,0.0,FORMAT_ERROR
5071,DOC-0317,marksheet,clean,field_15,0,1,0.1779,0.0,0.7135,0.0,FORMAT_ERROR
5072,DOC-0317,marksheet,clean,field_16,0,1,0.4082,0.0,2.1981,0.0,FORMAT_ERROR
5073,DOC-0318,student_id,scanner_copy,field_1,0,1,0.5451,0.0,2.1736,0.0,FORMAT_ERROR
5074,DOC-0318,student_id,scanner_copy,field_2,0,1,0.5819,0.0,0.6461,0.0,FORMAT_ERROR
5075,DOC-0318,student_id,scanner_copy,field_3,0,1,0.1941,0.0,0.6322,0.0,FORMAT_ERROR
5076,DOC-0318,student_id,scanner_copy,field_4,0,1,0.2334,0.0,2.1238,0.0,FORMAT_ERROR
5077,DOC-0318,student_id,scanner_copy,field_5,0,1,0.4405,0.0,0.6368,0.0,FORMAT_ERROR
5078,DOC-0318,student_id,scanner_copy,field_6,0,1,0.5757,0.0,3.0265,0.0,FORMAT_ERROR
5079,DOC-0318,student_id,scanner_copy,field_7,0,1,0.2835,0.0,0.7316,0.0,FORMAT_ERROR
5080,DOC-0318,student_id,scanner_copy,field_8,0,1,0.2264,0.0,0.8808,0.0,FORMAT_ERROR
5081,DOC-0318,student_id,scanner_copy,field_9,0,1,0.2055,0.0,2.0557,0.0,FORMAT_ERROR
5082,DOC-0318,student_id,scanner_copy,field_10,0,1,0.2606,0.0,1.5744,0.0,FORMAT_ERROR
5083,DOC-0318,student_id,scanner_copy,field_11,0,1,0.5953,0.0,2.5529,0.0,FORMAT_ERROR
5084,DOC-0318,student_id,scanner_copy,field_12,0,1,0.577,0.0,0.9277,0.0,FORMAT_ERROR
5085,DOC-0318,student_id,scanner_copy,field_13,0,1,0.322,0.0,2.1642,0.0,FORMAT_ERROR
5086,DOC-0318,student_id,scanner_copy,field_14,0,1,0.1845,0.0,0.5126,0.0,FORMAT_ERROR
5087,DOC-0318,student_id,scanner_copy,field_15,0,1,0.4517,0.0,2.4255,0.0,FORMAT_ERROR
5088,DOC-0318,student_id,scanner_copy,field_16,0,1,0.3349,0.0,1.9689,0.0,FORMAT_ERROR
5089,DOC-0319,certificate,mobile_camera,field_1,0,1,0.3369,0.0,0.572,0.0,FORMAT_ERROR
5090,DOC-0319,certificate,mobile_camera,field_2,0,1,0.3009,0.0,1.0312,0.0,FORMAT_ERROR
5091,DOC-0319,certificate,mobile_camera,field_3,0,1,0.1943,0.0,3.3702,0.0,FORMAT_ERROR
5092,DOC-0319,certificate,mobile_camera,field_4,0,1,0.4197,0.0,2.686,0.0,FORMAT_ERROR
5093,DOC-0319,certificate,mobile_camera,field_5,0,1,0.2919,0.0,1.6794,0.0,FORMAT_ERROR
5094,DOC-0319,certificate,mobile_camera,field_6,0,1,0.2566,0.0,0.7909,0.0,FORMAT_ERROR
5095,DOC-0319,certificate,mobile_camera,field_7,0,1,0.2306,0.0,2.8925,0.0,FORMAT_ERROR
5096,DOC-0319,certificate,mobile_camera,field_8,0,1,0.4549,0.0,2.1408,0.0,FORMAT_ERROR
5097,DOC-0319,certificate,mobile_camera,field_9,0,1,0.3638,0.0,3.2673,0.0,FORMAT_ERROR
5098,DOC-0319,certificate,mobile_camera,field_10,0,1,0.1827,0.0,1.3418,0.0,FORMAT_ERROR
5099,DOC-0319,certificate,mobile_camera,field_11,0,1,0.3075,0.0,2.8473,0.0,FORMAT_ERROR
5100,DOC-0319,certificate,mobile_camera,field_12,0,1,0.5966,0.0,1.222,0.0,FORMAT_ERROR
5101,DOC-0319,certificate,mobile_camera,field_13,0,1,0.5434,0.0,2.9919,0.0,FORMAT_ERROR
5102,DOC-0319,certificate,mobile_camera,field_14,0,1,0.2511,0.0,1.698,0.0,FORMAT_ERROR
5103,DOC-0319,certificate,mobile_camera,field_15,0,1,0.3344,0.0,3.4347,0.0,FORMAT_ERROR
5104,DOC-0319,certificate,mobile_camera,field_16,0,1,0.2314,0.0,2.8975,0.0,FORMAT_ERROR
5105,DOC-0320,marksheet,rotated_90,field_1,0,1,0.3004,0.0,2.6926,0.0,FORMAT_ERROR
5106,DOC-0320,marksheet,rotated_90,field_2,0,1,0.339,0.0,2.2351,0.0,FORMAT_ERROR
5107,DOC-0320,marksheet,rotated_90,field_3,0,1,0.5247,0.0,2.9125,0.0,FORMAT_ERROR
5108,DOC-0320,marksheet,rotated_90,field_4,0,1,0.5399,0.0,0.6789,0.0,FORMAT_ERROR
5109,DOC-0320,marksheet,rotated_90,field_5,0,1,0.4614,0.0,0.92,0.0,FORMAT_ERROR
5110,DOC-0320,marksheet,rotated_90,field_6,0,1,0.3371,0.0,2.1458,0.0,FORMAT_ERROR
5111,DOC-0320,marksheet,rotated_90,field_7,0,1,0.3312,0.0,2.0588,0.0,FORMAT_ERROR
5112,DOC-0320,marksheet,rotated_90,field_8,0,1,0.5984,0.0,0.9057,0.0,FORMAT_ERROR
5113,DOC-0320,marksheet,rotated_90,field_9,0,1,0.454,0.0,1.688,0.0,FORMAT_ERROR
5114,DOC-0320,marksheet,rotated_90,field_10,0,1,0.2099,0.0,0.9762,0.0,FORMAT_ERROR
5115,DOC-0320,marksheet,rotated_90,field_11,0,1,0.5772,0.0,3.1388,0.0,FORMAT_ERROR
5116,DOC-0320,marksheet,rotated_90,field_12,0,1,0.5582,0.0,3.4746,0.0,FORMAT_ERROR
5117,DOC-0320,marksheet,rotated_90,field_13,0,1,0.2437,0.0,1.5663,0.0,FORMAT_ERROR
5118,DOC-0320,marksheet,rotated_90,field_14,0,1,0.4511,0.0,1.9514,0.0,FORMAT_ERROR
5119,DOC-0320,marksheet,rotated_90,field_15,0,1,0.3383,0.0,1.5734,0.0,FORMAT_ERROR
5120,DOC-0320,marksheet,rotated_90,field_16,0,1,0.4172,0.0,2.2268,0.0,FORMAT_ERROR
5121,DOC-0321,student_id,clean,field_1,0,1,0.2227,0.0,1.9152,0.0,FORMAT_ERROR
5122,DOC-0321,student_id,clean,field_2,0,1,0.3991,0.0,2.2109,0.0,FORMAT_ERROR
5123,DOC-0321,student_id,clean,field_3,0,1,0.2445,0.0,2.7268,0.0,FORMAT_ERROR
5124,DOC-0321,student_id,clean,field_4,0,1,0.1613,0.0,1.5645,0.0,FORMAT_ERROR
5125,DOC-0321,student_id,clean,field_5,0,1,0.5011,0.0,2.1917,0.0,FORMAT_ERROR
5126,DOC-0321,student_id,clean,field_6,0,1,0.2675,0.0,2.5849,0.0,FORMAT_ERROR
5127,DOC-0321,student_id,clean,field_7,0,1,0.4053,0.0,2.8887,0.0,FORMAT_ERROR
5128,DOC-0321,student_id,clean,field_8,0,1,0.4808,0.0,2.3303,0.0,FORMAT_ERROR
5129,DOC-0321,student_id,clean,field_9,0,1,0.3697,0.0,0.8995,0.0,FORMAT_ERROR
5130,DOC-0321,student_id,clean,field_10,0,1,0.2676,0.0,1.7573,0.0,FORMAT_ERROR
5131,DOC-0321,student_id,clean,field_11,0,1,0.4197,0.0,2.0411,0.0,FORMAT_ERROR
5132,DOC-0321,student_id,clean,field_12,0,1,0.2797,0.0,0.5194,0.0,FORMAT_ERROR
5133,DOC-0321,student_id,clean,field_13,0,1,0.3733,0.0,1.3569,0.0,FORMAT_ERROR
5134,DOC-0321,student_id,clean,field_14,0,1,0.4806,0.0,0.5718,0.0,FORMAT_ERROR
5135,DOC-0321,student_id,clean,field_15,0,1,0.4132,0.0,3.3244,0.0,FORMAT_ERROR
5136,DOC-0321,student_id,clean,field_16,0,1,0.2285,0.0,1.9149,0.0,FORMAT_ERROR
5137,DOC-0322,certificate,scanner_copy,field_1,0,1,0.1911,0.0,2.377,0.0,FORMAT_ERROR
5138,DOC-0322,certificate,scanner_copy,field_2,0,1,0.3977,0.0,1.7221,0.0,FORMAT_ERROR
5139,DOC-0322,certificate,scanner_copy,field_3,0,1,0.3846,0.0,3.1897,0.0,FORMAT_ERROR
5140,DOC-0322,certificate,scanner_copy,field_4,0,1,0.2383,0.0,0.5677,0.0,FORMAT_ERROR
5141,DOC-0322,certificate,scanner_copy,field_5,0,1,0.5377,0.0,2.2314,0.0,FORMAT_ERROR
5142,DOC-0322,certificate,scanner_copy,field_6,0,1,0.5508,0.0,2.2908,0.0,FORMAT_ERROR
5143,DOC-0322,certificate,scanner_copy,field_7,0,1,0.5146,0.0,1.789,0.0,FORMAT_ERROR
5144,DOC-0322,certificate,scanner_copy,field_8,0,1,0.4874,0.0,3.2391,0.0,FORMAT_ERROR
5145,DOC-0322,certificate,scanner_copy,field_9,0,1,0.4075,0.0,1.0424,0.0,FORMAT_ERROR
5146,DOC-0322,certificate,scanner_copy,field_10,0,1,0.271,0.0,1.0959,0.0,FORMAT_ERROR
5147,DOC-0322,certificate,scanner_copy,field_11,0,1,0.2611,0.0,1.4192,0.0,FORMAT_ERROR
5148,DOC-0322,certificate,scanner_copy,field_12,0,1,0.3998,0.0,2.264,0.0,FORMAT_ERROR
5149,DOC-0322,certificate,scanner_copy,field_13,0,1,0.3419,0.0,2.3463,0.0,FORMAT_ERROR
5150,DOC-0322,certificate,scanner_copy,field_14,0,1,0.1867,0.0,0.7634,0.0,FORMAT_ERROR
5151,DOC-0322,certificate,scanner_copy,field_15,0,1,0.2273,0.0,2.0542,0.0,FORMAT_ERROR
5152,DOC-0322,certificate,scanner_copy,field_16,0,1,0.2463,0.0,1.3499,0.0,FORMAT_ERROR
5153,DOC-0323,marksheet,mobile_camera,field_1,0,1,0.3301,0.0,2.9356,0.0,FORMAT_ERROR
5154,DOC-0323,marksheet,mobile_camera,field_2,0,1,0.1562,0.0,2.4481,0.0,FORMAT_ERROR
5155,DOC-0323,marksheet,mobile_camera,field_3,0,1,0.451,0.0,2.896,0.0,FORMAT_ERROR
5156,DOC-0323,marksheet,mobile_camera,field_4,0,1,0.5697,0.0,0.5604,0.0,FORMAT_ERROR
5157,DOC-0323,marksheet,mobile_camera,field_5,0,1,0.2192,0.0,3.1585,0.0,FORMAT_ERROR
5158,DOC-0323,marksheet,mobile_camera,field_6,0,1,0.3563,0.0,2.1938,0.0,FORMAT_ERROR
5159,DOC-0323,marksheet,mobile_camera,field_7,0,1,0.4484,0.0,2.5372,0.0,FORMAT_ERROR
5160,DOC-0323,marksheet,mobile_camera,field_8,0,1,0.5693,0.0,3.4908,0.0,FORMAT_ERROR
5161,DOC-0323,marksheet,mobile_camera,field_9,0,1,0.4741,0.0,1.3617,0.0,FORMAT_ERROR
5162,DOC-0323,marksheet,mobile_camera,field_10,0,1,0.5459,0.0,0.6477,0.0,FORMAT_ERROR
5163,DOC-0323,marksheet,mobile_camera,field_11,0,1,0.254,0.0,3.1922,0.0,FORMAT_ERROR
5164,DOC-0323,marksheet,mobile_camera,field_12,0,1,0.2653,0.0,1.162,0.0,FORMAT_ERROR
5165,DOC-0323,marksheet,mobile_camera,field_13,0,1,0.2122,0.0,3.0773,0.0,FORMAT_ERROR
5166,DOC-0323,marksheet,mobile_camera,field_14,0,1,0.375,0.0,2.5247,0.0,FORMAT_ERROR
5167,DOC-0323,marksheet,mobile_camera,field_15,0,1,0.2576,0.0,2.7741,0.0,FORMAT_ERROR
5168,DOC-0323,marksheet,mobile_camera,field_16,0,1,0.492,0.0,1.4378,0.0,FORMAT_ERROR
5169,DOC-0324,student_id,rotated_90,field_1,0,1,0.3348,0.0,1.1291,0.0,FORMAT_ERROR
5170,DOC-0324,student_id,rotated_90,field_2,0,1,0.5895,0.0,2.4368,0.0,FORMAT_ERROR
5171,DOC-0324,student_id,rotated_90,field_3,0,1,0.5705,0.0,1.4102,0.0,FORMAT_ERROR
5172,DOC-0324,student_id,rotated_90,field_4,0,1,0.5019,0.0,2.7976,0.0,FORMAT_ERROR
5173,DOC-0324,student_id,rotated_90,field_5,0,1,0.4612,0.0,3.3969,0.0,FORMAT_ERROR
5174,DOC-0324,student_id,rotated_90,field_6,0,1,0.3271,0.0,0.8922,0.0,FORMAT_ERROR
5175,DOC-0324,student_id,rotated_90,field_7,0,1,0.4523,0.0,2.6879,0.0,FORMAT_ERROR
5176,DOC-0324,student_id,rotated_90,field_8,0,1,0.4088,0.0,1.1205,0.0,FORMAT_ERROR
5177,DOC-0324,student_id,rotated_90,field_9,0,1,0.377,0.0,1.4366,0.0,FORMAT_ERROR
5178,DOC-0324,student_id,rotated_90,field_10,0,1,0.3424,0.0,2.4357,0.0,FORMAT_ERROR
5179,DOC-0324,student_id,rotated_90,field_11,0,1,0.4853,0.0,1.1967,0.0,FORMAT_ERROR
5180,DOC-0324,student_id,rotated_90,field_12,0,1,0.3324,0.0,1.3075,0.0,FORMAT_ERROR
5181,DOC-0324,student_id,rotated_90,field_13,0,1,0.2394,0.0,2.8502,0.0,FORMAT_ERROR
5182,DOC-0324,student_id,rotated_90,field_14,0,1,0.5592,0.0,1.6107,0.0,FORMAT_ERROR
5183,DOC-0324,student_id,rotated_90,field_15,0,1,0.4881,0.0,3.191,0.0,FORMAT_ERROR
5184,DOC-0324,student_id,rotated_90,field_16,0,1,0.5308,0.0,1.0484,0.0,FORMAT_ERROR
5185,DOC-0325,certificate,clean,field_1,0,1,0.5803,0.0,1.63,0.0,FORMAT_ERROR
5186,DOC-0325,certificate,clean,field_2,0,1,0.3027,0.0,0.6873,0.0,FORMAT_ERROR
5187,DOC-0325,certificate,clean,field_3,0,1,0.3688,0.0,0.827,0.0,FORMAT_ERROR
5188,DOC-0325,certificate,clean,field_4,0,1,0.2618,0.0,1.4508,0.0,FORMAT_ERROR
5189,DOC-0325,certificate,clean,field_5,0,1,0.514,0.0,3.1265,0.0,FORMAT_ERROR
5190,DOC-0325,certificate,clean,field_6,0,1,0.2861,0.0,3.0761,0.0,FORMAT_ERROR
5191,DOC-0325,certificate,clean,field_7,0,1,0.5358,0.0,2.794,0.0,FORMAT_ERROR
5192,DOC-0325,certificate,clean,field_8,0,1,0.216,0.0,2.571,0.0,FORMAT_ERROR
5193,DOC-0325,certificate,clean,field_9,0,1,0.5753,0.0,2.5476,0.0,FORMAT_ERROR
5194,DOC-0325,certificate,clean,field_10,0,1,0.2992,0.0,2.0017,0.0,FORMAT_ERROR
5195,DOC-0325,certificate,clean,field_11,0,1,0.4406,0.0,2.0317,0.0,FORMAT_ERROR
5196,DOC-0325,certificate,clean,field_12,0,1,0.204,0.0,1.4362,0.0,FORMAT_ERROR
5197,DOC-0325,certificate,clean,field_13,0,1,0.5111,0.0,3.0843,0.0,FORMAT_ERROR
5198,DOC-0325,certificate,clean,field_14,0,1,0.2118,0.0,3.3572,0.0,FORMAT_ERROR
5199,DOC-0325,certificate,clean,field_15,0,1,0.298,0.0,2.4869,0.0,FORMAT_ERROR
5200,DOC-0325,certificate,clean,field_16,0,1,0.4883,0.0,2.9358,0.0,FORMAT_ERROR
5201,DOC-0326,marksheet,scanner_copy,field_1,0,1,0.5756,0.0,1.4388,0.0,FORMAT_ERROR
5202,DOC-0326,marksheet,scanner_copy,field_2,0,1,0.5363,0.0,0.8951,0.0,FORMAT_ERROR
5203,DOC-0326,marksheet,scanner_copy,field_3,0,1,0.4673,0.0,2.7259,0.0,FORMAT_ERROR
5204,DOC-0326,marksheet,scanner_copy,field_4,0,1,0.455,0.0,1.2569,0.0,FORMAT_ERROR
5205,DOC-0326,marksheet,scanner_copy,field_5,0,1,0.5429,0.0,1.0066,0.0,FORMAT_ERROR
5206,DOC-0326,marksheet,scanner_copy,field_6,0,1,0.1741,0.0,2.6524,0.0,FORMAT_ERROR
5207,DOC-0326,marksheet,scanner_copy,field_7,0,1,0.364,0.0,3.0473,0.0,FORMAT_ERROR
5208,DOC-0326,marksheet,scanner_copy,field_8,0,1,0.3225,0.0,1.0048,0.0,FORMAT_ERROR
5209,DOC-0326,marksheet,scanner_copy,field_9,0,1,0.5264,0.0,2.1467,0.0,FORMAT_ERROR
5210,DOC-0326,marksheet,scanner_copy,field_10,0,1,0.2351,0.0,2.6612,0.0,FORMAT_ERROR
5211,DOC-0326,marksheet,scanner_copy,field_11,0,1,0.38,0.0,2.3129,0.0,FORMAT_ERROR
5212,DOC-0326,marksheet,scanner_copy,field_12,0,1,0.3574,0.0,2.9861,0.0,FORMAT_ERROR
5213,DOC-0326,marksheet,scanner_copy,field_13,0,1,0.5233,0.0,2.6282,0.0,FORMAT_ERROR
5214,DOC-0326,marksheet,scanner_copy,field_14,0,1,0.1974,0.0,3.0166,0.0,FORMAT_ERROR
5215,DOC-0326,marksheet,scanner_copy,field_15,0,1,0.452,0.0,2.5911,0.0,FORMAT_ERROR
5216,DOC-0326,marksheet,scanner_copy,field_16,0,1,0.3133,0.0,3.1378,0.0,FORMAT_ERROR
5217,DOC-0327,student_id,mobile_camera,field_1,0,1,0.4764,0.0,0.8378,0.0,FORMAT_ERROR
5218,DOC-0327,student_id,mobile_camera,field_2,0,1,0.3335,0.0,3.1591,0.0,FORMAT_ERROR
5219,DOC-0327,student_id,mobile_camera,field_3,0,1,0.1712,0.0,3.3842,0.0,FORMAT_ERROR
5220,DOC-0327,student_id,mobile_camera,field_4,0,1,0.4556,0.0,2.3941,0.0,FORMAT_ERROR
5221,DOC-0327,student_id,mobile_camera,field_5,0,1,0.2718,0.0,1.2464,0.0,FORMAT_ERROR
5222,DOC-0327,student_id,mobile_camera,field_6,0,1,0.5739,0.0,1.3948,0.0,FORMAT_ERROR
5223,DOC-0327,student_id,mobile_camera,field_7,0,1,0.499,0.0,1.6794,0.0,FORMAT_ERROR
5224,DOC-0327,student_id,mobile_camera,field_8,0,1,0.2127,0.0,0.5321,0.0,FORMAT_ERROR
5225,DOC-0327,student_id,mobile_camera,field_9,0,1,0.3949,0.0,3.4273,0.0,FORMAT_ERROR
5226,DOC-0327,student_id,mobile_camera,field_10,0,1,0.3161,0.0,1.5716,0.0,FORMAT_ERROR
5227,DOC-0327,student_id,mobile_camera,field_11,0,1,0.3048,0.0,2.0616,0.0,FORMAT_ERROR
5228,DOC-0327,student_id,mobile_camera,field_12,0,1,0.3483,0.0,3.1397,0.0,FORMAT_ERROR
5229,DOC-0327,student_id,mobile_camera,field_13,0,1,0.3775,0.0,2.0233,0.0,FORMAT_ERROR
5230,DOC-0327,student_id,mobile_camera,field_14,0,1,0.2123,0.0,3.4482,0.0,FORMAT_ERROR
5231,DOC-0327,student_id,mobile_camera,field_15,0,1,0.2625,0.0,0.7201,0.0,FORMAT_ERROR
5232,DOC-0327,student_id,mobile_camera,field_16,0,1,0.4484,0.0,2.2861,0.0,FORMAT_ERROR
5233,DOC-0328,certificate,rotated_90,field_1,0,1,0.3368,0.0,1.7666,0.0,FORMAT_ERROR
5234,DOC-0328,certificate,rotated_90,field_2,0,1,0.5033,0.0,1.0871,0.0,FORMAT_ERROR
5235,DOC-0328,certificate,rotated_90,field_3,0,1,0.5191,0.0,2.4462,0.0,FORMAT_ERROR
5236,DOC-0328,certificate,rotated_90,field_4,0,1,0.3385,0.0,1.8741,0.0,FORMAT_ERROR
5237,DOC-0328,certificate,rotated_90,field_5,0,1,0.2655,0.0,2.7563,0.0,FORMAT_ERROR
5238,DOC-0328,certificate,rotated_90,field_6,0,1,0.3808,0.0,1.4626,0.0,FORMAT_ERROR
5239,DOC-0328,certificate,rotated_90,field_7,0,1,0.4182,0.0,3.4872,0.0,FORMAT_ERROR
5240,DOC-0328,certificate,rotated_90,field_8,0,1,0.3459,0.0,3.2621,0.0,FORMAT_ERROR
5241,DOC-0328,certificate,rotated_90,field_9,0,1,0.3053,0.0,0.6642,0.0,FORMAT_ERROR
5242,DOC-0328,certificate,rotated_90,field_10,0,1,0.2419,0.0,1.7561,0.0,FORMAT_ERROR
5243,DOC-0328,certificate,rotated_90,field_11,0,1,0.2488,0.0,0.5007,0.0,FORMAT_ERROR
5244,DOC-0328,certificate,rotated_90,field_12,0,1,0.5618,0.0,3.0316,0.0,FORMAT_ERROR
5245,DOC-0328,certificate,rotated_90,field_13,0,1,0.484,0.0,1.0034,0.0,FORMAT_ERROR
5246,DOC-0328,certificate,rotated_90,field_14,0,1,0.2042,0.0,0.7028,0.0,FORMAT_ERROR
5247,DOC-0328,certificate,rotated_90,field_15,0,1,0.4758,0.0,3.2864,0.0,FORMAT_ERROR
5248,DOC-0328,certificate,rotated_90,field_16,0,1,0.3437,0.0,0.8574,0.0,FORMAT_ERROR
5249,DOC-0329,marksheet,clean,field_1,0,1,0.3806,0.0,1.5465,0.0,FORMAT_ERROR
5250,DOC-0329,marksheet,clean,field_2,0,1,0.3187,0.0,2.364,0.0,FORMAT_ERROR
5251,DOC-0329,marksheet,clean,field_3,0,1,0.4734,0.0,0.8318,0.0,FORMAT_ERROR
5252,DOC-0329,marksheet,clean,field_4,0,1,0.166,0.0,3.483,0.0,FORMAT_ERROR
5253,DOC-0329,marksheet,clean,field_5,0,1,0.2547,0.0,0.6615,0.0,FORMAT_ERROR
5254,DOC-0329,marksheet,clean,field_6,0,1,0.2354,0.0,0.6169,0.0,FORMAT_ERROR
5255,DOC-0329,marksheet,clean,field_7,0,1,0.3263,0.0,2.9072,0.0,FORMAT_ERROR
5256,DOC-0329,marksheet,clean,field_8,0,1,0.3036,0.0,1.8326,0.0,FORMAT_ERROR
5257,DOC-0329,marksheet,clean,field_9,0,1,0.454,0.0,2.0267,0.0,FORMAT_ERROR
5258,DOC-0329,marksheet,clean,field_10,0,1,0.5377,0.0,3.0981,0.0,FORMAT_ERROR
5259,DOC-0329,marksheet,clean,field_11,0,1,0.1545,0.0,2.8341,0.0,FORMAT_ERROR
5260,DOC-0329,marksheet,clean,field_12,0,1,0.3573,0.0,3.4665,0.0,FORMAT_ERROR
5261,DOC-0329,marksheet,clean,field_13,0,1,0.3675,0.0,3.4607,0.0,FORMAT_ERROR
5262,DOC-0329,marksheet,clean,field_14,0,1,0.4896,0.0,1.2458,0.0,FORMAT_ERROR
5263,DOC-0329,marksheet,clean,field_15,0,1,0.3923,0.0,3.4764,0.0,FORMAT_ERROR
5264,DOC-0329,marksheet,clean,field_16,0,1,0.5359,0.0,0.7921,0.0,FORMAT_ERROR
5265,DOC-0330,student_id,scanner_copy,field_1,0,1,0.4679,0.0,1.5367,0.0,FORMAT_ERROR
5266,DOC-0330,student_id,scanner_copy,field_2,0,1,0.1531,0.0,1.7104,0.0,FORMAT_ERROR
5267,DOC-0330,student_id,scanner_copy,field_3,0,1,0.2556,0.0,2.9566,0.0,FORMAT_ERROR
5268,DOC-0330,student_id,scanner_copy,field_4,0,1,0.3018,0.0,2.9826,0.0,FORMAT_ERROR
5269,DOC-0330,student_id,scanner_copy,field_5,0,1,0.1503,0.0,1.4235,0.0,FORMAT_ERROR
5270,DOC-0330,student_id,scanner_copy,field_6,0,1,0.2585,0.0,1.2007,0.0,FORMAT_ERROR
5271,DOC-0330,student_id,scanner_copy,field_7,0,1,0.1807,0.0,1.0614,0.0,FORMAT_ERROR
5272,DOC-0330,student_id,scanner_copy,field_8,0,1,0.4,0.0,1.3741,0.0,FORMAT_ERROR
5273,DOC-0330,student_id,scanner_copy,field_9,0,1,0.3378,0.0,1.6306,0.0,FORMAT_ERROR
5274,DOC-0330,student_id,scanner_copy,field_10,0,1,0.5442,0.0,3.2159,0.0,FORMAT_ERROR
5275,DOC-0330,student_id,scanner_copy,field_11,0,1,0.3718,0.0,1.4905,0.0,FORMAT_ERROR
5276,DOC-0330,student_id,scanner_copy,field_12,0,1,0.1981,0.0,3.3602,0.0,FORMAT_ERROR
5277,DOC-0330,student_id,scanner_copy,field_13,0,1,0.1771,0.0,1.393,0.0,FORMAT_ERROR
5278,DOC-0330,student_id,scanner_copy,field_14,0,1,0.2841,0.0,1.4612,0.0,FORMAT_ERROR
5279,DOC-0330,student_id,scanner_copy,field_15,0,1,0.2239,0.0,2.8495,0.0,FORMAT_ERROR
5280,DOC-0330,student_id,scanner_copy,field_16,0,1,0.2051,0.0,2.4047,0.0,FORMAT_ERROR
5281,DOC-0331,certificate,mobile_camera,field_1,0,1,0.2057,0.0,0.7116,0.0,FORMAT_ERROR
5282,DOC-0331,certificate,mobile_camera,field_2,0,1,0.5592,0.0,1.0704,0.0,FORMAT_ERROR
5283,DOC-0331,certificate,mobile_camera,field_3,0,1,0.5196,0.0,2.1339,0.0,FORMAT_ERROR
5284,DOC-0331,certificate,mobile_camera,field_4,0,1,0.185,0.0,3.3663,0.0,FORMAT_ERROR
5285,DOC-0331,certificate,mobile_camera,field_5,0,1,0.2611,0.0,3.0789,0.0,FORMAT_ERROR
5286,DOC-0331,certificate,mobile_camera,field_6,0,1,0.226,0.0,3.0618,0.0,FORMAT_ERROR
5287,DOC-0331,certificate,mobile_camera,field_7,0,1,0.156,0.0,2.0353,0.0,FORMAT_ERROR
5288,DOC-0331,certificate,mobile_camera,field_8,0,1,0.4962,0.0,3.3044,0.0,FORMAT_ERROR
5289,DOC-0331,certificate,mobile_camera,field_9,0,1,0.5591,0.0,2.9589,0.0,FORMAT_ERROR
5290,DOC-0331,certificate,mobile_camera,field_10,0,1,0.5497,0.0,1.0977,0.0,FORMAT_ERROR
5291,DOC-0331,certificate,mobile_camera,field_11,0,1,0.2779,0.0,1.3669,0.0,FORMAT_ERROR
5292,DOC-0331,certificate,mobile_camera,field_12,0,1,0.3197,0.0,1.68,0.0,FORMAT_ERROR
5293,DOC-0331,certificate,mobile_camera,field_13,0,1,0.395,0.0,0.9796,0.0,FORMAT_ERROR
5294,DOC-0331,certificate,mobile_camera,field_14,0,1,0.4611,0.0,1.0027,0.0,FORMAT_ERROR
5295,DOC-0331,certificate,mobile_camera,field_15,0,1,0.2896,0.0,2.01,0.0,FORMAT_ERROR
5296,DOC-0331,certificate,mobile_camera,field_16,0,1,0.5084,0.0,2.7184,0.0,FORMAT_ERROR
5297,DOC-0332,marksheet,rotated_90,field_1,0,1,0.4405,0.0,0.9673,0.0,FORMAT_ERROR
5298,DOC-0332,marksheet,rotated_90,field_2,0,1,0.3962,0.0,0.7623,0.0,FORMAT_ERROR
5299,DOC-0332,marksheet,rotated_90,field_3,0,1,0.3198,0.0,1.7405,0.0,FORMAT_ERROR
5300,DOC-0332,marksheet,rotated_90,field_4,0,1,0.1679,0.0,1.322,0.0,FORMAT_ERROR
5301,DOC-0332,marksheet,rotated_90,field_5,0,1,0.58,0.0,3.3609,0.0,FORMAT_ERROR
5302,DOC-0332,marksheet,rotated_90,field_6,0,1,0.3085,0.0,0.6293,0.0,FORMAT_ERROR
5303,DOC-0332,marksheet,rotated_90,field_7,0,1,0.2306,0.0,1.6767,0.0,FORMAT_ERROR
5304,DOC-0332,marksheet,rotated_90,field_8,0,1,0.5765,0.0,0.9236,0.0,FORMAT_ERROR
5305,DOC-0332,marksheet,rotated_90,field_9,0,1,0.4936,0.0,0.826,0.0,FORMAT_ERROR
5306,DOC-0332,marksheet,rotated_90,field_10,0,1,0.5916,0.0,1.6448,0.0,FORMAT_ERROR
5307,DOC-0332,marksheet,rotated_90,field_11,0,1,0.4989,0.0,1.5278,0.0,FORMAT_ERROR
5308,DOC-0332,marksheet,rotated_90,field_12,0,1,0.4325,0.0,1.076,0.0,FORMAT_ERROR
5309,DOC-0332,marksheet,rotated_90,field_13,0,1,0.2157,0.0,3.3142,0.0,FORMAT_ERROR
5310,DOC-0332,marksheet,rotated_90,field_14,0,1,0.5629,0.0,3.1624,0.0,FORMAT_ERROR
5311,DOC-0332,marksheet,rotated_90,field_15,0,1,0.4314,0.0,2.9248,0.0,FORMAT_ERROR
5312,DOC-0332,marksheet,rotated_90,field_16,0,1,0.1811,0.0,1.5044,0.0,FORMAT_ERROR
5313,DOC-0333,student_id,clean,field_1,0,1,0.2912,0.0,2.4069,0.0,FORMAT_ERROR
5314,DOC-0333,student_id,clean,field_2,0,1,0.3102,0.0,0.9455,0.0,FORMAT_ERROR
5315,DOC-0333,student_id,clean,field_3,0,1,0.4184,0.0,2.9432,0.0,FORMAT_ERROR
5316,DOC-0333,student_id,clean,field_4,0,1,0.322,0.0,0.8968,0.0,FORMAT_ERROR
5317,DOC-0333,student_id,clean,field_5,0,1,0.2385,0.0,1.2124,0.0,FORMAT_ERROR
5318,DOC-0333,student_id,clean,field_6,0,1,0.285,0.0,2.4284,0.0,FORMAT_ERROR
5319,DOC-0333,student_id,clean,field_7,0,1,0.4204,0.0,2.5882,0.0,FORMAT_ERROR
5320,DOC-0333,student_id,clean,field_8,0,1,0.3131,0.0,2.972,0.0,FORMAT_ERROR
5321,DOC-0333,student_id,clean,field_9,0,1,0.2418,0.0,1.9071,0.0,FORMAT_ERROR
5322,DOC-0333,student_id,clean,field_10,0,1,0.5104,0.0,1.0405,0.0,FORMAT_ERROR
5323,DOC-0333,student_id,clean,field_11,0,1,0.1994,0.0,3.1511,0.0,FORMAT_ERROR
5324,DOC-0333,student_id,clean,field_12,0,1,0.3043,0.0,2.5516,0.0,FORMAT_ERROR
5325,DOC-0333,student_id,clean,field_13,0,1,0.1614,0.0,2.5701,0.0,FORMAT_ERROR
5326,DOC-0333,student_id,clean,field_14,0,1,0.2922,0.0,0.6672,0.0,FORMAT_ERROR
5327,DOC-0333,student_id,clean,field_15,0,1,0.4244,0.0,1.2224,0.0,FORMAT_ERROR
5328,DOC-0333,student_id,clean,field_16,0,1,0.3241,0.0,0.7417,0.0,FORMAT_ERROR
5329,DOC-0334,certificate,scanner_copy,field_1,0,1,0.2162,0.0,1.3939,0.0,FORMAT_ERROR
5330,DOC-0334,certificate,scanner_copy,field_2,0,1,0.1904,0.0,3.2325,0.0,FORMAT_ERROR
5331,DOC-0334,certificate,scanner_copy,field_3,0,1,0.1527,0.0,1.9516,0.0,FORMAT_ERROR
5332,DOC-0334,certificate,scanner_copy,field_4,0,1,0.2055,0.0,1.423,0.0,FORMAT_ERROR
5333,DOC-0334,certificate,scanner_copy,field_5,0,1,0.5667,0.0,0.9851,0.0,FORMAT_ERROR
5334,DOC-0334,certificate,scanner_copy,field_6,0,1,0.5846,0.0,1.1174,0.0,FORMAT_ERROR
5335,DOC-0334,certificate,scanner_copy,field_7,0,1,0.4837,0.0,2.14,0.0,FORMAT_ERROR
5336,DOC-0334,certificate,scanner_copy,field_8,0,1,0.548,0.0,2.162,0.0,FORMAT_ERROR
5337,DOC-0334,certificate,scanner_copy,field_9,0,1,0.3906,0.0,1.0864,0.0,FORMAT_ERROR
5338,DOC-0334,certificate,scanner_copy,field_10,0,1,0.2248,0.0,3.2495,0.0,FORMAT_ERROR
5339,DOC-0334,certificate,scanner_copy,field_11,0,1,0.2975,0.0,1.6162,0.0,FORMAT_ERROR
5340,DOC-0334,certificate,scanner_copy,field_12,0,1,0.4919,0.0,1.5165,0.0,FORMAT_ERROR
5341,DOC-0334,certificate,scanner_copy,field_13,0,1,0.5784,0.0,2.7138,0.0,FORMAT_ERROR
5342,DOC-0334,certificate,scanner_copy,field_14,0,1,0.4188,0.0,3.1427,0.0,FORMAT_ERROR
5343,DOC-0334,certificate,scanner_copy,field_15,0,1,0.1723,0.0,1.2712,0.0,FORMAT_ERROR
5344,DOC-0334,certificate,scanner_copy,field_16,0,1,0.3593,0.0,1.1809,0.0,FORMAT_ERROR
5345,DOC-0335,marksheet,mobile_camera,field_1,0,1,0.4848,0.0,3.2576,0.0,FORMAT_ERROR
5346,DOC-0335,marksheet,mobile_camera,field_2,0,1,0.3407,0.0,1.5264,0.0,FORMAT_ERROR
5347,DOC-0335,marksheet,mobile_camera,field_3,0,1,0.5827,0.0,1.8346,0.0,FORMAT_ERROR
5348,DOC-0335,marksheet,mobile_camera,field_4,0,1,0.3701,0.0,1.5549,0.0,FORMAT_ERROR
5349,DOC-0335,marksheet,mobile_camera,field_5,0,1,0.5593,0.0,2.2069,0.0,FORMAT_ERROR
5350,DOC-0335,marksheet,mobile_camera,field_6,0,1,0.493,0.0,2.9354,0.0,FORMAT_ERROR
5351,DOC-0335,marksheet,mobile_camera,field_7,0,1,0.3038,0.0,1.8011,0.0,FORMAT_ERROR
5352,DOC-0335,marksheet,mobile_camera,field_8,0,1,0.5318,0.0,1.5898,0.0,FORMAT_ERROR
5353,DOC-0335,marksheet,mobile_camera,field_9,0,1,0.5073,0.0,3.323,0.0,FORMAT_ERROR
5354,DOC-0335,marksheet,mobile_camera,field_10,0,1,0.4304,0.0,2.7249,0.0,FORMAT_ERROR
5355,DOC-0335,marksheet,mobile_camera,field_11,0,1,0.5123,0.0,3.0351,0.0,FORMAT_ERROR
5356,DOC-0335,marksheet,mobile_camera,field_12,0,1,0.3278,0.0,0.6538,0.0,FORMAT_ERROR
5357,DOC-0335,marksheet,mobile_camera,field_13,0,1,0.3308,0.0,2.5213,0.0,FORMAT_ERROR
5358,DOC-0335,marksheet,mobile_camera,field_14,0,1,0.3527,0.0,2.7469,0.0,FORMAT_ERROR
5359,DOC-0335,marksheet,mobile_camera,field_15,0,1,0.3106,0.0,2.4042,0.0,FORMAT_ERROR
5360,DOC-0335,marksheet,mobile_camera,field_16,0,1,0.2339,0.0,2.7481,0.0,FORMAT_ERROR
5361,DOC-0336,student_id,rotated_90,field_1,0,1,0.3956,0.0,1.1122,0.0,FORMAT_ERROR
5362,DOC-0336,student_id,rotated_90,field_2,0,1,0.2814,0.0,2.7458,0.0,FORMAT_ERROR
5363,DOC-0336,student_id,rotated_90,field_3,0,1,0.3672,0.0,1.1481,0.0,FORMAT_ERROR
5364,DOC-0336,student_id,rotated_90,field_4,0,1,0.5853,0.0,2.6454,0.0,FORMAT_ERROR
5365,DOC-0336,student_id,rotated_90,field_5,0,1,0.5807,0.0,1.7813,0.0,FORMAT_ERROR
5366,DOC-0336,student_id,rotated_90,field_6,0,1,0.3638,0.0,3.1939,0.0,FORMAT_ERROR
5367,DOC-0336,student_id,rotated_90,field_7,0,1,0.3863,0.0,2.6218,0.0,FORMAT_ERROR
5368,DOC-0336,student_id,rotated_90,field_8,0,1,0.2635,0.0,1.8402,0.0,FORMAT_ERROR
5369,DOC-0336,student_id,rotated_90,field_9,0,1,0.2056,0.0,1.1179,0.0,FORMAT_ERROR
5370,DOC-0336,student_id,rotated_90,field_10,0,1,0.1504,0.0,0.6178,0.0,FORMAT_ERROR
5371,DOC-0336,student_id,rotated_90,field_11,0,1,0.5898,0.0,1.2271,0.0,FORMAT_ERROR
5372,DOC-0336,student_id,rotated_90,field_12,0,1,0.4485,0.0,3.0173,0.0,FORMAT_ERROR
5373,DOC-0336,student_id,rotated_90,field_13,0,1,0.3978,0.0,0.9594,0.0,FORMAT_ERROR
5374,DOC-0336,student_id,rotated_90,field_14,0,1,0.4777,0.0,2.3008,0.0,FORMAT_ERROR
5375,DOC-0336,student_id,rotated_90,field_15,0,1,0.4791,0.0,2.8092,0.0,FORMAT_ERROR
5376,DOC-0336,student_id,rotated_90,field_16,0,1,0.5889,0.0,2.2207,0.0,FORMAT_ERROR
5377,DOC-0337,certificate,clean,field_1,0,1,0.3037,0.0,2.4454,0.0,FORMAT_ERROR
5378,DOC-0337,certificate,clean,field_2,0,1,0.1808,0.0,3.1922,0.0,FORMAT_ERROR
5379,DOC-0337,certificate,clean,field_3,0,1,0.2037,0.0,1.4835,0.0,FORMAT_ERROR
5380,DOC-0337,certificate,clean,field_4,0,1,0.5171,0.0,2.2919,0.0,FORMAT_ERROR
5381,DOC-0337,certificate,clean,field_5,0,1,0.3271,0.0,1.9203,0.0,FORMAT_ERROR
5382,DOC-0337,certificate,clean,field_6,0,1,0.5345,0.0,1.52,0.0,FORMAT_ERROR
5383,DOC-0337,certificate,clean,field_7,0,1,0.5413,0.0,0.7644,0.0,FORMAT_ERROR
5384,DOC-0337,certificate,clean,field_8,0,1,0.4996,0.0,3.0426,0.0,FORMAT_ERROR
5385,DOC-0337,certificate,clean,field_9,0,1,0.2318,0.0,1.791,0.0,FORMAT_ERROR
5386,DOC-0337,certificate,clean,field_10,0,1,0.2245,0.0,2.6198,0.0,FORMAT_ERROR
5387,DOC-0337,certificate,clean,field_11,0,1,0.3909,0.0,2.406,0.0,FORMAT_ERROR
5388,DOC-0337,certificate,clean,field_12,0,1,0.2384,0.0,1.1352,0.0,FORMAT_ERROR
5389,DOC-0337,certificate,clean,field_13,0,1,0.1687,0.0,1.4662,0.0,FORMAT_ERROR
5390,DOC-0337,certificate,clean,field_14,0,1,0.4019,0.0,3.0738,0.0,FORMAT_ERROR
5391,DOC-0337,certificate,clean,field_15,0,1,0.4501,0.0,1.8062,0.0,FORMAT_ERROR
5392,DOC-0337,certificate,clean,field_16,0,1,0.5789,0.0,2.6577,0.0,FORMAT_ERROR
5393,DOC-0338,marksheet,scanner_copy,field_1,0,1,0.5686,0.0,2.0828,0.0,FORMAT_ERROR
5394,DOC-0338,marksheet,scanner_copy,field_2,0,1,0.2665,0.0,0.6585,0.0,FORMAT_ERROR
5395,DOC-0338,marksheet,scanner_copy,field_3,0,1,0.4767,0.0,0.8639,0.0,FORMAT_ERROR
5396,DOC-0338,marksheet,scanner_copy,field_4,0,1,0.2862,0.0,2.0974,0.0,FORMAT_ERROR
5397,DOC-0338,marksheet,scanner_copy,field_5,0,1,0.404,0.0,2.3017,0.0,FORMAT_ERROR
5398,DOC-0338,marksheet,scanner_copy,field_6,0,1,0.2248,0.0,1.6392,0.0,FORMAT_ERROR
5399,DOC-0338,marksheet,scanner_copy,field_7,0,1,0.4277,0.0,3.4095,0.0,FORMAT_ERROR
5400,DOC-0338,marksheet,scanner_copy,field_8,0,1,0.4774,0.0,3.2678,0.0,FORMAT_ERROR
5401,DOC-0338,marksheet,scanner_copy,field_9,0,1,0.493,0.0,2.2752,0.0,FORMAT_ERROR
5402,DOC-0338,marksheet,scanner_copy,field_10,0,1,0.2364,0.0,2.5001,0.0,FORMAT_ERROR
5403,DOC-0338,marksheet,scanner_copy,field_11,0,1,0.4305,0.0,2.3074,0.0,FORMAT_ERROR
5404,DOC-0338,marksheet,scanner_copy,field_12,0,1,0.3704,0.0,2.086,0.0,FORMAT_ERROR
5405,DOC-0338,marksheet,scanner_copy,field_13,0,1,0.3005,0.0,2.0579,0.0,FORMAT_ERROR
5406,DOC-0338,marksheet,scanner_copy,field_14,0,1,0.2389,0.0,2.9155,0.0,FORMAT_ERROR
5407,DOC-0338,marksheet,scanner_copy,field_15,0,1,0.2336,0.0,0.7549,0.0,FORMAT_ERROR
5408,DOC-0338,marksheet,scanner_copy,field_16,0,1,0.3463,0.0,2.4749,0.0,FORMAT_ERROR
5409,DOC-0339,student_id,mobile_camera,field_1,0,1,0.347,0.0,1.3303,0.0,FORMAT_ERROR
5410,DOC-0339,student_id,mobile_camera,field_2,0,1,0.4012,0.0,1.541,0.0,FORMAT_ERROR
5411,DOC-0339,student_id,mobile_camera,field_3,0,1,0.5698,0.0,3.2679,0.0,FORMAT_ERROR
5412,DOC-0339,student_id,mobile_camera,field_4,0,1,0.3761,0.0,1.4837,0.0,FORMAT_ERROR
5413,DOC-0339,student_id,mobile_camera,field_5,0,1,0.4817,0.0,0.6101,0.0,FORMAT_ERROR
5414,DOC-0339,student_id,mobile_camera,field_6,0,1,0.3636,0.0,1.509,0.0,FORMAT_ERROR
5415,DOC-0339,student_id,mobile_camera,field_7,0,1,0.5642,0.0,0.536,0.0,FORMAT_ERROR
5416,DOC-0339,student_id,mobile_camera,field_8,0,1,0.3988,0.0,2.722,0.0,FORMAT_ERROR
5417,DOC-0339,student_id,mobile_camera,field_9,0,1,0.3683,0.0,0.7562,0.0,FORMAT_ERROR
5418,DOC-0339,student_id,mobile_camera,field_10,0,1,0.5876,0.0,2.054,0.0,FORMAT_ERROR
5419,DOC-0339,student_id,mobile_camera,field_11,0,1,0.4264,0.0,1.2098,0.0,FORMAT_ERROR
5420,DOC-0339,student_id,mobile_camera,field_12,0,1,0.3676,0.0,1.7874,0.0,FORMAT_ERROR
5421,DOC-0339,student_id,mobile_camera,field_13,0,1,0.1837,0.0,0.8185,0.0,FORMAT_ERROR
5422,DOC-0339,student_id,mobile_camera,field_14,0,1,0.5269,0.0,1.2195,0.0,FORMAT_ERROR
5423,DOC-0339,student_id,mobile_camera,field_15,0,1,0.2377,0.0,2.0147,0.0,FORMAT_ERROR
5424,DOC-0339,student_id,mobile_camera,field_16,0,1,0.4959,0.0,0.6858,0.0,FORMAT_ERROR
5425,DOC-0340,certificate,rotated_90,field_1,0,1,0.4096,0.0,0.8576,0.0,FORMAT_ERROR
5426,DOC-0340,certificate,rotated_90,field_2,0,1,0.1664,0.0,0.6582,0.0,FORMAT_ERROR
5427,DOC-0340,certificate,rotated_90,field_3,0,1,0.5254,0.0,0.8539,0.0,FORMAT_ERROR
5428,DOC-0340,certificate,rotated_90,field_4,0,1,0.1703,0.0,1.8137,0.0,FORMAT_ERROR
5429,DOC-0340,certificate,rotated_90,field_5,0,1,0.5298,0.0,1.2872,0.0,FORMAT_ERROR
5430,DOC-0340,certificate,rotated_90,field_6,0,1,0.3398,0.0,0.6198,0.0,FORMAT_ERROR
5431,DOC-0340,certificate,rotated_90,field_7,0,1,0.3521,0.0,2.2328,0.0,FORMAT_ERROR
5432,DOC-0340,certificate,rotated_90,field_8,0,1,0.4069,0.0,1.4973,0.0,FORMAT_ERROR
5433,DOC-0340,certificate,rotated_90,field_9,0,1,0.292,0.0,0.8199,0.0,FORMAT_ERROR
5434,DOC-0340,certificate,rotated_90,field_10,0,1,0.3151,0.0,0.7985,0.0,FORMAT_ERROR
5435,DOC-0340,certificate,rotated_90,field_11,0,1,0.495,0.0,3.3988,0.0,FORMAT_ERROR
5436,DOC-0340,certificate,rotated_90,field_12,0,1,0.5865,0.0,3.0952,0.0,FORMAT_ERROR
5437,DOC-0340,certificate,rotated_90,field_13,0,1,0.4204,0.0,2.6026,0.0,FORMAT_ERROR
5438,DOC-0340,certificate,rotated_90,field_14,0,1,0.2783,0.0,2.3923,0.0,FORMAT_ERROR
5439,DOC-0340,certificate,rotated_90,field_15,0,1,0.355,0.0,1.9461,0.0,FORMAT_ERROR
5440,DOC-0340,certificate,rotated_90,field_16,0,1,0.491,0.0,1.3458,0.0,FORMAT_ERROR
5441,DOC-0341,marksheet,clean,field_1,0,1,0.2931,0.0,3.2739,0.0,FORMAT_ERROR
5442,DOC-0341,marksheet,clean,field_2,0,1,0.1753,0.0,1.9569,0.0,FORMAT_ERROR
5443,DOC-0341,marksheet,clean,field_3,0,1,0.5608,0.0,2.3311,0.0,FORMAT_ERROR
5444,DOC-0341,marksheet,clean,field_4,0,1,0.3959,0.0,1.2492,0.0,FORMAT_ERROR
5445,DOC-0341,marksheet,clean,field_5,0,1,0.3045,0.0,3.0561,0.0,FORMAT_ERROR
5446,DOC-0341,marksheet,clean,field_6,0,1,0.4016,0.0,2.0442,0.0,FORMAT_ERROR
5447,DOC-0341,marksheet,clean,field_7,0,1,0.1948,0.0,0.5481,0.0,FORMAT_ERROR
5448,DOC-0341,marksheet,clean,field_8,0,1,0.5837,0.0,1.631,0.0,FORMAT_ERROR
5449,DOC-0341,marksheet,clean,field_9,0,1,0.4214,0.0,0.7391,0.0,FORMAT_ERROR
5450,DOC-0341,marksheet,clean,field_10,0,1,0.4574,0.0,3.2977,0.0,FORMAT_ERROR
5451,DOC-0341,marksheet,clean,field_11,0,1,0.409,0.0,0.8783,0.0,FORMAT_ERROR
5452,DOC-0341,marksheet,clean,field_12,0,1,0.4118,0.0,2.799,0.0,FORMAT_ERROR
5453,DOC-0341,marksheet,clean,field_13,0,1,0.3329,0.0,3.1395,0.0,FORMAT_ERROR
5454,DOC-0341,marksheet,clean,field_14,0,1,0.4419,0.0,3.1977,0.0,FORMAT_ERROR
5455,DOC-0341,marksheet,clean,field_15,0,1,0.4306,0.0,0.8939,0.0,FORMAT_ERROR
5456,DOC-0341,marksheet,clean,field_16,0,1,0.2894,0.0,1.1054,0.0,FORMAT_ERROR
5457,DOC-0342,student_id,scanner_copy,field_1,0,1,0.559,0.0,2.7812,0.0,FORMAT_ERROR
5458,DOC-0342,student_id,scanner_copy,field_2,0,1,0.4544,0.0,1.4029,0.0,FORMAT_ERROR
5459,DOC-0342,student_id,scanner_copy,field_3,0,1,0.2328,0.0,2.7694,0.0,FORMAT_ERROR
5460,DOC-0342,student_id,scanner_copy,field_4,0,1,0.3634,0.0,1.1774,0.0,FORMAT_ERROR
5461,DOC-0342,student_id,scanner_copy,field_5,0,1,0.4275,0.0,0.621,0.0,FORMAT_ERROR
5462,DOC-0342,student_id,scanner_copy,field_6,0,1,0.2968,0.0,1.9057,0.0,FORMAT_ERROR
5463,DOC-0342,student_id,scanner_copy,field_7,0,1,0.2166,0.0,3.454,0.0,FORMAT_ERROR
5464,DOC-0342,student_id,scanner_copy,field_8,0,1,0.2441,0.0,0.8911,0.0,FORMAT_ERROR
5465,DOC-0342,student_id,scanner_copy,field_9,0,1,0.2416,0.0,2.8072,0.0,FORMAT_ERROR
5466,DOC-0342,student_id,scanner_copy,field_10,0,1,0.3415,0.0,2.1962,0.0,FORMAT_ERROR
5467,DOC-0342,student_id,scanner_copy,field_11,0,1,0.1595,0.0,0.6033,0.0,FORMAT_ERROR
5468,DOC-0342,student_id,scanner_copy,field_12,0,1,0.3506,0.0,2.95,0.0,FORMAT_ERROR
5469,DOC-0342,student_id,scanner_copy,field_13,0,1,0.5484,0.0,0.7601,0.0,FORMAT_ERROR
5470,DOC-0342,student_id,scanner_copy,field_14,0,1,0.3923,0.0,3.2397,0.0,FORMAT_ERROR
5471,DOC-0342,student_id,scanner_copy,field_15,0,1,0.3246,0.0,2.9887,0.0,FORMAT_ERROR
5472,DOC-0342,student_id,scanner_copy,field_16,0,1,0.2102,0.0,3.3062,0.0,FORMAT_ERROR
5473,DOC-0343,certificate,mobile_camera,field_1,0,1,0.4881,0.0,3.324,0.0,FORMAT_ERROR
5474,DOC-0343,certificate,mobile_camera,field_2,0,1,0.4545,0.0,1.5902,0.0,FORMAT_ERROR
5475,DOC-0343,certificate,mobile_camera,field_3,0,1,0.5722,0.0,1.3267,0.0,FORMAT_ERROR
5476,DOC-0343,certificate,mobile_camera,field_4,0,1,0.2995,0.0,2.6024,0.0,FORMAT_ERROR
5477,DOC-0343,certificate,mobile_camera,field_5,0,1,0.4944,0.0,3.2882,0.0,FORMAT_ERROR
5478,DOC-0343,certificate,mobile_camera,field_6,0,1,0.2422,0.0,2.894,0.0,FORMAT_ERROR
5479,DOC-0343,certificate,mobile_camera,field_7,0,1,0.4823,0.0,0.6914,0.0,FORMAT_ERROR
5480,DOC-0343,certificate,mobile_camera,field_8,0,1,0.3243,0.0,1.3483,0.0,FORMAT_ERROR
5481,DOC-0343,certificate,mobile_camera,field_9,0,1,0.287,0.0,3.4488,0.0,FORMAT_ERROR
5482,DOC-0343,certificate,mobile_camera,field_10,0,1,0.4392,0.0,2.653,0.0,FORMAT_ERROR
5483,DOC-0343,certificate,mobile_camera,field_11,0,1,0.5895,0.0,1.6316,0.0,FORMAT_ERROR
5484,DOC-0343,certificate,mobile_camera,field_12,0,1,0.5108,0.0,1.8036,0.0,FORMAT_ERROR
5485,DOC-0343,certificate,mobile_camera,field_13,0,1,0.5413,0.0,1.042,0.0,FORMAT_ERROR
5486,DOC-0343,certificate,mobile_camera,field_14,0,1,0.5765,0.0,1.1563,0.0,FORMAT_ERROR
5487,DOC-0343,certificate,mobile_camera,field_15,0,1,0.2968,0.0,2.7686,0.0,FORMAT_ERROR
5488,DOC-0343,certificate,mobile_camera,field_16,0,1,0.3272,0.0,2.3246,0.0,FORMAT_ERROR
5489,DOC-0344,marksheet,rotated_90,field_1,0,1,0.3501,0.0,2.7271,0.0,FORMAT_ERROR
5490,DOC-0344,marksheet,rotated_90,field_2,0,1,0.2527,0.0,0.6754,0.0,FORMAT_ERROR
5491,DOC-0344,marksheet,rotated_90,field_3,0,1,0.285,0.0,1.9229,0.0,FORMAT_ERROR
5492,DOC-0344,marksheet,rotated_90,field_4,0,1,0.2256,0.0,1.5644,0.0,FORMAT_ERROR
5493,DOC-0344,marksheet,rotated_90,field_5,0,1,0.33,0.0,0.6722,0.0,FORMAT_ERROR
5494,DOC-0344,marksheet,rotated_90,field_6,0,1,0.4125,0.0,3.153,0.0,FORMAT_ERROR
5495,DOC-0344,marksheet,rotated_90,field_7,0,1,0.2183,0.0,2.2934,0.0,FORMAT_ERROR
5496,DOC-0344,marksheet,rotated_90,field_8,0,1,0.4491,0.0,1.758,0.0,FORMAT_ERROR
5497,DOC-0344,marksheet,rotated_90,field_9,0,1,0.4655,0.0,1.7322,0.0,FORMAT_ERROR
5498,DOC-0344,marksheet,rotated_90,field_10,0,1,0.3771,0.0,0.5221,0.0,FORMAT_ERROR
5499,DOC-0344,marksheet,rotated_90,field_11,0,1,0.4613,0.0,2.484,0.0,FORMAT_ERROR
5500,DOC-0344,marksheet,rotated_90,field_12,0,1,0.1673,0.0,1.6048,0.0,FORMAT_ERROR
5501,DOC-0344,marksheet,rotated_90,field_13,0,0,0.7895,0.4104,2.5058,2.8018,NORMALIZATION_ERROR
5502,DOC-0344,marksheet,rotated_90,field_14,0,0,0.6586,0.491,3.3934,2.7016,NORMALIZATION_ERROR
5503,DOC-0344,marksheet,rotated_90,field_15,0,0,0.5284,0.4376,2.1582,2.9268,NORMALIZATION_ERROR
5504,DOC-0344,marksheet,rotated_90,field_16,0,0,0.6486,0.2416,3.5889,1.8572,NORMALIZATION_ERROR
5505,DOC-0345,student_id,clean,field_1,0,0,0.3344,0.4749,2.2515,2.731,NORMALIZATION_ERROR
5506,DOC-0345,student_id,clean,field_2,0,0,0.402,0.6132,2.6731,0.9201,NORMALIZATION_ERROR
5507,DOC-0345,student_id,clean,field_3,0,0,0.7859,0.4563,1.8726,1.8327,NORMALIZATION_ERROR
5508,DOC-0345,student_id,clean,field_4,0,0,0.7289,0.3525,1.578,1.084,NORMALIZATION_ERROR
5509,DOC-0345,student_id,clean,field_5,0,0,0.4489,0.59,2.4149,1.3005,NORMALIZATION_ERROR
5510,DOC-0345,student_id,clean,field_6,0,0,0.3831,0.3664,3.8198,1.5547,NORMALIZATION_ERROR
5511,DOC-0345,student_id,clean,field_7,0,0,0.7941,0.4426,1.5375,2.7605,NORMALIZATION_ERROR
5512,DOC-0345,student_id,clean,field_8,0,0,0.5302,0.5548,3.9511,0.9104,NORMALIZATION_ERROR
5513,DOC-0345,student_id,clean,field_9,0,0,0.3483,0.5602,1.8455,1.2055,NORMALIZATION_ERROR
5514,DOC-0345,student_id,clean,field_10,0,0,0.3197,0.2109,3.3235,1.0958,NORMALIZATION_ERROR
5515,DOC-0345,student_id,clean,field_11,0,0,0.5339,0.5029,2.2851,0.8596,NORMALIZATION_ERROR
5516,DOC-0345,student_id,clean,field_12,0,0,0.6918,0.2053,3.2857,2.7653,NORMALIZATION_ERROR
5517,DOC-0345,student_id,clean,field_13,0,0,0.5164,0.4678,2.431,1.6563,NORMALIZATION_ERROR
5518,DOC-0345,student_id,clean,field_14,0,0,0.7437,0.647,2.0074,2.1532,NORMALIZATION_ERROR
5519,DOC-0345,student_id,clean,field_15,0,0,0.7635,0.681,2.5269,1.7962,NORMALIZATION_ERROR
5520,DOC-0345,student_id,clean,field_16,0,0,0.4393,0.6794,1.4284,2.0756,NORMALIZATION_ERROR
5521,DOC-0346,certificate,scanner_copy,field_1,0,0,0.4413,0.3395,2.2149,2.9973,NORMALIZATION_ERROR
5522,DOC-0346,certificate,scanner_copy,field_2,0,0,0.3275,0.4893,1.2477,1.1399,NORMALIZATION_ERROR
5523,DOC-0346,certificate,scanner_copy,field_3,0,0,0.5198,0.4552,1.7764,1.4962,NORMALIZATION_ERROR
5524,DOC-0346,certificate,scanner_copy,field_4,0,0,0.3435,0.3516,3.8997,2.8784,NORMALIZATION_ERROR
5525,DOC-0346,certificate,scanner_copy,field_5,0,0,0.4674,0.4854,3.7288,0.8136,NORMALIZATION_ERROR
5526,DOC-0346,certificate,scanner_copy,field_6,0,0,0.7053,0.6742,1.274,1.1552,NORMALIZATION_ERROR
5527,DOC-0346,certificate,scanner_copy,field_7,0,0,0.7804,0.4688,1.0426,1.3668,NORMALIZATION_ERROR
5528,DOC-0346,certificate,scanner_copy,field_8,0,0,0.525,0.5465,3.1995,2.9899,NORMALIZATION_ERROR
5529,DOC-0346,certificate,scanner_copy,field_9,0,0,0.4438,0.4691,2.6,1.6924,NORMALIZATION_ERROR
5530,DOC-0346,certificate,scanner_copy,field_10,0,0,0.3846,0.6887,3.56,1.8963,NORMALIZATION_ERROR
5531,DOC-0346,certificate,scanner_copy,field_11,0,0,0.6016,0.3136,2.6314,2.3289,NORMALIZATION_ERROR
5532,DOC-0346,certificate,scanner_copy,field_12,0,0,0.5576,0.6951,2.834,1.6161,NORMALIZATION_ERROR
5533,DOC-0346,certificate,scanner_copy,field_13,0,0,0.6861,0.2852,2.1535,1.5633,NORMALIZATION_ERROR
5534,DOC-0346,certificate,scanner_copy,field_14,0,0,0.5159,0.5909,2.4525,2.5468,NORMALIZATION_ERROR
5535,DOC-0346,certificate,scanner_copy,field_15,0,0,0.5882,0.371,3.4299,1.3242,NORMALIZATION_ERROR
5536,DOC-0346,certificate,scanner_copy,field_16,0,0,0.4122,0.4523,1.7825,0.82,NORMALIZATION_ERROR
5537,DOC-0347,marksheet,mobile_camera,field_1,0,0,0.6241,0.4555,2.3366,2.9273,NORMALIZATION_ERROR
5538,DOC-0347,marksheet,mobile_camera,field_2,0,0,0.5856,0.6317,1.4184,2.0523,NORMALIZATION_ERROR
5539,DOC-0347,marksheet,mobile_camera,field_3,0,0,0.734,0.4916,3.154,1.6185,NORMALIZATION_ERROR
5540,DOC-0347,marksheet,mobile_camera,field_4,0,0,0.3462,0.429,2.1834,2.7075,NORMALIZATION_ERROR
5541,DOC-0347,marksheet,mobile_camera,field_5,0,0,0.422,0.6834,3.8744,1.3448,NORMALIZATION_ERROR
5542,DOC-0347,marksheet,mobile_camera,field_6,0,0,0.474,0.6478,3.8999,1.7756,NORMALIZATION_ERROR
5543,DOC-0347,marksheet,mobile_camera,field_7,0,0,0.4605,0.463,3.0633,1.4016,NORMALIZATION_ERROR
5544,DOC-0347,marksheet,mobile_camera,field_8,0,0,0.6682,0.2258,1.1479,1.6498,NORMALIZATION_ERROR
5545,DOC-0347,marksheet,mobile_camera,field_9,0,0,0.4767,0.3578,2.4731,1.5056,NORMALIZATION_ERROR
5546,DOC-0347,marksheet,mobile_camera,field_10,0,0,0.3961,0.3547,3.9247,1.7044,NORMALIZATION_ERROR
5547,DOC-0347,marksheet,mobile_camera,field_11,0,0,0.5224,0.4883,3.95,1.3315,NORMALIZATION_ERROR
5548,DOC-0347,marksheet,mobile_camera,field_12,0,0,0.6406,0.558,2.822,0.9949,NORMALIZATION_ERROR
5549,DOC-0347,marksheet,mobile_camera,field_13,0,0,0.6384,0.232,2.7884,2.4271,NORMALIZATION_ERROR
5550,DOC-0347,marksheet,mobile_camera,field_14,0,0,0.4055,0.6208,1.0911,2.6564,NORMALIZATION_ERROR
5551,DOC-0347,marksheet,mobile_camera,field_15,0,0,0.5302,0.3088,1.4013,2.8973,NORMALIZATION_ERROR
5552,DOC-0347,marksheet,mobile_camera,field_16,0,0,0.3363,0.2995,2.0435,2.1645,NORMALIZATION_ERROR
5553,DOC-0348,student_id,rotated_90,field_1,0,0,0.5724,0.2628,1.8692,1.3253,NORMALIZATION_ERROR
5554,DOC-0348,student_id,rotated_90,field_2,0,0,0.4068,0.4056,3.1121,1.2784,NORMALIZATION_ERROR
5555,DOC-0348,student_id,rotated_90,field_3,0,0,0.4833,0.3955,3.9294,2.9003,NORMALIZATION_ERROR
5556,DOC-0348,student_id,rotated_90,field_4,0,0,0.7001,0.3208,1.2041,1.4972,NORMALIZATION_ERROR
5557,DOC-0348,student_id,rotated_90,field_5,0,0,0.4334,0.453,3.3332,2.6883,NORMALIZATION_ERROR
5558,DOC-0348,student_id,rotated_90,field_6,0,0,0.7224,0.3798,3.0617,1.4882,NORMALIZATION_ERROR
5559,DOC-0348,student_id,rotated_90,field_7,0,0,0.3305,0.5508,1.0295,1.7002,NORMALIZATION_ERROR
5560,DOC-0348,student_id,rotated_90,field_8,0,0,0.4647,0.5467,3.2987,1.469,NORMALIZATION_ERROR
5561,DOC-0348,student_id,rotated_90,field_9,0,0,0.7058,0.347,2.339,2.3994,NORMALIZATION_ERROR
5562,DOC-0348,student_id,rotated_90,field_10,0,0,0.6465,0.6937,1.6755,2.2571,NORMALIZATION_ERROR
5563,DOC-0348,student_id,rotated_90,field_11,0,0,0.6048,0.6575,1.4691,2.454,NORMALIZATION_ERROR
5564,DOC-0348,student_id,rotated_90,field_12,0,0,0.5841,0.3373,2.4233,1.5343,NORMALIZATION_ERROR
5565,DOC-0348,student_id,rotated_90,field_13,0,0,0.5897,0.6445,2.7079,2.1898,NORMALIZATION_ERROR
5566,DOC-0348,student_id,rotated_90,field_14,0,0,0.5594,0.2256,1.6986,1.8824,NORMALIZATION_ERROR
5567,DOC-0348,student_id,rotated_90,field_15,0,0,0.4551,0.2909,2.5124,1.5102,NORMALIZATION_ERROR
5568,DOC-0348,student_id,rotated_90,field_16,0,0,0.4291,0.432,1.3999,2.841,NORMALIZATION_ERROR
5569,DOC-0349,certificate,clean,field_1,0,0,0.7339,0.5538,1.3186,2.5069,NORMALIZATION_ERROR
5570,DOC-0349,certificate,clean,field_2,0,0,0.704,0.5839,1.3419,2.2166,NORMALIZATION_ERROR
5571,DOC-0349,certificate,clean,field_3,0,0,0.7172,0.4887,2.9392,1.8084,NORMALIZATION_ERROR
5572,DOC-0349,certificate,clean,field_4,0,0,0.5644,0.2172,2.9169,0.9792,NORMALIZATION_ERROR
5573,DOC-0349,certificate,clean,field_5,0,0,0.5175,0.3463,2.6363,1.0935,NORMALIZATION_ERROR
5574,DOC-0349,certificate,clean,field_6,0,0,0.6458,0.5975,1.4901,1.0295,NORMALIZATION_ERROR
5575,DOC-0349,certificate,clean,field_7,0,0,0.3728,0.6386,2.5846,1.828,NORMALIZATION_ERROR
5576,DOC-0349,certificate,clean,field_8,0,0,0.3534,0.5248,3.604,2.622,NORMALIZATION_ERROR
5577,DOC-0349,certificate,clean,field_9,0,0,0.613,0.2376,1.3372,0.9085,NORMALIZATION_ERROR
5578,DOC-0349,certificate,clean,field_10,0,0,0.4287,0.2678,1.7801,1.6471,NORMALIZATION_ERROR
5579,DOC-0349,certificate,clean,field_11,0,0,0.7715,0.5052,3.5049,2.3628,NORMALIZATION_ERROR
5580,DOC-0349,certificate,clean,field_12,0,0,0.3563,0.568,1.8253,2.206,NORMALIZATION_ERROR
5581,DOC-0349,certificate,clean,field_13,0,0,0.4705,0.6988,1.7907,1.4141,NORMALIZATION_ERROR
5582,DOC-0349,certificate,clean,field_14,0,0,0.7653,0.2123,3.0901,2.3957,NORMALIZATION_ERROR
5583,DOC-0349,certificate,clean,field_15,0,0,0.7182,0.6872,3.9268,0.9436,NORMALIZATION_ERROR
5584,DOC-0349,certificate,clean,field_16,0,0,0.7109,0.5232,2.942,1.0824,NORMALIZATION_ERROR
5585,DOC-0350,marksheet,scanner_copy,field_1,0,0,0.6251,0.6912,3.7355,1.7661,NORMALIZATION_ERROR
5586,DOC-0350,marksheet,scanner_copy,field_2,0,0,0.32,0.3811,3.4792,2.3433,NORMALIZATION_ERROR
5587,DOC-0350,marksheet,scanner_copy,field_3,0,0,0.5297,0.2276,2.2807,1.8319,NORMALIZATION_ERROR
5588,DOC-0350,marksheet,scanner_copy,field_4,0,0,0.7643,0.5205,1.935,1.9557,NORMALIZATION_ERROR
5589,DOC-0350,marksheet,scanner_copy,field_5,0,0,0.333,0.6863,2.0802,1.8513,NORMALIZATION_ERROR
5590,DOC-0350,marksheet,scanner_copy,field_6,0,0,0.4776,0.5413,2.9867,2.3737,NORMALIZATION_ERROR
5591,DOC-0350,marksheet,scanner_copy,field_7,0,0,0.4341,0.3578,1.3758,2.2421,NORMALIZATION_ERROR
5592,DOC-0350,marksheet,scanner_copy,field_8,0,0,0.3199,0.4988,3.6091,2.7598,NORMALIZATION_ERROR
5593,DOC-0350,marksheet,scanner_copy,field_9,0,0,0.5245,0.4297,1.2309,2.2757,NORMALIZATION_ERROR
5594,DOC-0350,marksheet,scanner_copy,field_10,0,0,0.7106,0.3223,2.2639,2.6454,NORMALIZATION_ERROR
5595,DOC-0350,marksheet,scanner_copy,field_11,0,0,0.7386,0.3216,2.6517,1.2235,NORMALIZATION_ERROR
5596,DOC-0350,marksheet,scanner_copy,field_12,0,0,0.3509,0.6556,3.4615,2.4721,NORMALIZATION_ERROR
5597,DOC-0350,marksheet,scanner_copy,field_13,0,0,0.3244,0.6219,2.3141,1.5533,NORMALIZATION_ERROR
5598,DOC-0350,marksheet,scanner_copy,field_14,0,0,0.5732,0.2457,3.2699,2.0814,NORMALIZATION_ERROR
5599,DOC-0350,marksheet,scanner_copy,field_15,0,0,0.3933,0.2941,1.5527,0.9254,NORMALIZATION_ERROR
5600,DOC-0350,marksheet,scanner_copy,field_16,0,0,0.5939,0.6202,1.0525,0.9078,NORMALIZATION_ERROR
5601,DOC-0351,student_id,mobile_camera,field_1,0,0,0.5864,0.6097,1.9802,1.5692,NORMALIZATION_ERROR
5602,DOC-0351,student_id,mobile_camera,field_2,0,0,0.5982,0.3371,1.0798,2.4175,NORMALIZATION_ERROR
5603,DOC-0351,student_id,mobile_camera,field_3,0,0,0.6128,0.4904,3.2251,2.2855,NORMALIZATION_ERROR
5604,DOC-0351,student_id,mobile_camera,field_4,0,0,0.4029,0.3762,1.3783,1.0857,NORMALIZATION_ERROR
5605,DOC-0351,student_id,mobile_camera,field_5,0,0,0.6381,0.6293,3.8882,2.1824,NORMALIZATION_ERROR
5606,DOC-0351,student_id,mobile_camera,field_6,0,0,0.3921,0.2528,3.4386,2.0733,NORMALIZATION_ERROR
5607,DOC-0351,student_id,mobile_camera,field_7,0,0,0.6091,0.5907,3.1098,2.6358,NORMALIZATION_ERROR
5608,DOC-0351,student_id,mobile_camera,field_8,0,0,0.3281,0.5738,3.5526,1.4295,NORMALIZATION_ERROR
5609,DOC-0351,student_id,mobile_camera,field_9,0,0,0.6202,0.3571,3.8739,0.8735,NORMALIZATION_ERROR
5610,DOC-0351,student_id,mobile_camera,field_10,0,0,0.5899,0.2833,3.1367,1.187,NORMALIZATION_ERROR
5611,DOC-0351,student_id,mobile_camera,field_11,0,0,0.4177,0.4472,3.7445,1.2658,NORMALIZATION_ERROR
5612,DOC-0351,student_id,mobile_camera,field_12,0,0,0.3721,0.5795,2.5019,2.8059,NORMALIZATION_ERROR
5613,DOC-0351,student_id,mobile_camera,field_13,0,0,0.3733,0.523,1.6986,1.1449,NORMALIZATION_ERROR
5614,DOC-0351,student_id,mobile_camera,field_14,0,0,0.6417,0.4968,3.2645,1.4808,NORMALIZATION_ERROR
5615,DOC-0351,student_id,mobile_camera,field_15,0,0,0.524,0.4027,3.9523,1.4429,NORMALIZATION_ERROR
5616,DOC-0351,student_id,mobile_camera,field_16,0,0,0.4474,0.3773,2.6938,1.3551,NORMALIZATION_ERROR
5617,DOC-0352,certificate,rotated_90,field_1,0,0,0.7576,0.3328,3.6874,1.0276,NORMALIZATION_ERROR
5618,DOC-0352,certificate,rotated_90,field_2,0,0,0.6283,0.6535,1.5062,2.9303,NORMALIZATION_ERROR
5619,DOC-0352,certificate,rotated_90,field_3,0,0,0.5264,0.6729,3.0305,1.4635,NORMALIZATION_ERROR
5620,DOC-0352,certificate,rotated_90,field_4,0,0,0.3942,0.3519,1.2791,1.1165,NORMALIZATION_ERROR
5621,DOC-0352,certificate,rotated_90,field_5,0,0,0.3523,0.4115,3.3867,1.111,NORMALIZATION_ERROR
5622,DOC-0352,certificate,rotated_90,field_6,0,0,0.3652,0.5217,1.5915,1.0147,NORMALIZATION_ERROR
5623,DOC-0352,certificate,rotated_90,field_7,0,0,0.3834,0.6619,3.4644,1.5789,NORMALIZATION_ERROR
5624,DOC-0352,certificate,rotated_90,field_8,0,0,0.6279,0.4686,3.0314,2.3019,NORMALIZATION_ERROR
5625,DOC-0352,certificate,rotated_90,field_9,0,0,0.6144,0.3331,1.117,1.8022,NORMALIZATION_ERROR
5626,DOC-0352,certificate,rotated_90,field_10,0,0,0.7455,0.4847,3.4972,2.9816,NORMALIZATION_ERROR
5627,DOC-0352,certificate,rotated_90,field_11,0,0,0.3818,0.5459,3.0229,2.9559,NORMALIZATION_ERROR
5628,DOC-0352,certificate,rotated_90,field_12,0,0,0.7928,0.5433,1.7308,2.5568,NORMALIZATION_ERROR
5629,DOC-0352,certificate,rotated_90,field_13,0,0,0.3535,0.5903,3.7306,1.6422,NORMALIZATION_ERROR
5630,DOC-0352,certificate,rotated_90,field_14,0,0,0.6153,0.4151,2.3133,1.4828,NORMALIZATION_ERROR
5631,DOC-0352,certificate,rotated_90,field_15,0,0,0.6811,0.6681,3.8223,1.1845,NORMALIZATION_ERROR
5632,DOC-0352,certificate,rotated_90,field_16,0,0,0.7374,0.5687,1.7585,0.948,NORMALIZATION_ERROR
5633,DOC-0353,marksheet,clean,field_1,0,0,0.434,0.6561,2.8995,2.3863,NORMALIZATION_ERROR
5634,DOC-0353,marksheet,clean,field_2,0,0,0.4286,0.5597,1.0844,1.6257,NORMALIZATION_ERROR
5635,DOC-0353,marksheet,clean,field_3,0,0,0.6134,0.273,3.469,1.3171,NORMALIZATION_ERROR
5636,DOC-0353,marksheet,clean,field_4,0,0,0.6261,0.4026,2.7881,1.0364,NORMALIZATION_ERROR
5637,DOC-0353,marksheet,clean,field_5,0,0,0.3085,0.6548,1.8089,2.6033,NORMALIZATION_ERROR
5638,DOC-0353,marksheet,clean,field_6,0,0,0.7997,0.3057,1.7955,2.2583,NORMALIZATION_ERROR
5639,DOC-0353,marksheet,clean,field_7,0,0,0.7827,0.6579,2.5086,2.5492,NORMALIZATION_ERROR
5640,DOC-0353,marksheet,clean,field_8,0,0,0.3679,0.6887,3.8931,1.1602,NORMALIZATION_ERROR
5641,DOC-0353,marksheet,clean,field_9,0,0,0.4497,0.2501,1.8152,2.5951,NORMALIZATION_ERROR
5642,DOC-0353,marksheet,clean,field_10,0,0,0.4892,0.2442,2.0267,2.959,NORMALIZATION_ERROR
5643,DOC-0353,marksheet,clean,field_11,0,0,0.6148,0.4081,1.4996,2.9696,NORMALIZATION_ERROR
5644,DOC-0353,marksheet,clean,field_12,0,0,0.7104,0.3407,1.2102,0.9246,NORMALIZATION_ERROR
5645,DOC-0353,marksheet,clean,field_13,0,0,0.3602,0.4904,3.7863,1.8928,NORMALIZATION_ERROR
5646,DOC-0353,marksheet,clean,field_14,0,0,0.7215,0.4229,3.1258,2.4101,NORMALIZATION_ERROR
5647,DOC-0353,marksheet,clean,field_15,0,0,0.387,0.3806,2.9119,0.9555,NORMALIZATION_ERROR
5648,DOC-0353,marksheet,clean,field_16,0,0,0.4808,0.4674,3.9887,1.844,NORMALIZATION_ERROR
5649,DOC-0354,student_id,scanner_copy,field_1,0,0,0.708,0.416,3.3892,2.1099,NORMALIZATION_ERROR
5650,DOC-0354,student_id,scanner_copy,field_2,0,0,0.7433,0.4055,2.8129,2.186,NORMALIZATION_ERROR
5651,DOC-0354,student_id,scanner_copy,field_3,0,0,0.5087,0.2722,1.2807,0.8367,NORMALIZATION_ERROR
5652,DOC-0354,student_id,scanner_copy,field_4,0,0,0.7368,0.3182,1.6345,2.4193,NORMALIZATION_ERROR
5653,DOC-0354,student_id,scanner_copy,field_5,0,0,0.46,0.453,1.4875,2.9114,NORMALIZATION_ERROR
5654,DOC-0354,student_id,scanner_copy,field_6,0,0,0.7258,0.6319,2.2203,2.4772,NORMALIZATION_ERROR
5655,DOC-0354,student_id,scanner_copy,field_7,0,0,0.3719,0.2043,1.0599,2.0905,NORMALIZATION_ERROR
5656,DOC-0354,student_id,scanner_copy,field_8,0,0,0.5277,0.459,1.0224,1.7299,NORMALIZATION_ERROR
5657,DOC-0354,student_id,scanner_copy,field_9,0,0,0.659,0.4213,3.1967,1.3126,NORMALIZATION_ERROR
5658,DOC-0354,student_id,scanner_copy,field_10,0,0,0.7066,0.4942,1.6323,1.3208,NORMALIZATION_ERROR
5659,DOC-0354,student_id,scanner_copy,field_11,0,0,0.614,0.615,2.2469,1.3683,NORMALIZATION_ERROR
5660,DOC-0354,student_id,scanner_copy,field_12,0,0,0.7335,0.5346,2.3443,1.8734,NORMALIZATION_ERROR
5661,DOC-0354,student_id,scanner_copy,field_13,0,0,0.4021,0.5134,2.0762,2.9904,NORMALIZATION_ERROR
5662,DOC-0354,student_id,scanner_copy,field_14,0,0,0.5401,0.4429,2.6976,2.8169,NORMALIZATION_ERROR
5663,DOC-0354,student_id,scanner_copy,field_15,0,0,0.7004,0.4256,3.1561,2.0897,NORMALIZATION_ERROR
5664,DOC-0354,student_id,scanner_copy,field_16,0,0,0.5462,0.2962,2.3918,1.3408,NORMALIZATION_ERROR
5665,DOC-0355,certificate,mobile_camera,field_1,0,0,0.7574,0.3677,3.8568,1.9727,NORMALIZATION_ERROR
5666,DOC-0355,certificate,mobile_camera,field_2,0,0,0.6158,0.4715,1.3881,1.6268,NORMALIZATION_ERROR
5667,DOC-0355,certificate,mobile_camera,field_3,0,0,0.3496,0.5115,2.3406,2.5116,NORMALIZATION_ERROR
5668,DOC-0355,certificate,mobile_camera,field_4,0,0,0.4102,0.2823,2.219,2.8385,NORMALIZATION_ERROR
5669,DOC-0355,certificate,mobile_camera,field_5,0,0,0.6552,0.4095,2.5518,0.9853,NORMALIZATION_ERROR
5670,DOC-0355,certificate,mobile_camera,field_6,0,0,0.7923,0.5332,1.8562,2.0888,NORMALIZATION_ERROR
5671,DOC-0355,certificate,mobile_camera,field_7,0,0,0.3547,0.6829,1.5244,2.2257,NORMALIZATION_ERROR
5672,DOC-0355,certificate,mobile_camera,field_8,0,0,0.4227,0.5588,3.3305,2.2815,NORMALIZATION_ERROR
5673,DOC-0355,certificate,mobile_camera,field_9,0,0,0.6072,0.6462,1.2359,1.528,NORMALIZATION_ERROR
5674,DOC-0355,certificate,mobile_camera,field_10,0,0,0.4241,0.694,2.1682,2.4117,NORMALIZATION_ERROR
5675,DOC-0355,certificate,mobile_camera,field_11,0,0,0.6424,0.306,1.717,1.4188,NORMALIZATION_ERROR
5676,DOC-0355,certificate,mobile_camera,field_12,0,0,0.5056,0.3172,1.059,2.7347,NORMALIZATION_ERROR
5677,DOC-0355,certificate,mobile_camera,field_13,0,0,0.7828,0.3708,2.0155,0.8156,NORMALIZATION_ERROR
5678,DOC-0355,certificate,mobile_camera,field_14,0,0,0.6401,0.6127,1.4398,1.1513,NORMALIZATION_ERROR
5679,DOC-0355,certificate,mobile_camera,field_15,0,0,0.695,0.5081,1.1346,2.1696,NORMALIZATION_ERROR
5680,DOC-0355,certificate,mobile_camera,field_16,0,0,0.4545,0.3844,3.3092,2.5841,NORMALIZATION_ERROR
5681,DOC-0356,marksheet,rotated_90,field_1,0,0,0.5002,0.6736,2.2194,2.498,NORMALIZATION_ERROR
5682,DOC-0356,marksheet,rotated_90,field_2,0,0,0.5419,0.6488,3.7233,0.9923,NORMALIZATION_ERROR
5683,DOC-0356,marksheet,rotated_90,field_3,0,0,0.7682,0.6128,3.3739,1.242,NORMALIZATION_ERROR
5684,DOC-0356,marksheet,rotated_90,field_4,0,0,0.7026,0.6251,1.8675,2.895,NORMALIZATION_ERROR
5685,DOC-0356,marksheet,rotated_90,field_5,0,0,0.3249,0.275,2.6127,2.0667,NORMALIZATION_ERROR
5686,DOC-0356,marksheet,rotated_90,field_6,0,0,0.6226,0.2085,3.8811,0.8981,NORMALIZATION_ERROR
5687,DOC-0356,marksheet,rotated_90,field_7,0,0,0.3715,0.207,2.7006,2.851,NORMALIZATION_ERROR
5688,DOC-0356,marksheet,rotated_90,field_8,0,0,0.633,0.6113,1.0398,1.9924,NORMALIZATION_ERROR
5689,DOC-0356,marksheet,rotated_90,field_9,0,0,0.5298,0.4495,1.2166,2.3058,NORMALIZATION_ERROR
5690,DOC-0356,marksheet,rotated_90,field_10,0,0,0.5516,0.5826,2.4559,1.1286,NORMALIZATION_ERROR
5691,DOC-0356,marksheet,rotated_90,field_11,0,0,0.6241,0.2862,3.6172,2.1489,NORMALIZATION_ERROR
5692,DOC-0356,marksheet,rotated_90,field_12,0,0,0.3786,0.6812,2.5551,0.9604,NORMALIZATION_ERROR
5693,DOC-0356,marksheet,rotated_90,field_13,0,0,0.6134,0.3266,3.4111,2.5992,NORMALIZATION_ERROR
5694,DOC-0356,marksheet,rotated_90,field_14,0,0,0.7895,0.4509,2.3649,2.4576,NORMALIZATION_ERROR
5695,DOC-0356,marksheet,rotated_90,field_15,0,0,0.3662,0.4735,2.6387,0.9968,NORMALIZATION_ERROR
5696,DOC-0356,marksheet,rotated_90,field_16,0,0,0.509,0.6266,3.5685,1.0183,NORMALIZATION_ERROR
5697,DOC-0357,student_id,clean,field_1,0,0,0.3454,0.3313,3.6243,1.0836,NORMALIZATION_ERROR
5698,DOC-0357,student_id,clean,field_2,0,0,0.66,0.2506,2.8694,1.5833,NORMALIZATION_ERROR
5699,DOC-0357,student_id,clean,field_3,0,0,0.6945,0.3168,2.9176,1.3185,NORMALIZATION_ERROR
5700,DOC-0357,student_id,clean,field_4,0,0,0.6568,0.6368,1.3804,2.7065,NORMALIZATION_ERROR
5701,DOC-0357,student_id,clean,field_5,0,0,0.5968,0.2636,2.2826,1.1539,NORMALIZATION_ERROR
5702,DOC-0357,student_id,clean,field_6,0,0,0.6502,0.5794,1.3174,1.9135,NORMALIZATION_ERROR
5703,DOC-0357,student_id,clean,field_7,0,0,0.7073,0.6681,2.5406,2.8906,NORMALIZATION_ERROR
5704,DOC-0357,student_id,clean,field_8,0,0,0.5678,0.3971,3.5446,1.8846,NORMALIZATION_ERROR
5705,DOC-0357,student_id,clean,field_9,0,0,0.536,0.4452,3.5404,2.6303,NORMALIZATION_ERROR
5706,DOC-0357,student_id,clean,field_10,0,0,0.5018,0.3666,2.4758,2.0601,NORMALIZATION_ERROR
5707,DOC-0357,student_id,clean,field_11,0,0,0.4192,0.597,2.4594,1.5349,NORMALIZATION_ERROR
5708,DOC-0357,student_id,clean,field_12,0,0,0.3534,0.3194,3.8478,1.4712,NORMALIZATION_ERROR
5709,DOC-0357,student_id,clean,field_13,0,0,0.3844,0.4303,1.9213,0.8774,NORMALIZATION_ERROR
5710,DOC-0357,student_id,clean,field_14,0,0,0.4616,0.4721,2.6551,1.5844,NORMALIZATION_ERROR
5711,DOC-0357,student_id,clean,field_15,0,0,0.5237,0.6828,2.132,1.3681,NORMALIZATION_ERROR
5712,DOC-0357,student_id,clean,field_16,0,0,0.4217,0.4289,3.2786,1.2532,NORMALIZATION_ERROR
5713,DOC-0358,certificate,scanner_copy,field_1,0,0,0.6546,0.2106,2.2568,2.5069,NORMALIZATION_ERROR
5714,DOC-0358,certificate,scanner_copy,field_2,0,0,0.4694,0.4819,1.6149,2.4324,NORMALIZATION_ERROR
5715,DOC-0358,certificate,scanner_copy,field_3,0,0,0.3261,0.6263,1.5946,2.7237,NORMALIZATION_ERROR
5716,DOC-0358,certificate,scanner_copy,field_4,0,0,0.4763,0.5613,1.9577,2.793,NORMALIZATION_ERROR
5717,DOC-0358,certificate,scanner_copy,field_5,0,0,0.3633,0.2893,2.4791,0.9803,NORMALIZATION_ERROR
5718,DOC-0358,certificate,scanner_copy,field_6,0,0,0.398,0.6719,3.9295,1.6278,NORMALIZATION_ERROR
5719,DOC-0358,certificate,scanner_copy,field_7,0,0,0.7616,0.4724,1.8092,2.3453,NORMALIZATION_ERROR
5720,DOC-0358,certificate,scanner_copy,field_8,0,0,0.6295,0.6946,1.7951,2.2785,NORMALIZATION_ERROR
5721,DOC-0358,certificate,scanner_copy,field_9,0,0,0.326,0.2568,1.0118,2.9988,NORMALIZATION_ERROR
5722,DOC-0358,certificate,scanner_copy,field_10,0,0,0.7011,0.5934,2.5292,1.4601,NORMALIZATION_ERROR
5723,DOC-0358,certificate,scanner_copy,field_11,0,0,0.3756,0.3423,2.1279,2.4639,NORMALIZATION_ERROR
5724,DOC-0358,certificate,scanner_copy,field_12,0,0,0.5698,0.2387,1.0541,1.0251,NORMALIZATION_ERROR
5725,DOC-0358,certificate,scanner_copy,field_13,0,0,0.5052,0.6666,2.9122,2.564,NORMALIZATION_ERROR
5726,DOC-0358,certificate,scanner_copy,field_14,0,0,0.5332,0.3808,1.3252,2.7271,NORMALIZATION_ERROR
5727,DOC-0358,certificate,scanner_copy,field_15,0,0,0.6916,0.2841,2.5368,1.8722,NORMALIZATION_ERROR
5728,DOC-0358,certificate,scanner_copy,field_16,0,0,0.6125,0.6731,2.7393,1.9885,NORMALIZATION_ERROR
5729,DOC-0359,marksheet,mobile_camera,field_1,0,0,0.3252,0.2315,1.562,0.8714,NORMALIZATION_ERROR
5730,DOC-0359,marksheet,mobile_camera,field_2,0,0,0.6717,0.5617,1.4082,2.6394,NORMALIZATION_ERROR
5731,DOC-0359,marksheet,mobile_camera,field_3,0,0,0.3774,0.3506,1.7469,1.6191,NORMALIZATION_ERROR
5732,DOC-0359,marksheet,mobile_camera,field_4,0,0,0.4273,0.4445,2.2222,2.9705,NORMALIZATION_ERROR
5733,DOC-0359,marksheet,mobile_camera,field_5,0,0,0.328,0.2711,1.1585,2.1769,NORMALIZATION_ERROR
5734,DOC-0359,marksheet,mobile_camera,field_6,0,0,0.3273,0.6182,2.5358,1.9594,NORMALIZATION_ERROR
5735,DOC-0359,marksheet,mobile_camera,field_7,0,0,0.5808,0.2854,1.5931,1.5014,NORMALIZATION_ERROR
5736,DOC-0359,marksheet,mobile_camera,field_8,0,0,0.5967,0.3051,1.349,2.9343,NORMALIZATION_ERROR
5737,DOC-0359,marksheet,mobile_camera,field_9,0,0,0.311,0.6013,3.3641,1.4539,NORMALIZATION_ERROR
5738,DOC-0359,marksheet,mobile_camera,field_10,0,0,0.3678,0.2728,3.0923,2.2142,NORMALIZATION_ERROR
5739,DOC-0359,marksheet,mobile_camera,field_11,0,0,0.6914,0.6687,3.0758,1.1429,NORMALIZATION_ERROR
5740,DOC-0359,marksheet,mobile_camera,field_12,0,0,0.4217,0.6211,1.6279,0.9595,NORMALIZATION_ERROR
5741,DOC-0359,marksheet,mobile_camera,field_13,0,0,0.6516,0.4013,3.7601,2.2306,NORMALIZATION_ERROR
5742,DOC-0359,marksheet,mobile_camera,field_14,0,0,0.3452,0.6739,1.7757,1.5419,NORMALIZATION_ERROR
5743,DOC-0359,marksheet,mobile_camera,field_15,0,0,0.5011,0.2256,2.4895,1.0713,NORMALIZATION_ERROR
5744,DOC-0359,marksheet,mobile_camera,field_16,0,0,0.5005,0.3754,3.3185,2.567,NORMALIZATION_ERROR
5745,DOC-0360,student_id,rotated_90,field_1,0,0,0.3767,0.3833,2.1201,1.1331,NORMALIZATION_ERROR
5746,DOC-0360,student_id,rotated_90,field_2,0,0,0.6992,0.5536,1.5711,1.6068,NORMALIZATION_ERROR
5747,DOC-0360,student_id,rotated_90,field_3,0,0,0.3529,0.5141,1.3641,2.9691,NORMALIZATION_ERROR
5748,DOC-0360,student_id,rotated_90,field_4,0,0,0.6903,0.3951,2.7357,2.805,NORMALIZATION_ERROR
5749,DOC-0360,student_id,rotated_90,field_5,0,0,0.577,0.2872,2.1361,2.6549,NORMALIZATION_ERROR
5750,DOC-0360,student_id,rotated_90,field_6,0,0,0.6221,0.5254,3.6005,2.7667,NORMALIZATION_ERROR
5751,DOC-0360,student_id,rotated_90,field_7,0,0,0.7599,0.2474,2.6324,2.4291,NORMALIZATION_ERROR
5752,DOC-0360,student_id,rotated_90,field_8,0,0,0.6785,0.5034,1.5004,2.5543,NORMALIZATION_ERROR
5753,DOC-0360,student_id,rotated_90,field_9,0,0,0.6601,0.2431,2.3914,1.1828,NORMALIZATION_ERROR
5754,DOC-0360,student_id,rotated_90,field_10,0,0,0.4687,0.209,2.201,2.0097,NORMALIZATION_ERROR
5755,DOC-0360,student_id,rotated_90,field_11,0,0,0.6098,0.5317,3.5089,1.274,NORMALIZATION_ERROR
5756,DOC-0360,student_id,rotated_90,field_12,0,0,0.3602,0.6258,1.4698,2.9445,NORMALIZATION_ERROR
5757,DOC-0360,student_id,rotated_90,field_13,0,0,0.7213,0.4504,3.9443,1.0142,NORMALIZATION_ERROR
5758,DOC-0360,student_id,rotated_90,field_14,0,0,0.4515,0.5191,2.05,2.8424,NORMALIZATION_ERROR
5759,DOC-0360,student_id,rotated_90,field_15,0,0,0.3328,0.4747,2.7726,2.236,NORMALIZATION_ERROR
5760,DOC-0360,student_id,rotated_90,field_16,0,0,0.4278,0.3823,3.531,1.2289,NORMALIZATION_ERROR
